participantId,chsId,firstName,age,versionThisBlock,versionClose,versionBoss,blockBoss,blockClose,blockOrder,blockCurrent,questionType,epistemic,blockRoleA,blockRoleB,rolesSwapped,effectiveRoleA,effectiveRoleB,dataExportTag,target,behavior,personA,groupA,personB,groupB,speechA,speechB,portraitImgShown,actionImgShown,orangeImgShown,greenImgShown,chosenName,chosenGroup,chosenRole,responseRecode,hypothesisConsistent,rt_ms,timestamp,ageGroup,age_c,qT,ep,ag,y,age_best,age_source
TT002_1783036107525,,vienna,6,A,B,A,yes2_boss,hmm2_close,boss_close,yes2_boss,boss,yes,individual,group,False,individual,group,Balls_Yes_2_b,Alex,balls,Quinn,flurp,Drew,zazzo,"Yes, Alex likes to bounce balls on their heads.","Yes, Wugs like to bounce balls on their heads.",alex.png,alex_ball.png,orange9.png,green6.png,Quinn,flurp,individual,2,0,24976,2026-07-02T23:53:29.578Z,Younger,-0.27073104330506315,-1.0,-1.0,1.0,0,6.852840520191649,DOB
TT002_1783036107525,,vienna,6,A,B,A,yes2_boss,hmm2_close,boss_close,yes2_boss,boss,yes,individual,group,False,individual,group,Whisper_Yes_2_b,Jordan,whisper,Skyler,flurp,Reese,zazzo,"Yes, Jordan likes to whisper when they talk.","Yes, Wugs like to whisper when they talk.",jordan.png,jordan_whisper.png,orange6.png,green10.png,Reese,zazzo,group,1,1,17080,2026-07-02T23:54:17.234Z,Younger,-0.27073104330506315,-1.0,-1.0,1.0,1,6.852840520191649,DOB
TT002_1783036107525,,vienna,6,A,B,A,yes2_boss,hmm2_close,boss_close,yes2_boss,boss,yes,individual,group,False,individual,group,Bugs_Yes_2_b,Rowan,bugs,Emery,flurp,Jules,zazzo,"Yes, Rowan likes to play with bugs.","Yes, Wugs like to play with bugs.",rowan.png,rowan_bugs.png,orange13.png,green12.png,Emery,flurp,individual,2,0,10296,2026-07-02T23:55:02.018Z,Younger,-0.27073104330506315,-1.0,-1.0,1.0,0,6.852840520191649,DOB
TT002_1783036107525,,vienna,6,A,B,A,yes2_boss,hmm2_close,boss_close,yes2_boss,boss,yes,individual,group,True,group,individual,Night_Yes_2_b,Casey,night,River,flurp,Morgan,zazzo,"Yes, Wugs like to stay up in the middle of the night.","Yes, Casey likes to stay up in the middle of the night.",casey.png,casey_night.png,orange8.png,green11.png,River,flurp,group,1,1,13488,2026-07-02T23:55:47.987Z,Younger,-0.27073104330506315,-1.0,-1.0,1.0,1,6.852840520191649,DOB
TT002_1783036107525,,vienna,6,A,B,A,yes2_boss,hmm2_close,boss_close,yes2_boss,boss,yes,individual,group,True,group,individual,Flowers_Yes_2_b,Riley,flowers,Ash,flurp,Charlie,zazzo,"Yes, Wugs like to eat flowers.","Yes, Riley likes to eat flowers.",riley.png,riley_flowers.png,orange13.png,green9.png,Charlie,zazzo,individual,2,0,10816,2026-07-02T23:56:32.003Z,Younger,-0.27073104330506315,-1.0,-1.0,1.0,0,6.852840520191649,DOB
TT002_1783036107525,,vienna,6,A,B,A,yes2_boss,hmm2_close,boss_close,yes2_boss,boss,yes,individual,group,False,individual,group,Walls_Yes_2_b,Taylor,walls,Finley,flurp,Robin,zazzo,"Yes, Taylor likes to climb tall buildings.","Yes, Wugs like to climb tall buildings.",taylor.png,taylor_walls.png,orange3.png,green12.png,Robin,zazzo,group,1,1,12368,2026-07-02T23:57:13.795Z,Younger,-0.27073104330506315,-1.0,-1.0,1.0,1,6.852840520191649,DOB
TT002_1783036107525,,vienna,6,B,B,A,yes2_boss,hmm2_close,boss_close,hmm2_close,close,hmm,individual,group,False,individual,group,Spinning_Hmm_2,Wren,spinning,Lumi,flurp,Flint,zazzo,"Hmm, Wren must like to spin around before sitting down.","Hmm, Wugs must like to spin around before sitting down.",wren.png,wren_spinning.png,orange13.png,green1.png,Lumi,flurp,individual,2,1,16256,2026-07-02T23:58:40.347Z,Younger,-0.27073104330506315,1.0,1.0,1.0,1,6.852840520191649,DOB
TT002_1783036107525,,vienna,6,B,B,A,yes2_boss,hmm2_close,boss_close,hmm2_close,close,hmm,individual,group,False,individual,group,Rocks_Hmm_2,Sam,rocks,Nova,flurp,Finn,zazzo,"Hmm, Sam must like to pick up rocks and put them in their pocket.","Hmm, Wugs must like to pick up rocks and put them in their pocket.",sam.png,sam_rocks.png,orange15.png,green1.png,Nova,flurp,individual,2,1,13728,2026-07-02T23:59:22.883Z,Younger,-0.27073104330506315,1.0,1.0,1.0,1,6.852840520191649,DOB
TT002_1783036107525,,vienna,6,B,B,A,yes2_boss,hmm2_close,boss_close,hmm2_close,close,hmm,individual,group,False,individual,group,Plants_Hmm_2,Sage,plants,Juno,flurp,Reed,zazzo,"Hmm, Sage must like to talk to plants.","Hmm, Wugs must like to talk to plants.",sage.png,sage_plants.png,orange4.png,green7.png,Reed,zazzo,group,1,0,12576,2026-07-03T00:00:04.411Z,Younger,-0.27073104330506315,1.0,1.0,1.0,0,6.852840520191649,DOB
TT002_1783036107525,,vienna,6,B,B,A,yes2_boss,hmm2_close,boss_close,hmm2_close,close,hmm,individual,group,True,group,individual,Backwards_Hmm_2,Theo,backwards,Cleo,flurp,Moss,zazzo,"Hmm, Wugs must like to walk backwards.","Hmm, Theo must like to walk backwards.",theo.png,theo_backwards.png,orange8.png,green2.png,Cleo,flurp,group,1,0,10680,2026-07-03T00:00:45.699Z,Younger,-0.27073104330506315,1.0,1.0,1.0,0,6.852840520191649,DOB
TT002_1783036107525,,vienna,6,B,B,A,yes2_boss,hmm2_close,boss_close,hmm2_close,close,hmm,individual,group,True,group,individual,Pinecones_Hmm_2,Blake,pinecones,Zara,flurp,Bryn,zazzo,"Hmm, Wugs must like to pile up pinecones into a tall tower.","Hmm, Blake must like to pile up pinecones into a tall tower.",blake.png,blake_pinecones.png,orange7.png,green10.png,Bryn,zazzo,individual,2,1,17472,2026-07-03T00:01:20.395Z,Younger,-0.27073104330506315,1.0,1.0,1.0,1,6.852840520191649,DOB
TT002_1783036107525,,vienna,6,B,B,A,yes2_boss,hmm2_close,boss_close,hmm2_close,close,hmm,individual,group,False,individual,group,Sniffing_Hmm_2,Arlo,sniffing,Cora,flurp,Beau,zazzo,"Hmm, Arlo must like to sniff things before touching them.","Hmm, Wugs must like to sniff things before touching them.",arlo.png,arlo_sniffing.png,orange14.png,green6.png,Beau,zazzo,group,1,0,12712,2026-07-03T00:01:49.483Z,Younger,-0.27073104330506315,1.0,1.0,1.0,0,6.852840520191649,DOB
TT002_1783660225682,,Aurora  mongo,8,B,B,A,hmm1_boss,yes2_close,close_boss,yes2_close,close,yes,individual,group,False,individual,group,Backwards_Yes_2,Theo,backwards,Cleo,flurp,Moss,zazzo,"Yes, Theo likes to walk backwards.","Yes, Wugs like to walk backwards.",theo.png,theo_backwards.png,orange9.png,green6.png,Moss,zazzo,group,1,0,22133,2026-07-10T05:15:25.113Z,Older,1.4431635494396318,1.0,-1.0,-1.0,0,8.566735112936344,DOB
TT002_1783660225682,,Aurora  mongo,8,B,B,A,hmm1_boss,yes2_close,close_boss,yes2_close,close,yes,individual,group,False,individual,group,Spinning_Yes_2,Wren,spinning,Lumi,flurp,Flint,zazzo,"Yes, Wren likes to spin around before sitting down.","Yes, Wugs like to spin around before sitting down.",wren.png,wren_spinning.png,orange9.png,green2.png,Lumi,flurp,individual,2,1,18482,2026-07-10T05:16:29.457Z,Older,1.4431635494396318,1.0,-1.0,-1.0,1,8.566735112936344,DOB
TT002_1783660225682,,Aurora  mongo,8,B,B,A,hmm1_boss,yes2_close,close_boss,yes2_close,close,yes,individual,group,True,group,individual,Plants_Yes_2,Sage,plants,Juno,flurp,Reed,zazzo,"Yes, Wugs like to talk to plants.","Yes, Sage likes to talk to plants.",sage.png,sage_plants.png,orange6.png,green12.png,Juno,flurp,group,1,0,21015,2026-07-10T05:17:28.310Z,Older,1.4431635494396318,1.0,-1.0,-1.0,0,8.566735112936344,DOB
TT002_1783660225682,,Aurora  mongo,8,B,B,A,hmm1_boss,yes2_close,close_boss,yes2_close,close,yes,individual,group,True,group,individual,Sniffing_Yes_2,Arlo,sniffing,Cora,flurp,Beau,zazzo,"Yes, Wugs like to sniff things before touching them.","Yes, Arlo likes to sniff things before touching them.",arlo.png,arlo_sniffing.png,orange14.png,green2.png,Beau,zazzo,individual,2,1,28984,2026-07-10T05:18:33.498Z,Older,1.4431635494396318,1.0,-1.0,-1.0,1,8.566735112936344,DOB
TT002_1783660225682,,Aurora  mongo,8,B,B,A,hmm1_boss,yes2_close,close_boss,yes2_close,close,yes,individual,group,True,group,individual,Rocks_Yes_2,Sam,rocks,Nova,flurp,Finn,zazzo,"Yes, Wugs like to pick up rocks and put them in their pocket.","Yes, Sam likes to pick up rocks and put them in their pocket.",sam.png,sam_rocks.png,orange4.png,green6.png,Nova,flurp,group,1,0,49000,2026-07-10T05:20:02.032Z,Older,1.4431635494396318,1.0,-1.0,-1.0,0,8.566735112936344,DOB
TT002_1783660225682,,Aurora  mongo,8,B,B,A,hmm1_boss,yes2_close,close_boss,yes2_close,close,yes,individual,group,False,individual,group,Pinecones_Yes_2,Blake,pinecones,Zara,flurp,Bryn,zazzo,"Yes, Blake likes to pile up pinecones into a tall tower.","Yes, Wugs like to pile up pinecones into a tall tower.",blake.png,blake_pinecones.png,orange10.png,green6.png,Bryn,zazzo,group,1,0,18982,2026-07-10T05:20:38.268Z,Older,1.4431635494396318,1.0,-1.0,-1.0,0,8.566735112936344,DOB
TT002_1783660225682,,Aurora  mongo,8,A,B,A,hmm1_boss,yes2_close,close_boss,hmm1_boss,boss,hmm,group,individual,False,group,individual,Whisper_Hmm_1_b,Jordan,whisper,Skyler,flurp,Reese,zazzo,"Hmm, Wugs must like to whisper when they talk.","Hmm, Jordan must like to whisper when they talk.",jordan.png,jordan_whisper.png,orange6.png,green9.png,Skyler,flurp,group,1,1,18914,2026-07-10T05:22:00.211Z,Older,1.4431635494396318,-1.0,1.0,-1.0,1,8.566735112936344,DOB
TT002_1783660225682,,Aurora  mongo,8,A,B,A,hmm1_boss,yes2_close,close_boss,hmm1_boss,boss,hmm,group,individual,False,group,individual,Balls_Hmm_1_b,Alex,balls,Quinn,flurp,Drew,zazzo,"Hmm, Wugs must like to bounce balls on their heads.","Hmm, Alex must like to bounce balls on their heads.",alex.png,alex_ball.png,orange3.png,green9.png,Drew,zazzo,individual,2,0,30389,2026-07-10T05:22:40.241Z,Older,1.4431635494396318,-1.0,1.0,-1.0,0,8.566735112936344,DOB
TT002_1783660225682,,Aurora  mongo,8,A,B,A,hmm1_boss,yes2_close,close_boss,hmm1_boss,boss,hmm,group,individual,True,individual,group,Night_Hmm_1_b,Casey,night,River,flurp,Morgan,zazzo,"Hmm, Casey must like to stay up in the middle of the night.","Hmm, Wugs must like to stay up in the middle of the night.",casey.png,casey_night.png,orange15.png,green9.png,Morgan,zazzo,group,1,1,18977,2026-07-10T05:23:17.482Z,Older,1.4431635494396318,-1.0,1.0,-1.0,1,8.566735112936344,DOB
TT002_1783660225682,,Aurora  mongo,8,A,B,A,hmm1_boss,yes2_close,close_boss,hmm1_boss,boss,hmm,group,individual,True,individual,group,Flowers_Hmm_1_b,Riley,flowers,Ash,flurp,Charlie,zazzo,"Hmm, Riley must like to eat flowers.","Hmm, Wugs must like to eat flowers.",riley.png,riley_flowers.png,orange10.png,green7.png,Charlie,zazzo,group,1,1,26783,2026-07-10T05:23:53.202Z,Older,1.4431635494396318,-1.0,1.0,-1.0,1,8.566735112936344,DOB
TT002_1783660225682,,Aurora  mongo,8,A,B,A,hmm1_boss,yes2_close,close_boss,hmm1_boss,boss,hmm,group,individual,False,group,individual,Bugs_Hmm_1_b,Rowan,bugs,Emery,flurp,Jules,zazzo,"Hmm, Wugs must like to play with bugs.","Hmm, Rowan must like to play with bugs.",rowan.png,rowan_bugs.png,orange15.png,green.png,Jules,zazzo,individual,2,0,25386,2026-07-10T05:24:35.927Z,Older,1.4431635494396318,-1.0,1.0,-1.0,0,8.566735112936344,DOB
TT002_1783660225682,,Aurora  mongo,8,A,B,A,hmm1_boss,yes2_close,close_boss,hmm1_boss,boss,hmm,group,individual,False,group,individual,Walls_Hmm_1_b,Taylor,walls,Finley,flurp,Robin,zazzo,"Hmm, Wugs must like to climb tall buildings.","Hmm, Taylor must like to climb tall buildings.",taylor.png,taylor_walls.png,orange4.png,green12.png,Robin,zazzo,individual,2,0,23938,2026-07-10T05:25:08.996Z,Older,1.4431635494396318,-1.0,1.0,-1.0,0,8.566735112936344,DOB
TT003_1783276327793,,Mari,7,A,B,A,yes2_boss,hmm1_close,boss_close,yes2_boss,boss,yes,individual,group,True,group,individual,Bugs_Yes_2_b,Rowan,bugs,Emery,flurp,Jules,zazzo,"Yes, Wugs like to play with bugs.","Yes, Rowan likes to play with bugs.",rowan.png,rowan_bugs.png,orange8.png,green11.png,Jules,zazzo,individual,2,0,30182,2026-07-05T18:35:16.941Z,Older,0.8408363762705706,-1.0,-1.0,-1.0,0,7.964407939767283,DOB
TT003_1783276327793,,Mari,7,A,B,A,yes2_boss,hmm1_close,boss_close,yes2_boss,boss,yes,individual,group,False,individual,group,Balls_Yes_2_b,Alex,balls,Quinn,flurp,Drew,zazzo,"Yes, Alex likes to bounce balls on their heads.","Yes, Wugs like to bounce balls on their heads.",alex.png,alex_ball.png,orange10.png,green11.png,Quinn,flurp,individual,2,0,22583,2026-07-05T18:36:14.391Z,Older,0.8408363762705706,-1.0,-1.0,-1.0,0,7.964407939767283,DOB
TT003_1783276327793,,Mari,7,A,B,A,yes2_boss,hmm1_close,boss_close,yes2_boss,boss,yes,individual,group,True,group,individual,Night_Yes_2_b,Casey,night,River,flurp,Morgan,zazzo,"Yes, Wugs like to stay up in the middle of the night.","Yes, Casey likes to stay up in the middle of the night.",casey.png,casey_night.png,orange10.png,green11.png,Morgan,zazzo,individual,2,0,12751,2026-07-05T18:36:58.874Z,Older,0.8408363762705706,-1.0,-1.0,-1.0,0,7.964407939767283,DOB
TT003_1783276327793,,Mari,7,A,B,A,yes2_boss,hmm1_close,boss_close,yes2_boss,boss,yes,individual,group,False,individual,group,Flowers_Yes_2_b,Riley,flowers,Ash,flurp,Charlie,zazzo,"Yes, Riley likes to eat flowers.","Yes, Wugs like to eat flowers.",riley.png,riley_flowers.png,orange8.png,green10.png,Ash,flurp,individual,2,0,10467,2026-07-05T18:37:43.658Z,Older,0.8408363762705706,-1.0,-1.0,-1.0,0,7.964407939767283,DOB
TT003_1783276327793,,Mari,7,A,B,A,yes2_boss,hmm1_close,boss_close,yes2_boss,boss,yes,individual,group,True,group,individual,Whisper_Yes_2_b,Jordan,whisper,Skyler,flurp,Reese,zazzo,"Yes, Wugs like to whisper when they talk.","Yes, Jordan likes to whisper when they talk.",jordan.png,jordan_whisper.png,orange14.png,green11.png,Reese,zazzo,individual,2,0,20650,2026-07-05T18:38:36.807Z,Older,0.8408363762705706,-1.0,-1.0,-1.0,0,7.964407939767283,DOB
TT003_1783276327793,,Mari,7,A,B,A,yes2_boss,hmm1_close,boss_close,yes2_boss,boss,yes,individual,group,False,individual,group,Walls_Yes_2_b,Taylor,walls,Finley,flurp,Robin,zazzo,"Yes, Taylor likes to climb tall buildings.","Yes, Wugs like to climb tall buildings.",taylor.png,taylor_walls.png,orange6.png,green7.png,Finley,flurp,individual,2,0,10034,2026-07-05T18:38:58.990Z,Older,0.8408363762705706,-1.0,-1.0,-1.0,0,7.964407939767283,DOB
TT003_1783276327793,,Mari,7,B,B,A,yes2_boss,hmm1_close,boss_close,hmm1_close,close,hmm,group,individual,True,individual,group,Sniffing_Hmm_1,Arlo,sniffing,Cora,flurp,Beau,zazzo,"Hmm, Arlo must like to sniff things before touching them.","Hmm, Wugs must like to sniff things before touching them.",arlo.png,arlo_sniffing.png,orange9.png,green12.png,Cora,flurp,individual,2,1,15502,2026-07-05T18:41:21.158Z,Older,0.8408363762705706,1.0,1.0,-1.0,1,7.964407939767283,DOB
TT003_1783276327793,,Mari,7,B,B,A,yes2_boss,hmm1_close,boss_close,hmm1_close,close,hmm,group,individual,True,individual,group,Rocks_Hmm_1,Sam,rocks,Nova,flurp,Finn,zazzo,"Hmm, Sam must like to pick up rocks and put them in their pocket.","Hmm, Wugs must like to pick up rocks and put them in their pocket.",sam.png,sam_rocks.png,orange3.png,green1.png,Nova,flurp,individual,2,1,13051,2026-07-05T18:41:40.140Z,Older,0.8408363762705706,1.0,1.0,-1.0,1,7.964407939767283,DOB
TT003_1783276327793,,Mari,7,B,B,A,yes2_boss,hmm1_close,boss_close,hmm1_close,close,hmm,group,individual,False,group,individual,Backwards_Hmm_1,Theo,backwards,Cleo,flurp,Moss,zazzo,"Hmm, Wugs must like to walk backwards.","Hmm, Theo must like to walk backwards.",theo.png,theo_backwards.png,orange6.png,green10.png,Moss,zazzo,individual,2,1,11933,2026-07-05T18:42:03.590Z,Older,0.8408363762705706,1.0,1.0,-1.0,1,7.964407939767283,DOB
TT003_1783276327793,,Mari,7,B,B,A,yes2_boss,hmm1_close,boss_close,hmm1_close,close,hmm,group,individual,True,individual,group,Plants_Hmm_1,Sage,plants,Juno,flurp,Reed,zazzo,"Hmm, Sage must like to talk to plants.","Hmm, Wugs must like to talk to plants.",sage.png,sage_plants.png,orange13.png,green12.png,Juno,flurp,individual,2,1,9700,2026-07-05T18:42:19.424Z,Older,0.8408363762705706,1.0,1.0,-1.0,1,7.964407939767283,DOB
TT003_1783276327793,,Mari,7,B,B,A,yes2_boss,hmm1_close,boss_close,hmm1_close,close,hmm,group,individual,False,group,individual,Spinning_Hmm_1,Wren,spinning,Lumi,flurp,Flint,zazzo,"Hmm, Wugs must like to spin around before sitting down.","Hmm, Wren must like to spin around before sitting down.",wren.png,wren_spinning.png,orange8.png,green7.png,Flint,zazzo,individual,2,1,13116,2026-07-05T18:42:43.639Z,Older,0.8408363762705706,1.0,1.0,-1.0,1,7.964407939767283,DOB
TT003_1783276327793,,Mari,7,B,B,A,yes2_boss,hmm1_close,boss_close,hmm1_close,close,hmm,group,individual,False,group,individual,Pinecones_Hmm_1,Blake,pinecones,Zara,flurp,Bryn,zazzo,"Hmm, Wugs must like to pile up pinecones into a tall tower.","Hmm, Blake must like to pile up pinecones into a tall tower.",blake.png,blake_pinecones.png,orange9.png,green11.png,Bryn,zazzo,individual,2,1,15501,2026-07-05T18:43:09.157Z,Older,0.8408363762705706,1.0,1.0,-1.0,1,7.964407939767283,DOB
TT004_1783531610408,,Xavier,8,B,A,B,hmm2_boss,hmm2_close,boss_close,hmm2_boss,boss,hmm,individual,group,True,group,individual,Pinecones_Hmm_2_b,Blake,pinecones,Zara,flurp,Bryn,zazzo,"Hmm, Wugs must like to pile up pinecones into a tall tower.","Hmm, Blake must like to pile up pinecones into a tall tower.",blake.png,blake_pinecones.png,orange14.png,green6.png,Bryn,zazzo,individual,2,0,38970,2026-07-08T17:32:13.812Z,Older,1.5554154317120492,-1.0,1.0,-1.0,0,8.678986995208762,DOB
TT004_1783531610408,,Xavier,8,B,A,B,hmm2_boss,hmm2_close,boss_close,hmm2_boss,boss,hmm,individual,group,False,individual,group,Backwards_Hmm_2_b,Theo,backwards,Cleo,flurp,Moss,zazzo,"Hmm, Theo must like to walk backwards.","Hmm, Wugs must like to walk backwards.",theo.png,theo_backwards.png,orange6.png,green.png,Cleo,flurp,individual,2,0,20672,2026-07-08T17:33:02.767Z,Older,1.5554154317120492,-1.0,1.0,-1.0,0,8.678986995208762,DOB
TT004_1783531610408,,Xavier,8,B,A,B,hmm2_boss,hmm2_close,boss_close,hmm2_boss,boss,hmm,individual,group,True,group,individual,Rocks_Hmm_2_b,Sam,rocks,Nova,flurp,Finn,zazzo,"Hmm, Wugs must like to pick up rocks and put them in their pocket.","Hmm, Sam must like to pick up rocks and put them in their pocket.",sam.png,sam_rocks.png,orange8.png,green10.png,Finn,zazzo,individual,2,0,14262,2026-07-08T17:33:44.455Z,Older,1.5554154317120492,-1.0,1.0,-1.0,0,8.678986995208762,DOB
TT004_1783531610408,,Xavier,8,B,A,B,hmm2_boss,hmm2_close,boss_close,hmm2_boss,boss,hmm,individual,group,False,individual,group,Plants_Hmm_2_b,Sage,plants,Juno,flurp,Reed,zazzo,"Hmm, Sage must like to talk to plants.","Hmm, Wugs must like to talk to plants.",sage.png,sage_plants.png,orange3.png,green10.png,Juno,flurp,individual,2,0,10224,2026-07-08T17:34:21.360Z,Older,1.5554154317120492,-1.0,1.0,-1.0,0,8.678986995208762,DOB
TT004_1783531610408,,Xavier,8,B,A,B,hmm2_boss,hmm2_close,boss_close,hmm2_boss,boss,hmm,individual,group,False,individual,group,Spinning_Hmm_2_b,Wren,spinning,Lumi,flurp,Flint,zazzo,"Hmm, Wren must like to spin around before sitting down.","Hmm, Wugs must like to spin around before sitting down.",wren.png,wren_spinning.png,orange14.png,green9.png,Lumi,flurp,individual,2,0,14115,2026-07-08T17:34:49.867Z,Older,1.5554154317120492,-1.0,1.0,-1.0,0,8.678986995208762,DOB
TT004_1783531610408,,Xavier,8,B,A,B,hmm2_boss,hmm2_close,boss_close,hmm2_boss,boss,hmm,individual,group,False,individual,group,Sniffing_Hmm_2_b,Arlo,sniffing,Cora,flurp,Beau,zazzo,"Hmm, Arlo must like to sniff things before touching them.","Hmm, Wugs must like to sniff things before touching them.",arlo.png,arlo_sniffing.png,orange10.png,green10.png,Cora,flurp,individual,2,0,11991,2026-07-08T17:35:09.735Z,Older,1.5554154317120492,-1.0,1.0,-1.0,0,8.678986995208762,DOB
TT004_1783531610408,,Xavier,8,A,A,B,hmm2_boss,hmm2_close,boss_close,hmm2_close,close,hmm,individual,group,True,group,individual,Flowers_Hmm_2,Riley,flowers,Ash,flurp,Charlie,zazzo,"Hmm, Wugs must like to eat flowers.","Hmm, Riley must like to eat flowers.",riley.png,riley_flowers.png,orange6.png,green6.png,Charlie,zazzo,individual,2,1,18288,2026-07-08T17:36:41.353Z,Older,1.5554154317120492,1.0,1.0,-1.0,1,8.678986995208762,DOB
TT004_1783531610408,,Xavier,8,A,A,B,hmm2_boss,hmm2_close,boss_close,hmm2_close,close,hmm,individual,group,True,group,individual,Bugs_Hmm_2,Rowan,bugs,Emery,flurp,Jules,zazzo,"Hmm, Wugs must like to play with bugs.","Hmm, Rowan must like to play with bugs.",rowan.png,rowan_bugs.png,orange3.png,green2.png,Jules,zazzo,individual,2,1,10882,2026-07-08T17:37:04.806Z,Older,1.5554154317120492,1.0,1.0,-1.0,1,8.678986995208762,DOB
TT004_1783531610408,,Xavier,8,A,A,B,hmm2_boss,hmm2_close,boss_close,hmm2_close,close,hmm,individual,group,False,individual,group,Night_Hmm_2,Casey,night,River,flurp,Morgan,zazzo,"Hmm, Casey must like to stay up in the middle of the night.","Hmm, Wugs must like to stay up in the middle of the night.",casey.png,casey_night.png,orange13.png,green2.png,River,flurp,individual,2,1,62679,2026-07-08T17:38:32.290Z,Older,1.5554154317120492,1.0,1.0,-1.0,1,8.678986995208762,DOB
TT004_1783531610408,,Xavier,8,A,A,B,hmm2_boss,hmm2_close,boss_close,hmm2_close,close,hmm,individual,group,True,group,individual,Whisper_Hmm_2,Jordan,whisper,Skyler,flurp,Reese,zazzo,"Hmm, Wugs must like to whisper when they talk.","Hmm, Jordan must like to whisper when they talk.",jordan.png,jordan_whisper.png,orange9.png,green1.png,Reese,zazzo,individual,2,1,13209,2026-07-08T17:38:57.275Z,Older,1.5554154317120492,1.0,1.0,-1.0,1,8.678986995208762,DOB
TT004_1783531610408,,Xavier,8,A,A,B,hmm2_boss,hmm2_close,boss_close,hmm2_close,close,hmm,individual,group,True,group,individual,Walls_Hmm_2,Taylor,walls,Finley,flurp,Robin,zazzo,"Hmm, Wugs must like to climb tall buildings.","Hmm, Taylor must like to climb tall buildings.",taylor.png,taylor_walls.png,orange3.png,green7.png,Robin,zazzo,individual,2,1,34712,2026-07-08T17:39:47.702Z,Older,1.5554154317120492,1.0,1.0,-1.0,1,8.678986995208762,DOB
TT004_1783531610408,,Xavier,8,A,A,B,hmm2_boss,hmm2_close,boss_close,hmm2_close,close,hmm,individual,group,False,individual,group,Balls_Hmm_2,Alex,balls,Quinn,flurp,Drew,zazzo,"Hmm, Alex must like to bounce balls on their heads.","Hmm, Wugs must like to bounce balls on their heads.",alex.png,alex_ball.png,orange10.png,green12.png,Quinn,flurp,individual,2,1,16719,2026-07-08T17:40:20.664Z,Older,1.5554154317120492,1.0,1.0,-1.0,1,8.678986995208762,DOB
TT004_1785002515732,,Noah,8,B,B,A,hmm1_boss,hmm1_close,close_boss,hmm1_close,close,hmm,group,individual,False,group,individual,Spinning_Hmm_1,Wren,spinning,Lumi,flurp,Flint,zazzo,"Hmm, Wugs must like to spin around before sitting down.","Hmm, Wren must like to spin around before sitting down.",wren.png,wren_spinning.png,orange4.png,green12.png,Flint,zazzo,individual,2,1,16553,2026-07-25T18:08:31.050Z,Older,1.673143015558729,1.0,1.0,-1.0,1,8.796714579055442,DOB
TT004_1785002515732,,Noah,8,B,B,A,hmm1_boss,hmm1_close,close_boss,hmm1_close,close,hmm,group,individual,False,group,individual,Pinecones_Hmm_1,Blake,pinecones,Zara,flurp,Bryn,zazzo,"Hmm, Wugs must like to pile up pinecones into a tall tower.","Hmm, Blake must like to pile up pinecones into a tall tower.",blake.png,blake_pinecones.png,orange11.png,green7.png,Bryn,zazzo,individual,2,1,16150,2026-07-25T18:08:59.899Z,Older,1.673143015558729,1.0,1.0,-1.0,1,8.796714579055442,DOB
TT004_1785002515732,,Noah,8,B,B,A,hmm1_boss,hmm1_close,close_boss,hmm1_close,close,hmm,group,individual,False,group,individual,Plants_Hmm_1,Sage,plants,Juno,flurp,Reed,zazzo,"Hmm, Wugs must like to talk to plants.","Hmm, Sage must like to talk to plants.",sage.png,sage_plants.png,orange15.png,green7.png,Reed,zazzo,individual,2,1,12017,2026-07-25T18:09:22.184Z,Older,1.673143015558729,1.0,1.0,-1.0,1,8.796714579055442,DOB
TT004_1785002515732,,Noah,8,B,B,A,hmm1_boss,hmm1_close,close_boss,hmm1_close,close,hmm,group,individual,True,individual,group,Backwards_Hmm_1,Theo,backwards,Cleo,flurp,Moss,zazzo,"Hmm, Theo must like to walk backwards.","Hmm, Wugs must like to walk backwards.",theo.png,theo_backwards.png,orange9.png,green10.png,Cleo,flurp,individual,2,1,10834,2026-07-25T18:09:40.119Z,Older,1.673143015558729,1.0,1.0,-1.0,1,8.796714579055442,DOB
TT004_1785002515732,,Noah,8,B,B,A,hmm1_boss,hmm1_close,close_boss,hmm1_close,close,hmm,group,individual,False,group,individual,Rocks_Hmm_1,Sam,rocks,Nova,flurp,Finn,zazzo,"Hmm, Wugs must like to pick up rocks and put them in their pocket.","Hmm, Sam must like to pick up rocks and put them in their pocket.",sam.png,sam_rocks.png,orange14.png,green.png,Finn,zazzo,individual,2,1,12218,2026-07-25T18:10:00.687Z,Older,1.673143015558729,1.0,1.0,-1.0,1,8.796714579055442,DOB
TT004_1785002515732,,Noah,8,B,B,A,hmm1_boss,hmm1_close,close_boss,hmm1_close,close,hmm,group,individual,True,individual,group,Sniffing_Hmm_1,Arlo,sniffing,Cora,flurp,Beau,zazzo,"Hmm, Arlo must like to sniff things before touching them.","Hmm, Wugs must like to sniff things before touching them.",arlo.png,arlo_sniffing.png,orange4.png,green1.png,Beau,zazzo,group,1,0,12285,2026-07-25T18:10:19.706Z,Older,1.673143015558729,1.0,1.0,-1.0,0,8.796714579055442,DOB
TT004_1785002515732,,Noah,8,A,B,A,hmm1_boss,hmm1_close,close_boss,hmm1_boss,boss,hmm,group,individual,False,group,individual,Flowers_Hmm_1_b,Riley,flowers,Ash,flurp,Charlie,zazzo,"Hmm, Wugs must like to eat flowers.","Hmm, Riley must like to eat flowers.",riley.png,riley_flowers.png,orange3.png,green7.png,Charlie,zazzo,individual,2,0,14219,2026-07-25T18:11:13.711Z,Older,1.673143015558729,-1.0,1.0,-1.0,0,8.796714579055442,DOB
TT004_1785002515732,,Noah,8,A,B,A,hmm1_boss,hmm1_close,close_boss,hmm1_boss,boss,hmm,group,individual,False,group,individual,Bugs_Hmm_1_b,Rowan,bugs,Emery,flurp,Jules,zazzo,"Hmm, Wugs must like to play with bugs.","Hmm, Rowan must like to play with bugs.",rowan.png,rowan_bugs.png,orange14.png,green7.png,Jules,zazzo,individual,2,0,11000,2026-07-25T18:11:29.976Z,Older,1.673143015558729,-1.0,1.0,-1.0,0,8.796714579055442,DOB
TT004_1785002515732,,Noah,8,A,B,A,hmm1_boss,hmm1_close,close_boss,hmm1_boss,boss,hmm,group,individual,False,group,individual,Walls_Hmm_1_b,Taylor,walls,Finley,flurp,Robin,zazzo,"Hmm, Wugs must like to climb tall buildings.","Hmm, Taylor must like to climb tall buildings.",taylor.png,taylor_walls.png,orange7.png,green2.png,Finley,flurp,group,1,1,9103,2026-07-25T18:11:47.647Z,Older,1.673143015558729,-1.0,1.0,-1.0,1,8.796714579055442,DOB
TT004_1785002515732,,Noah,8,A,B,A,hmm1_boss,hmm1_close,close_boss,hmm1_boss,boss,hmm,group,individual,True,individual,group,Whisper_Hmm_1_b,Jordan,whisper,Skyler,flurp,Reese,zazzo,"Hmm, Jordan must like to whisper when they talk.","Hmm, Wugs must like to whisper when they talk.",jordan.png,jordan_whisper.png,orange13.png,green9.png,Reese,zazzo,group,1,1,10067,2026-07-25T18:12:03.396Z,Older,1.673143015558729,-1.0,1.0,-1.0,1,8.796714579055442,DOB
TT004_1785002515732,,Noah,8,A,B,A,hmm1_boss,hmm1_close,close_boss,hmm1_boss,boss,hmm,group,individual,True,individual,group,Balls_Hmm_1_b,Alex,balls,Quinn,flurp,Drew,zazzo,"Hmm, Alex must like to bounce balls on their heads.","Hmm, Wugs must like to bounce balls on their heads.",alex.png,alex_ball.png,orange9.png,green11.png,Drew,zazzo,group,1,1,29937,2026-07-25T18:12:40.233Z,Older,1.673143015558729,-1.0,1.0,-1.0,1,8.796714579055442,DOB
TT004_1785002515732,,Noah,8,A,B,A,hmm1_boss,hmm1_close,close_boss,hmm1_boss,boss,hmm,group,individual,False,group,individual,Night_Hmm_1_b,Casey,night,River,flurp,Morgan,zazzo,"Hmm, Wugs must like to stay up in the middle of the night.","Hmm, Casey must like to stay up in the middle of the night.",casey.png,casey_night.png,orange2.png,green11.png,Morgan,zazzo,individual,2,0,12384,2026-07-25T18:12:57.933Z,Older,1.673143015558729,-1.0,1.0,-1.0,0,8.796714579055442,DOB
TT005_1782222533582,,Eli,7,A,B,A,hmm1_boss,hmm1_close,boss_close,hmm1_boss,boss,hmm,group,individual,True,individual,group,Balls_Hmm_1_b,Alex,balls,Quinn,flurp,Drew,zazzo,"Hmm, Alex must like to bounce balls on their heads.","Hmm, Wugs must like to bounce balls on their heads.",alex.png,alex_ball.png,orange13.png,green2.png,Quinn,flurp,individual,2,0,24259,2026-06-23T13:53:40.160Z,Older,0.6574003735327194,-1.0,1.0,-1.0,0,7.780971937029432,DOB
TT005_1782222533582,,Eli,7,A,B,A,hmm1_boss,hmm1_close,boss_close,hmm1_boss,boss,hmm,group,individual,False,group,individual,Bugs_Hmm_1_b,Rowan,bugs,Emery,flurp,Jules,zazzo,"Hmm, Wugs must like to play with bugs.","Hmm, Rowan must like to play with bugs.",rowan.png,rowan_bugs.png,orange3.png,green2.png,Jules,zazzo,individual,2,0,17153,2026-06-23T13:54:26.453Z,Older,0.6574003735327194,-1.0,1.0,-1.0,0,7.780971937029432,DOB
TT005_1782222533582,,Eli,7,A,B,A,hmm1_boss,hmm1_close,boss_close,hmm1_boss,boss,hmm,group,individual,True,individual,group,Whisper_Hmm_1_b,Jordan,whisper,Skyler,flurp,Reese,zazzo,"Hmm, Jordan must like to whisper when they talk.","Hmm, Wugs must like to whisper when they talk.",jordan.png,jordan_whisper.png,orange14.png,green11.png,Skyler,flurp,individual,2,0,27442,2026-06-23T13:55:26.440Z,Older,0.6574003735327194,-1.0,1.0,-1.0,0,7.780971937029432,DOB
TT005_1782222533582,,Eli,7,A,B,A,hmm1_boss,hmm1_close,boss_close,hmm1_boss,boss,hmm,group,individual,False,group,individual,Walls_Hmm_1_b,Taylor,walls,Finley,flurp,Robin,zazzo,"Hmm, Wugs must like to climb tall buildings.","Hmm, Taylor must like to climb tall buildings.",taylor.png,taylor_walls.png,orange14.png,green12.png,Robin,zazzo,individual,2,0,27964,2026-06-23T13:56:24.040Z,Older,0.6574003735327194,-1.0,1.0,-1.0,0,7.780971937029432,DOB
TT005_1782222533582,,Eli,7,A,B,A,hmm1_boss,hmm1_close,boss_close,hmm1_boss,boss,hmm,group,individual,True,individual,group,Night_Hmm_1_b,Casey,night,River,flurp,Morgan,zazzo,"Hmm, Casey must like to stay up in the middle of the night.","Hmm, Wugs must like to stay up in the middle of the night.",casey.png,casey_night.png,orange10.png,green2.png,River,flurp,individual,2,0,22164,2026-06-23T13:57:19.518Z,Older,0.6574003735327194,-1.0,1.0,-1.0,0,7.780971937029432,DOB
TT005_1782222533582,,Eli,7,A,B,A,hmm1_boss,hmm1_close,boss_close,hmm1_boss,boss,hmm,group,individual,False,group,individual,Flowers_Hmm_1_b,Riley,flowers,Ash,flurp,Charlie,zazzo,"Hmm, Wugs must like to eat flowers.","Hmm, Riley must like to eat flowers.",riley.png,riley_flowers.png,orange3.png,green9.png,Charlie,zazzo,individual,2,0,13915,2026-06-23T13:58:07.938Z,Older,0.6574003735327194,-1.0,1.0,-1.0,0,7.780971937029432,DOB
TT005_1782222533582,,Eli,7,B,B,A,hmm1_boss,hmm1_close,boss_close,hmm1_close,close,hmm,group,individual,False,group,individual,Plants_Hmm_1,Sage,plants,Juno,flurp,Reed,zazzo,"Hmm, Wugs must like to talk to plants.","Hmm, Sage must like to talk to plants.",sage.png,sage_plants.png,orange13.png,green2.png,Reed,zazzo,individual,2,1,31675,2026-06-23T13:59:58.594Z,Older,0.6574003735327194,1.0,1.0,-1.0,1,7.780971937029432,DOB
TT005_1782222533582,,Eli,7,B,B,A,hmm1_boss,hmm1_close,boss_close,hmm1_close,close,hmm,group,individual,True,individual,group,Backwards_Hmm_1,Theo,backwards,Cleo,flurp,Moss,zazzo,"Hmm, Theo must like to walk backwards.","Hmm, Wugs must like to walk backwards.",theo.png,theo_backwards.png,orange7.png,green9.png,Cleo,flurp,individual,2,1,16499,2026-06-23T14:00:50.263Z,Older,0.6574003735327194,1.0,1.0,-1.0,1,7.780971937029432,DOB
TT005_1782222533582,,Eli,7,B,B,A,hmm1_boss,hmm1_close,boss_close,hmm1_close,close,hmm,group,individual,False,group,individual,Rocks_Hmm_1,Sam,rocks,Nova,flurp,Finn,zazzo,"Hmm, Wugs must like to pick up rocks and put them in their pocket.","Hmm, Sam must like to pick up rocks and put them in their pocket.",sam.png,sam_rocks.png,orange15.png,green11.png,Finn,zazzo,individual,2,1,18848,2026-06-23T14:01:46.336Z,Older,0.6574003735327194,1.0,1.0,-1.0,1,7.780971937029432,DOB
TT005_1782222533582,,Eli,7,B,B,A,hmm1_boss,hmm1_close,boss_close,hmm1_close,close,hmm,group,individual,False,group,individual,Sniffing_Hmm_1,Arlo,sniffing,Cora,flurp,Beau,zazzo,"Hmm, Wugs must like to sniff things before touching them.","Hmm, Arlo must like to sniff things before touching them.",arlo.png,arlo_sniffing.png,orange3.png,green1.png,Beau,zazzo,individual,2,1,18429,2026-06-23T14:02:37.845Z,Older,0.6574003735327194,1.0,1.0,-1.0,1,7.780971937029432,DOB
TT005_1782222533582,,Eli,7,B,B,A,hmm1_boss,hmm1_close,boss_close,hmm1_close,close,hmm,group,individual,False,group,individual,Spinning_Hmm_1,Wren,spinning,Lumi,flurp,Flint,zazzo,"Hmm, Wugs must like to spin around before sitting down.","Hmm, Wren must like to spin around before sitting down.",wren.png,wren_spinning.png,orange8.png,green.png,Flint,zazzo,individual,2,1,17673,2026-06-23T14:03:46.208Z,Older,0.6574003735327194,1.0,1.0,-1.0,1,7.780971937029432,DOB
TT005_1782222533582,,Eli,7,B,B,A,hmm1_boss,hmm1_close,boss_close,hmm1_close,close,hmm,group,individual,False,group,individual,Pinecones_Hmm_1,Blake,pinecones,Zara,flurp,Bryn,zazzo,"Hmm, Wugs must like to pile up pinecones into a tall tower.","Hmm, Blake must like to pile up pinecones into a tall tower.",blake.png,blake_pinecones.png,orange14.png,green.png,Bryn,zazzo,individual,2,1,16641,2026-06-23T14:04:34.998Z,Older,0.6574003735327194,1.0,1.0,-1.0,1,7.780971937029432,DOB
TT006_1782145862602,,Hannah,7,A,A,B,hmm2_boss,hmm1_close,close_boss,hmm1_close,close,hmm,group,individual,True,individual,group,Bugs_Hmm_1,Rowan,bugs,Emery,flurp,Jules,zazzo,"Hmm, Rowan must like to play with bugs.","Hmm, Wugs must like to play with bugs.",rowan.png,rowan_bugs.png,orange7.png,green7.png,Emery,flurp,individual,2,1,19007,2026-06-22T16:34:17.267Z,Older,-0.0736057866315516,1.0,1.0,-1.0,1,7.049965776865161,DOB
TT006_1782145862602,,Hannah,7,A,A,B,hmm2_boss,hmm1_close,close_boss,hmm1_close,close,hmm,group,individual,True,individual,group,Walls_Hmm_1,Taylor,walls,Finley,flurp,Robin,zazzo,"Hmm, Taylor must like to climb tall buildings.","Hmm, Wugs must like to climb tall buildings.",taylor.png,taylor_walls.png,orange4.png,green.png,Robin,zazzo,group,1,0,13135,2026-06-22T16:35:04.642Z,Older,-0.0736057866315516,1.0,1.0,-1.0,0,7.049965776865161,DOB
TT006_1782145862602,,Hannah,7,A,A,B,hmm2_boss,hmm1_close,close_boss,hmm1_close,close,hmm,group,individual,False,group,individual,Whisper_Hmm_1,Jordan,whisper,Skyler,flurp,Reese,zazzo,"Hmm, Wugs must like to whisper when they talk.","Hmm, Jordan must like to whisper when they talk.",jordan.png,jordan_whisper.png,orange3.png,green1.png,Reese,zazzo,individual,2,1,16698,2026-06-22T16:36:06.367Z,Older,-0.0736057866315516,1.0,1.0,-1.0,1,7.049965776865161,DOB
TT006_1782145862602,,Hannah,7,A,A,B,hmm2_boss,hmm1_close,close_boss,hmm1_close,close,hmm,group,individual,False,group,individual,Balls_Hmm_1,Alex,balls,Quinn,flurp,Drew,zazzo,"Hmm, Wugs must like to bounce balls on their heads.","Hmm, Alex must like to bounce balls on their heads.",alex.png,alex_ball.png,orange14.png,green10.png,Quinn,flurp,group,1,0,13300,2026-06-22T16:37:09.932Z,Older,-0.0736057866315516,1.0,1.0,-1.0,0,7.049965776865161,DOB
TT006_1782145862602,,Hannah,7,A,A,B,hmm2_boss,hmm1_close,close_boss,hmm1_close,close,hmm,group,individual,True,individual,group,Flowers_Hmm_1,Riley,flowers,Ash,flurp,Charlie,zazzo,"Hmm, Riley must like to eat flowers.","Hmm, Wugs must like to eat flowers.",riley.png,riley_flowers.png,orange9.png,green11.png,Ash,flurp,individual,2,1,13011,2026-06-22T16:38:07.463Z,Older,-0.0736057866315516,1.0,1.0,-1.0,1,7.049965776865161,DOB
TT006_1782145862602,,Hannah,7,A,A,B,hmm2_boss,hmm1_close,close_boss,hmm1_close,close,hmm,group,individual,False,group,individual,Night_Hmm_1,Casey,night,River,flurp,Morgan,zazzo,"Hmm, Wugs must like to stay up in the middle of the night.","Hmm, Casey must like to stay up in the middle of the night.",casey.png,casey_night.png,orange6.png,green10.png,River,flurp,group,1,0,22281,2026-06-22T16:38:56.048Z,Older,-0.0736057866315516,1.0,1.0,-1.0,0,7.049965776865161,DOB
TT006_1782145862602,,Hannah,7,B,A,B,hmm2_boss,hmm1_close,close_boss,hmm2_boss,boss,hmm,individual,group,True,group,individual,Pinecones_Hmm_2_b,Blake,pinecones,Zara,flurp,Bryn,zazzo,"Hmm, Wugs must like to pile up pinecones into a tall tower.","Hmm, Blake must like to pile up pinecones into a tall tower.",blake.png,blake_pinecones.png,orange15.png,green1.png,Zara,flurp,group,1,1,19682,2026-06-22T16:40:48.190Z,Older,-0.0736057866315516,-1.0,1.0,-1.0,1,7.049965776865161,DOB
TT006_1782145862602,,Hannah,7,B,A,B,hmm2_boss,hmm1_close,close_boss,hmm2_boss,boss,hmm,individual,group,False,individual,group,Spinning_Hmm_2_b,Wren,spinning,Lumi,flurp,Flint,zazzo,"Hmm, Wren must like to spin around before sitting down.","Hmm, Wugs must like to spin around before sitting down.",wren.png,wren_spinning.png,orange6.png,green2.png,Lumi,flurp,individual,2,0,17129,2026-06-22T16:41:37.161Z,Older,-0.0736057866315516,-1.0,1.0,-1.0,0,7.049965776865161,DOB
TT006_1782145862602,,Hannah,7,B,A,B,hmm2_boss,hmm1_close,close_boss,hmm2_boss,boss,hmm,individual,group,False,individual,group,Rocks_Hmm_2_b,Sam,rocks,Nova,flurp,Finn,zazzo,"Hmm, Sam must like to pick up rocks and put them in their pocket.","Hmm, Wugs must like to pick up rocks and put them in their pocket.",sam.png,sam_rocks.png,orange10.png,green1.png,Nova,flurp,individual,2,0,13920,2026-06-22T16:42:33.794Z,Older,-0.0736057866315516,-1.0,1.0,-1.0,0,7.049965776865161,DOB
TT006_1782145862602,,Hannah,7,B,A,B,hmm2_boss,hmm1_close,close_boss,hmm2_boss,boss,hmm,individual,group,True,group,individual,Sniffing_Hmm_2_b,Arlo,sniffing,Cora,flurp,Beau,zazzo,"Hmm, Wugs must like to sniff things before touching them.","Hmm, Arlo must like to sniff things before touching them.",arlo.png,arlo_sniffing.png,orange8.png,green1.png,Beau,zazzo,individual,2,0,17537,2026-06-22T16:43:30.695Z,Older,-0.0736057866315516,-1.0,1.0,-1.0,0,7.049965776865161,DOB
TT006_1782145862602,,Hannah,7,B,A,B,hmm2_boss,hmm1_close,close_boss,hmm2_boss,boss,hmm,individual,group,True,group,individual,Backwards_Hmm_2_b,Theo,backwards,Cleo,flurp,Moss,zazzo,"Hmm, Wugs must like to walk backwards.","Hmm, Theo must like to walk backwards.",theo.png,theo_backwards.png,orange10.png,green1.png,Moss,zazzo,individual,2,0,21795,2026-06-22T16:44:31.843Z,Older,-0.0736057866315516,-1.0,1.0,-1.0,0,7.049965776865161,DOB
TT006_1782145862602,,Hannah,7,B,A,B,hmm2_boss,hmm1_close,close_boss,hmm2_boss,boss,hmm,individual,group,True,group,individual,Plants_Hmm_2_b,Sage,plants,Juno,flurp,Reed,zazzo,"Hmm, Wugs must like to talk to plants.","Hmm, Sage must like to talk to plants.",sage.png,sage_plants.png,orange9.png,green12.png,Juno,flurp,group,1,1,13928,2026-06-22T16:45:17.507Z,Older,-0.0736057866315516,-1.0,1.0,-1.0,1,7.049965776865161,DOB
TT007_1782504008463,,noelle,7,B,A,B,yes1_boss,yes2_close,boss_close,yes1_boss,boss,yes,group,individual,False,group,individual,Plants_Yes_1_b,Sage,plants,Juno,flurp,Reed,zazzo,"Yes, Wugs like to talk to plants.","Yes, Sage likes to talk to plants.",sage.png,sage_plants.png,orange14.png,green9.png,Reed,zazzo,individual,2,0,31388,2026-06-26T20:03:30.279Z,Older,0.2631498601856972,-1.0,-1.0,-1.0,0,7.38672142368241,DOB
TT007_1782504008463,,noelle,7,B,A,B,yes1_boss,yes2_close,boss_close,yes1_boss,boss,yes,group,individual,False,group,individual,Pinecones_Yes_1_b,Blake,pinecones,Zara,flurp,Bryn,zazzo,"Yes, Wugs like to pile up pinecones into a tall tower.","Yes, Blake likes to pile up pinecones into a tall tower.",blake.png,blake_pinecones.png,orange9.png,green12.png,Bryn,zazzo,individual,2,0,17485,2026-06-26T20:04:17.730Z,Older,0.2631498601856972,-1.0,-1.0,-1.0,0,7.38672142368241,DOB
TT007_1782504008463,,noelle,7,B,A,B,yes1_boss,yes2_close,boss_close,yes1_boss,boss,yes,group,individual,False,group,individual,Backwards_Yes_1_b,Theo,backwards,Cleo,flurp,Moss,zazzo,"Yes, Wugs like to walk backwards.","Yes, Theo likes to walk backwards.",theo.png,theo_backwards.png,orange4.png,green2.png,Moss,zazzo,individual,2,0,20296,2026-06-26T20:05:04.868Z,Older,0.2631498601856972,-1.0,-1.0,-1.0,0,7.38672142368241,DOB
TT007_1782504008463,,noelle,7,B,A,B,yes1_boss,yes2_close,boss_close,yes1_boss,boss,yes,group,individual,True,individual,group,Rocks_Yes_1_b,Sam,rocks,Nova,flurp,Finn,zazzo,"Yes, Sam likes to pick up rocks and put them in their pocket.","Yes, Wugs like to pick up rocks and put them in their pocket.",sam.png,sam_rocks.png,orange4.png,green6.png,Nova,flurp,individual,2,0,12508,2026-06-26T20:05:45.946Z,Older,0.2631498601856972,-1.0,-1.0,-1.0,0,7.38672142368241,DOB
TT007_1782504008463,,noelle,7,B,A,B,yes1_boss,yes2_close,boss_close,yes1_boss,boss,yes,group,individual,True,individual,group,Sniffing_Yes_1_b,Arlo,sniffing,Cora,flurp,Beau,zazzo,"Yes, Arlo likes to sniff things before touching them.","Yes, Wugs like to sniff things before touching them.",arlo.png,arlo_sniffing.png,orange8.png,green1.png,Cora,flurp,individual,2,0,10512,2026-06-26T20:06:20.591Z,Older,0.2631498601856972,-1.0,-1.0,-1.0,0,7.38672142368241,DOB
TT007_1782504008463,,noelle,7,B,A,B,yes1_boss,yes2_close,boss_close,yes1_boss,boss,yes,group,individual,False,group,individual,Spinning_Yes_1_b,Wren,spinning,Lumi,flurp,Flint,zazzo,"Yes, Wugs like to spin around before sitting down.","Yes, Wren likes to spin around before sitting down.",wren.png,wren_spinning.png,orange7.png,green.png,Flint,zazzo,individual,2,0,10637,2026-06-26T20:06:49.057Z,Older,0.2631498601856972,-1.0,-1.0,-1.0,0,7.38672142368241,DOB
TT007_1782504008463,,noelle,7,A,A,B,yes1_boss,yes2_close,boss_close,yes2_close,close,yes,individual,group,True,group,individual,Night_Yes_2,Casey,night,River,flurp,Morgan,zazzo,"Yes, Wugs like to stay up in the middle of the night.","Yes, Casey likes to stay up in the middle of the night.",casey.png,casey_night.png,orange8.png,green6.png,Morgan,zazzo,individual,2,1,17183,2026-06-26T20:08:03.173Z,Older,0.2631498601856972,1.0,-1.0,-1.0,1,7.38672142368241,DOB
TT007_1782504008463,,noelle,7,A,A,B,yes1_boss,yes2_close,boss_close,yes2_close,close,yes,individual,group,False,individual,group,Whisper_Yes_2,Jordan,whisper,Skyler,flurp,Reese,zazzo,"Yes, Jordan likes to whisper when they talk.","Yes, Wugs like to whisper when they talk.",jordan.png,jordan_whisper.png,orange3.png,green1.png,Skyler,flurp,individual,2,1,12952,2026-06-26T20:08:32.918Z,Older,0.2631498601856972,1.0,-1.0,-1.0,1,7.38672142368241,DOB
TT007_1782504008463,,noelle,7,A,A,B,yes1_boss,yes2_close,boss_close,yes2_close,close,yes,individual,group,True,group,individual,Ball_Yes_2,Alex,balls,Quinn,flurp,Drew,zazzo,"Yes, Wugs like to bounce balls on their heads.","Yes, Alex likes to bounce balls on their heads.",alex.png,alex_ball.png,orange4.png,green.png,Drew,zazzo,individual,2,1,11747,2026-06-26T20:09:02.772Z,Older,0.2631498601856972,1.0,-1.0,-1.0,1,7.38672142368241,DOB
TT007_1782504008463,,noelle,7,A,A,B,yes1_boss,yes2_close,boss_close,yes2_close,close,yes,individual,group,True,group,individual,Bugs_Yes_2,Rowan,bugs,Emery,flurp,Jules,zazzo,"Yes, Wugs like to play with bugs.","Yes, Rowan likes to play with bugs.",rowan.png,rowan_bugs.png,orange2.png,green11.png,Jules,zazzo,individual,2,1,8498,2026-06-26T20:09:28.909Z,Older,0.2631498601856972,1.0,-1.0,-1.0,1,7.38672142368241,DOB
TT007_1782504008463,,noelle,7,A,A,B,yes1_boss,yes2_close,boss_close,yes2_close,close,yes,individual,group,False,individual,group,Climb_Yes_2,Taylor,walls,Finley,flurp,Robin,zazzo,"Yes, Taylor likes to climb tall buildings.","Yes, Wugs like to climb tall buildings.",taylor.png,taylor_walls.png,orange4.png,green6.png,Finley,flurp,individual,2,1,9186,2026-06-26T20:09:54.097Z,Older,0.2631498601856972,1.0,-1.0,-1.0,1,7.38672142368241,DOB
TT007_1782504008463,,noelle,7,A,A,B,yes1_boss,yes2_close,boss_close,yes2_close,close,yes,individual,group,True,group,individual,Flowers_Yes_2,Riley,flowers,Ash,flurp,Charlie,zazzo,"Yes, Wugs like to eat flowers.","Yes, Riley likes to eat flowers.",riley.png,riley_flowers.png,orange14.png,green12.png,Charlie,zazzo,individual,2,1,9478,2026-06-26T20:10:16.760Z,Older,0.2631498601856972,1.0,-1.0,-1.0,1,7.38672142368241,DOB
TT008_1783367663960,,Aya,5,B,B,A,hmm2_boss,hmm1_close,close_boss,hmm1_close,close,hmm,group,individual,True,individual,group,Pinecones_Hmm_1,Blake,pinecones,Zara,flurp,Bryn,zazzo,"Hmm, Blake must like to pile up pinecones into a tall tower.","Hmm, Wugs must like to pile up pinecones into a tall tower.",blake.png,blake_pinecones.png,orange4.png,green11.png,Bryn,zazzo,group,1,0,26182,2026-07-06T19:58:57.676Z,Younger,-1.2262409680141664,1.0,1.0,1.0,0,5.897330595482546,DOB
TT008_1783367663960,,Aya,5,B,B,A,hmm2_boss,hmm1_close,close_boss,hmm1_close,close,hmm,group,individual,True,individual,group,Spinning_Hmm_1,Wren,spinning,Lumi,flurp,Flint,zazzo,"Hmm, Wren must like to spin around before sitting down.","Hmm, Wugs must like to spin around before sitting down.",wren.png,wren_spinning.png,orange11.png,green6.png,Flint,zazzo,group,1,0,21094,2026-07-06T20:00:17.053Z,Younger,-1.2262409680141664,1.0,1.0,1.0,0,5.897330595482546,DOB
TT008_1783367663960,,Aya,5,B,B,A,hmm2_boss,hmm1_close,close_boss,hmm1_close,close,hmm,group,individual,True,individual,group,Plants_Hmm_1,Sage,plants,Juno,flurp,Reed,zazzo,"Hmm, Sage must like to talk to plants.","Hmm, Wugs must like to talk to plants.",sage.png,sage_plants.png,orange4.png,green9.png,Juno,flurp,individual,2,1,18839,2026-07-06T20:01:21.399Z,Younger,-1.2262409680141664,1.0,1.0,1.0,1,5.897330595482546,DOB
TT008_1783367663960,,Aya,5,B,B,A,hmm2_boss,hmm1_close,close_boss,hmm1_close,close,hmm,group,individual,False,group,individual,Backwards_Hmm_1,Theo,backwards,Cleo,flurp,Moss,zazzo,"Hmm, Wugs must like to walk backwards.","Hmm, Theo must like to walk backwards.",theo.png,theo_backwards.png,orange7.png,green2.png,Cleo,flurp,group,1,0,17556,2026-07-06T20:02:14.221Z,Younger,-1.2262409680141664,1.0,1.0,1.0,0,5.897330595482546,DOB
TT008_1783367663960,,Aya,5,B,B,A,hmm2_boss,hmm1_close,close_boss,hmm1_close,close,hmm,group,individual,False,group,individual,Rocks_Hmm_1,Sam,rocks,Nova,flurp,Finn,zazzo,"Hmm, Wugs must like to pick up rocks and put them in their pocket.","Hmm, Sam must like to pick up rocks and put them in their pocket.",sam.png,sam_rocks.png,orange8.png,green7.png,Finn,zazzo,individual,2,1,16962,2026-07-06T20:03:04.186Z,Younger,-1.2262409680141664,1.0,1.0,1.0,1,5.897330595482546,DOB
TT008_1783367663960,,Aya,5,B,B,A,hmm2_boss,hmm1_close,close_boss,hmm1_close,close,hmm,group,individual,True,individual,group,Sniffing_Hmm_1,Arlo,sniffing,Cora,flurp,Beau,zazzo,"Hmm, Arlo must like to sniff things before touching them.","Hmm, Wugs must like to sniff things before touching them.",arlo.png,arlo_sniffing.png,orange10.png,green2.png,Beau,zazzo,group,1,0,15609,2026-07-06T20:03:50.488Z,Younger,-1.2262409680141664,1.0,1.0,1.0,0,5.897330595482546,DOB
TT008_1783367663960,,Aya,5,A,B,A,hmm2_boss,hmm1_close,close_boss,hmm2_boss,boss,hmm,individual,group,False,individual,group,Bugs_Hmm_2_b,Rowan,bugs,Emery,flurp,Jules,zazzo,"Hmm, Rowan must like to play with bugs.","Hmm, Wugs must like to play with bugs.",rowan.png,rowan_bugs.png,orange9.png,green7.png,Jules,zazzo,group,1,1,17351,2026-07-06T20:05:13.915Z,Younger,-1.2262409680141664,-1.0,1.0,1.0,1,5.897330595482546,DOB
TT008_1783367663960,,Aya,5,A,B,A,hmm2_boss,hmm1_close,close_boss,hmm2_boss,boss,hmm,individual,group,True,group,individual,Flowers_Hmm_2_b,Riley,flowers,Ash,flurp,Charlie,zazzo,"Hmm, Wugs must like to eat flowers.","Hmm, Riley must like to eat flowers.",riley.png,riley_flowers.png,orange3.png,green6.png,Charlie,zazzo,individual,2,0,18816,2026-07-06T20:06:03.485Z,Younger,-1.2262409680141664,-1.0,1.0,1.0,0,5.897330595482546,DOB
TT008_1783367663960,,Aya,5,A,B,A,hmm2_boss,hmm1_close,close_boss,hmm2_boss,boss,hmm,individual,group,False,individual,group,Walls_Hmm_2_b,Taylor,walls,Finley,flurp,Robin,zazzo,"Hmm, Taylor must like to climb tall buildings.","Hmm, Wugs must like to climb tall buildings.",taylor.png,taylor_walls.png,orange7.png,green2.png,Finley,flurp,individual,2,0,16239,2026-07-06T20:06:55.900Z,Younger,-1.2262409680141664,-1.0,1.0,1.0,0,5.897330595482546,DOB
TT008_1783367663960,,Aya,5,A,B,A,hmm2_boss,hmm1_close,close_boss,hmm2_boss,boss,hmm,individual,group,True,group,individual,Whisper_Hmm_2_b,Jordan,whisper,Skyler,flurp,Reese,zazzo,"Hmm, Wugs must like to whisper when they talk.","Hmm, Jordan must like to whisper when they talk.",jordan.png,jordan_whisper.png,orange11.png,green1.png,Reese,zazzo,individual,2,0,20927,2026-07-06T20:07:41.708Z,Younger,-1.2262409680141664,-1.0,1.0,1.0,0,5.897330595482546,DOB
TT008_1783367663960,,Aya,5,A,B,A,hmm2_boss,hmm1_close,close_boss,hmm2_boss,boss,hmm,individual,group,True,group,individual,Balls_Hmm_2_b,Alex,balls,Quinn,flurp,Drew,zazzo,"Hmm, Wugs must like to bounce balls on their heads.","Hmm, Alex must like to bounce balls on their heads.",alex.png,alex_ball.png,orange9.png,green12.png,Drew,zazzo,individual,2,0,17167,2026-07-06T20:08:42.953Z,Younger,-1.2262409680141664,-1.0,1.0,1.0,0,5.897330595482546,DOB
TT008_1783367663960,,Aya,5,A,B,A,hmm2_boss,hmm1_close,close_boss,hmm2_boss,boss,hmm,individual,group,True,group,individual,Night_Hmm_2_b,Casey,night,River,flurp,Morgan,zazzo,"Hmm, Wugs must like to stay up in the middle of the night.","Hmm, Casey must like to stay up in the middle of the night.",casey.png,casey_night.png,orange4.png,green11.png,River,flurp,group,1,1,15116,2026-07-06T20:09:28.368Z,Younger,-1.2262409680141664,-1.0,1.0,1.0,1,5.897330595482546,DOB
TT009_1782513683179,,shashank,7,A,B,A,hmm1_boss,hmm2_close,boss_close,hmm1_boss,boss,hmm,group,individual,False,group,individual,Flowers_Hmm_1_b,Riley,flowers,Ash,flurp,Charlie,zazzo,"Hmm, Wugs must like to eat flowers.","Hmm, Riley must like to eat flowers.",riley.png,riley_flowers.png,orange14.png,green12.png,Ash,flurp,group,1,1,35055,2026-06-26T22:45:26.927Z,Older,0.06602460351218564,-1.0,1.0,-1.0,1,7.189596167008898,DOB
TT009_1782513683179,,shashank,7,A,B,A,hmm1_boss,hmm2_close,boss_close,hmm1_boss,boss,hmm,group,individual,True,individual,group,Bugs_Hmm_1_b,Rowan,bugs,Emery,flurp,Jules,zazzo,"Hmm, Rowan must like to play with bugs.","Hmm, Wugs must like to play with bugs.",rowan.png,rowan_bugs.png,orange4.png,green9.png,Emery,flurp,individual,2,0,28952,2026-06-26T22:46:30.200Z,Older,0.06602460351218564,-1.0,1.0,-1.0,0,7.189596167008898,DOB
TT009_1782513683179,,shashank,7,A,B,A,hmm1_boss,hmm2_close,boss_close,hmm1_boss,boss,hmm,group,individual,True,individual,group,Balls_Hmm_1_b,Alex,balls,Quinn,flurp,Drew,zazzo,"Hmm, Alex must like to bounce balls on their heads.","Hmm, Wugs must like to bounce balls on their heads.",alex.png,alex_ball.png,orange7.png,green11.png,Drew,zazzo,group,1,1,27607,2026-06-26T22:47:38.062Z,Older,0.06602460351218564,-1.0,1.0,-1.0,1,7.189596167008898,DOB
TT009_1782513683179,,shashank,7,A,B,A,hmm1_boss,hmm2_close,boss_close,hmm1_boss,boss,hmm,group,individual,False,group,individual,Walls_Hmm_1_b,Taylor,walls,Finley,flurp,Robin,zazzo,"Hmm, Wugs must like to climb tall buildings.","Hmm, Taylor must like to climb tall buildings.",taylor.png,taylor_walls.png,orange10.png,green.png,Finley,flurp,group,1,1,17038,2026-06-26T22:48:08.225Z,Older,0.06602460351218564,-1.0,1.0,-1.0,1,7.189596167008898,DOB
TT009_1782513683179,,shashank,7,A,B,A,hmm1_boss,hmm2_close,boss_close,hmm1_boss,boss,hmm,group,individual,True,individual,group,Whisper_Hmm_1_b,Jordan,whisper,Skyler,flurp,Reese,zazzo,"Hmm, Jordan must like to whisper when they talk.","Hmm, Wugs must like to whisper when they talk.",jordan.png,jordan_whisper.png,orange9.png,green12.png,Skyler,flurp,individual,2,0,11318,2026-06-26T22:48:37.434Z,Older,0.06602460351218564,-1.0,1.0,-1.0,0,7.189596167008898,DOB
TT009_1782513683179,,shashank,7,A,B,A,hmm1_boss,hmm2_close,boss_close,hmm1_boss,boss,hmm,group,individual,True,individual,group,Night_Hmm_1_b,Casey,night,River,flurp,Morgan,zazzo,"Hmm, Casey must like to stay up in the middle of the night.","Hmm, Wugs must like to stay up in the middle of the night.",casey.png,casey_night.png,orange4.png,green10.png,River,flurp,individual,2,0,11160,2026-06-26T22:48:57.267Z,Older,0.06602460351218564,-1.0,1.0,-1.0,0,7.189596167008898,DOB
TT009_1782513683179,,shashank,7,B,B,A,hmm1_boss,hmm2_close,boss_close,hmm2_close,close,hmm,individual,group,True,group,individual,Sniffing_Hmm_2,Arlo,sniffing,Cora,flurp,Beau,zazzo,"Hmm, Wugs must like to sniff things before touching them.","Hmm, Arlo must like to sniff things before touching them.",arlo.png,arlo_sniffing.png,orange6.png,green9.png,Cora,flurp,group,1,0,22228,2026-06-26T22:50:09.069Z,Older,0.06602460351218564,1.0,1.0,-1.0,0,7.189596167008898,DOB
TT009_1782513683179,,shashank,7,B,B,A,hmm1_boss,hmm2_close,boss_close,hmm2_close,close,hmm,individual,group,True,group,individual,Rocks_Hmm_2,Sam,rocks,Nova,flurp,Finn,zazzo,"Hmm, Wugs must like to pick up rocks and put them in their pocket.","Hmm, Sam must like to pick up rocks and put them in their pocket.",sam.png,sam_rocks.png,orange6.png,green.png,Finn,zazzo,individual,2,1,14238,2026-06-26T22:50:33.610Z,Older,0.06602460351218564,1.0,1.0,-1.0,1,7.189596167008898,DOB
TT009_1782513683179,,shashank,7,B,B,A,hmm1_boss,hmm2_close,boss_close,hmm2_close,close,hmm,individual,group,True,group,individual,Spinning_Hmm_2,Wren,spinning,Lumi,flurp,Flint,zazzo,"Hmm, Wugs must like to spin around before sitting down.","Hmm, Wren must like to spin around before sitting down.",wren.png,wren_spinning.png,orange7.png,green.png,Flint,zazzo,individual,2,1,14742,2026-06-26T22:51:02.775Z,Older,0.06602460351218564,1.0,1.0,-1.0,1,7.189596167008898,DOB
TT009_1782513683179,,shashank,7,B,B,A,hmm1_boss,hmm2_close,boss_close,hmm2_close,close,hmm,individual,group,False,individual,group,Pinecones_Hmm_2,Blake,pinecones,Zara,flurp,Bryn,zazzo,"Hmm, Blake must like to pile up pinecones into a tall tower.","Hmm, Wugs must like to pile up pinecones into a tall tower.",blake.png,blake_pinecones.png,orange11.png,green11.png,Zara,flurp,individual,2,1,14174,2026-06-26T22:51:34.364Z,Older,0.06602460351218564,1.0,1.0,-1.0,1,7.189596167008898,DOB
TT009_1782513683179,,shashank,7,B,B,A,hmm1_boss,hmm2_close,boss_close,hmm2_close,close,hmm,individual,group,False,individual,group,Plants_Hmm_2,Sage,plants,Juno,flurp,Reed,zazzo,"Hmm, Sage must like to talk to plants.","Hmm, Wugs must like to talk to plants.",sage.png,sage_plants.png,orange8.png,green9.png,Juno,flurp,individual,2,1,10327,2026-06-26T22:51:53.065Z,Older,0.06602460351218564,1.0,1.0,-1.0,1,7.189596167008898,DOB
TT009_1782513683179,,shashank,7,B,B,A,hmm1_boss,hmm2_close,boss_close,hmm2_close,close,hmm,individual,group,True,group,individual,Backwards_Hmm_2,Theo,backwards,Cleo,flurp,Moss,zazzo,"Hmm, Wugs must like to walk backwards.","Hmm, Theo must like to walk backwards.",theo.png,theo_backwards.png,orange14.png,green12.png,Moss,zazzo,individual,2,1,12135,2026-06-26T22:52:14.071Z,Older,0.06602460351218564,1.0,1.0,-1.0,1,7.189596167008898,DOB
TT009_1784403357857,,Emma,5,B,B,A,yes2_boss,yes1_close,close_boss,yes1_close,close,yes,group,individual,True,individual,group,Plants_Yes_1,Sage,plants,Juno,flurp,Reed,zazzo,"Yes, Sage likes to talk to plants.","Yes, Wugs like to talk to plants.",sage.png,sage_plants.png,orange11.png,green12.png,Reed,zazzo,group,1,0,63656,2026-07-18T19:40:15.172Z,Younger,-1.8285681411832284,1.0,-1.0,1.0,0,5.295003422313484,DOB
TT009_1784403357857,,Emma,5,B,B,A,yes2_boss,yes1_close,close_boss,yes1_close,close,yes,group,individual,True,individual,group,Pinecones_Yes_1,Blake,pinecones,Zara,flurp,Bryn,zazzo,"Yes, Blake likes to pile up pinecones into a tall tower.","Yes, Wugs like to pile up pinecones into a tall tower.",blake.png,blake_pinecones.png,orange11.png,green7.png,Zara,flurp,individual,2,1,45797,2026-07-18T19:42:12.607Z,Younger,-1.8285681411832284,1.0,-1.0,1.0,1,5.295003422313484,DOB
TT009_1784403357857,,Emma,5,B,B,A,yes2_boss,yes1_close,close_boss,yes1_close,close,yes,group,individual,False,group,individual,Sniffing_Yes_1,Arlo,sniffing,Cora,flurp,Beau,zazzo,"Yes, Wugs like to sniff things before touching them.","Yes, Arlo likes to sniff things before touching them.",arlo.png,arlo_sniffing.png,orange6.png,green6.png,Beau,zazzo,individual,2,1,41351,2026-07-18T19:43:12.928Z,Younger,-1.8285681411832284,1.0,-1.0,1.0,1,5.295003422313484,DOB
TT009_1784403357857,,Emma,5,B,B,A,yes2_boss,yes1_close,close_boss,yes1_close,close,yes,group,individual,False,group,individual,Spinning_Yes_1,Wren,spinning,Lumi,flurp,Flint,zazzo,"Yes, Wugs like to spin around before sitting down.","Yes, Wren likes to spin around before sitting down.",wren.png,wren_spinning.png,orange4.png,green9.png,Flint,zazzo,individual,2,1,21794,2026-07-18T19:43:50.141Z,Younger,-1.8285681411832284,1.0,-1.0,1.0,1,5.295003422313484,DOB
TT009_1784403357857,,Emma,5,B,B,A,yes2_boss,yes1_close,close_boss,yes1_close,close,yes,group,individual,True,individual,group,Rocks_Yes_1,Sam,rocks,Nova,flurp,Finn,zazzo,"Yes, Sam likes to pick up rocks and put them in their pocket.","Yes, Wugs like to pick up rocks and put them in their pocket.",sam.png,sam_rocks.png,orange13.png,green12.png,Nova,flurp,individual,2,1,44864,2026-07-18T19:44:57.603Z,Younger,-1.8285681411832284,1.0,-1.0,1.0,1,5.295003422313484,DOB
TT009_1784403357857,,Emma,5,B,B,A,yes2_boss,yes1_close,close_boss,yes1_close,close,yes,group,individual,True,individual,group,Backwards_Yes_1,Theo,backwards,Cleo,flurp,Moss,zazzo,"Yes, Theo likes to walk backwards.","Yes, Wugs like to walk backwards.",theo.png,theo_backwards.png,orange7.png,green9.png,Cleo,flurp,individual,2,1,35439,2026-07-18T19:45:49.677Z,Younger,-1.8285681411832284,1.0,-1.0,1.0,1,5.295003422313484,DOB
TT009_1784403357857,,Emma,5,A,B,A,yes2_boss,yes1_close,close_boss,yes2_boss,boss,yes,individual,group,True,group,individual,Bugs_Yes_2_b,Rowan,bugs,Emery,flurp,Jules,zazzo,"Yes, Wugs like to play with bugs.","Yes, Rowan likes to play with bugs.",rowan.png,rowan_bugs.png,orange9.png,green.png,Jules,zazzo,individual,2,0,30604,2026-07-18T19:47:13.534Z,Younger,-1.8285681411832284,-1.0,-1.0,1.0,0,5.295003422313484,DOB
TT009_1784403357857,,Emma,5,A,B,A,yes2_boss,yes1_close,close_boss,yes2_boss,boss,yes,individual,group,False,individual,group,Night_Yes_2_b,Casey,night,River,flurp,Morgan,zazzo,"Yes, Casey likes to stay up in the middle of the night.","Yes, Wugs like to stay up in the middle of the night.",casey.png,casey_night.png,orange13.png,green.png,River,flurp,individual,2,0,26072,2026-07-18T19:48:29.945Z,Younger,-1.8285681411832284,-1.0,-1.0,1.0,0,5.295003422313484,DOB
TT009_1784403357857,,Emma,5,A,B,A,yes2_boss,yes1_close,close_boss,yes2_boss,boss,yes,individual,group,False,individual,group,Whisper_Yes_2_b,Jordan,whisper,Skyler,flurp,Reese,zazzo,"Yes, Jordan likes to whisper when they talk.","Yes, Wugs like to whisper when they talk.",jordan.png,jordan_whisper.png,orange7.png,green12.png,Skyler,flurp,individual,2,0,39645,2026-07-18T19:49:55.995Z,Younger,-1.8285681411832284,-1.0,-1.0,1.0,0,5.295003422313484,DOB
TT009_1784403357857,,Emma,5,A,B,A,yes2_boss,yes1_close,close_boss,yes2_boss,boss,yes,individual,group,True,group,individual,Flowers_Yes_2_b,Riley,flowers,Ash,flurp,Charlie,zazzo,"Yes, Wugs like to eat flowers.","Yes, Riley likes to eat flowers.",riley.png,riley_flowers.png,orange6.png,green11.png,Ash,flurp,group,1,1,33963,2026-07-18T19:50:44.332Z,Younger,-1.8285681411832284,-1.0,-1.0,1.0,1,5.295003422313484,DOB
TT009_1784403357857,,Emma,5,A,B,A,yes2_boss,yes1_close,close_boss,yes2_boss,boss,yes,individual,group,True,group,individual,Balls_Yes_2_b,Alex,balls,Quinn,flurp,Drew,zazzo,"Yes, Wugs like to bounce balls on their heads.","Yes, Alex likes to bounce balls on their heads.",alex.png,alex_ball.png,orange13.png,green7.png,Quinn,flurp,group,1,1,28508,2026-07-18T19:51:26.761Z,Younger,-1.8285681411832284,-1.0,-1.0,1.0,1,5.295003422313484,DOB
TT009_1784403357857,,Emma,5,A,B,A,yes2_boss,yes1_close,close_boss,yes2_boss,boss,yes,individual,group,True,group,individual,Walls_Yes_2_b,Taylor,walls,Finley,flurp,Robin,zazzo,"Yes, Wugs like to climb tall buildings.","Yes, Taylor likes to climb tall buildings.",taylor.png,taylor_walls.png,orange9.png,green9.png,Robin,zazzo,individual,2,0,11299,2026-07-18T19:51:52.148Z,Younger,-1.8285681411832284,-1.0,-1.0,1.0,0,5.295003422313484,DOB
TT015_1783023547568,,zeshan,6,A,B,A,hmm1_boss,hmm2_close,boss_close,hmm1_boss,boss,hmm,group,individual,False,group,individual,Balls_Hmm_1_b,Alex,balls,Quinn,flurp,Drew,zazzo,"Hmm, Wugs must like to bounce balls on their heads.","Hmm, Alex must like to bounce balls on their heads.",alex.png,alex_ball.png,orange6.png,green1.png,Quinn,flurp,group,1,1,5731,2026-07-02T20:22:39.811Z,Younger,-0.18038196732970402,-1.0,1.0,1.0,1,6.9431895961670085,DOB
TT015_1783023547568,,zeshan,6,A,B,A,hmm1_boss,hmm2_close,boss_close,hmm1_boss,boss,hmm,group,individual,False,group,individual,Night_Hmm_1_b,Casey,night,River,flurp,Morgan,zazzo,"Hmm, Wugs must like to stay up in the middle of the night.","Hmm, Casey must like to stay up in the middle of the night.",casey.png,casey_night.png,orange15.png,green11.png,Morgan,zazzo,individual,2,0,25168,2026-07-02T20:23:43.337Z,Younger,-0.18038196732970402,-1.0,1.0,1.0,0,6.9431895961670085,DOB
TT015_1783023547568,,zeshan,6,A,B,A,hmm1_boss,hmm2_close,boss_close,hmm1_boss,boss,hmm,group,individual,False,group,individual,Flowers_Hmm_1_b,Riley,flowers,Ash,flurp,Charlie,zazzo,"Hmm, Wugs must like to eat flowers.","Hmm, Riley must like to eat flowers.",riley.png,riley_flowers.png,orange8.png,green9.png,Ash,flurp,group,1,1,16170,2026-07-02T20:24:42.438Z,Younger,-0.18038196732970402,-1.0,1.0,1.0,1,6.9431895961670085,DOB
TT015_1783023547568,,zeshan,6,A,B,A,hmm1_boss,hmm2_close,boss_close,hmm1_boss,boss,hmm,group,individual,True,individual,group,Bugs_Hmm_1_b,Rowan,bugs,Emery,flurp,Jules,zazzo,"Hmm, Rowan must like to play with bugs.","Hmm, Wugs must like to play with bugs.",rowan.png,rowan_bugs.png,orange4.png,green11.png,Jules,zazzo,group,1,1,18943,2026-07-02T20:25:38.138Z,Younger,-0.18038196732970402,-1.0,1.0,1.0,1,6.9431895961670085,DOB
TT015_1783023547568,,zeshan,6,A,B,A,hmm1_boss,hmm2_close,boss_close,hmm1_boss,boss,hmm,group,individual,False,group,individual,Whisper_Hmm_1_b,Jordan,whisper,Skyler,flurp,Reese,zazzo,"Hmm, Wugs must like to whisper when they talk.","Hmm, Jordan must like to whisper when they talk.",jordan.png,jordan_whisper.png,orange8.png,green1.png,Skyler,flurp,group,1,1,19071,2026-07-02T20:26:53.595Z,Younger,-0.18038196732970402,-1.0,1.0,1.0,1,6.9431895961670085,DOB
TT015_1783023547568,,zeshan,6,A,B,A,hmm1_boss,hmm2_close,boss_close,hmm1_boss,boss,hmm,group,individual,False,group,individual,Walls_Hmm_1_b,Taylor,walls,Finley,flurp,Robin,zazzo,"Hmm, Wugs must like to climb tall buildings.","Hmm, Taylor must like to climb tall buildings.",taylor.png,taylor_walls.png,orange11.png,green9.png,Finley,flurp,group,1,1,16406,2026-07-02T20:27:48.925Z,Younger,-0.18038196732970402,-1.0,1.0,1.0,1,6.9431895961670085,DOB
TT015_1783023547568,,zeshan,6,B,B,A,hmm1_boss,hmm2_close,boss_close,hmm2_close,close,hmm,individual,group,True,group,individual,Plants_Hmm_2,Sage,plants,Juno,flurp,Reed,zazzo,"Hmm, Wugs must like to talk to plants.","Hmm, Sage must like to talk to plants.",sage.png,sage_plants.png,orange3.png,green2.png,Juno,flurp,group,1,0,25895,2026-07-02T20:29:30.721Z,Younger,-0.18038196732970402,1.0,1.0,1.0,0,6.9431895961670085,DOB
TT015_1783023547568,,zeshan,6,B,B,A,hmm1_boss,hmm2_close,boss_close,hmm2_close,close,hmm,individual,group,False,individual,group,Sniffing_Hmm_2,Arlo,sniffing,Cora,flurp,Beau,zazzo,"Hmm, Arlo must like to sniff things before touching them.","Hmm, Wugs must like to sniff things before touching them.",arlo.png,arlo_sniffing.png,orange8.png,green9.png,Beau,zazzo,group,1,0,15994,2026-07-02T20:30:21.935Z,Younger,-0.18038196732970402,1.0,1.0,1.0,0,6.9431895961670085,DOB
TT015_1783023547568,,zeshan,6,B,B,A,hmm1_boss,hmm2_close,boss_close,hmm2_close,close,hmm,individual,group,False,individual,group,Spinning_Hmm_2,Wren,spinning,Lumi,flurp,Flint,zazzo,"Hmm, Wren must like to spin around before sitting down.","Hmm, Wugs must like to spin around before sitting down.",wren.png,wren_spinning.png,orange6.png,green10.png,Lumi,flurp,individual,2,1,14429,2026-07-02T20:31:32.021Z,Younger,-0.18038196732970402,1.0,1.0,1.0,1,6.9431895961670085,DOB
TT015_1783023547568,,zeshan,6,B,B,A,hmm1_boss,hmm2_close,boss_close,hmm2_close,close,hmm,individual,group,True,group,individual,Rocks_Hmm_2,Sam,rocks,Nova,flurp,Finn,zazzo,"Hmm, Wugs must like to pick up rocks and put them in their pocket.","Hmm, Sam must like to pick up rocks and put them in their pocket.",sam.png,sam_rocks.png,orange7.png,green6.png,Nova,flurp,group,1,0,13561,2026-07-02T20:31:58.243Z,Younger,-0.18038196732970402,1.0,1.0,1.0,0,6.9431895961670085,DOB
TT015_1783023547568,,zeshan,6,B,B,A,hmm1_boss,hmm2_close,boss_close,hmm2_close,close,hmm,individual,group,False,individual,group,Pinecones_Hmm_2,Blake,pinecones,Zara,flurp,Bryn,zazzo,"Hmm, Blake must like to pile up pinecones into a tall tower.","Hmm, Wugs must like to pile up pinecones into a tall tower.",blake.png,blake_pinecones.png,orange2.png,green10.png,Zara,flurp,individual,2,1,15460,2026-07-02T20:32:26.653Z,Younger,-0.18038196732970402,1.0,1.0,1.0,1,6.9431895961670085,DOB
TT015_1783023547568,,zeshan,6,B,B,A,hmm1_boss,hmm2_close,boss_close,hmm2_close,close,hmm,individual,group,True,group,individual,Backwards_Hmm_2,Theo,backwards,Cleo,flurp,Moss,zazzo,"Hmm, Wugs must like to walk backwards.","Hmm, Theo must like to walk backwards.",theo.png,theo_backwards.png,orange3.png,green.png,Moss,zazzo,individual,2,1,15908,2026-07-02T20:32:56.219Z,Younger,-0.18038196732970402,1.0,1.0,1.0,1,6.9431895961670085,DOB
TT015_1784138458016,,lily,8,A,B,A,yes2_boss,yes1_close,boss_close,yes2_boss,boss,yes,individual,group,True,group,individual,Night_Yes_2_b,Casey,night,River,flurp,Morgan,zazzo,"Yes, Wugs like to stay up in the middle of the night.","Yes, Casey likes to stay up in the middle of the night.",casey.png,casey_night.png,orange3.png,green7.png,Morgan,zazzo,individual,2,0,20441,2026-07-15T18:04:07.798Z,Older,1.0981943502609877,-1.0,-1.0,-1.0,0,8.2217659137577,DOB
TT015_1784138458016,,lily,8,A,B,A,yes2_boss,yes1_close,boss_close,yes2_boss,boss,yes,individual,group,True,group,individual,Flowers_Yes_2_b,Riley,flowers,Ash,flurp,Charlie,zazzo,"Yes, Wugs like to eat flowers.","Yes, Riley likes to eat flowers.",riley.png,riley_flowers.png,orange14.png,green10.png,Charlie,zazzo,individual,2,0,17515,2026-07-15T18:04:41.947Z,Older,1.0981943502609877,-1.0,-1.0,-1.0,0,8.2217659137577,DOB
TT015_1784138458016,,lily,8,A,B,A,yes2_boss,yes1_close,boss_close,yes2_boss,boss,yes,individual,group,True,group,individual,Balls_Yes_2_b,Alex,balls,Quinn,flurp,Drew,zazzo,"Yes, Wugs like to bounce balls on their heads.","Yes, Alex likes to bounce balls on their heads.",alex.png,alex_ball.png,orange2.png,green12.png,Quinn,flurp,group,1,1,17680,2026-07-15T18:05:48.585Z,Older,1.0981943502609877,-1.0,-1.0,-1.0,1,8.2217659137577,DOB
TT015_1784138458016,,lily,8,A,B,A,yes2_boss,yes1_close,boss_close,yes2_boss,boss,yes,individual,group,True,group,individual,Whisper_Yes_2_b,Jordan,whisper,Skyler,flurp,Reese,zazzo,"Yes, Wugs like to whisper when they talk.","Yes, Jordan likes to whisper when they talk.",jordan.png,jordan_whisper.png,orange3.png,green2.png,Reese,zazzo,individual,2,0,13153,2026-07-15T18:06:26.688Z,Older,1.0981943502609877,-1.0,-1.0,-1.0,0,8.2217659137577,DOB
TT015_1784138458016,,lily,8,A,B,A,yes2_boss,yes1_close,boss_close,yes2_boss,boss,yes,individual,group,True,group,individual,Bugs_Yes_2_b,Rowan,bugs,Emery,flurp,Jules,zazzo,"Yes, Wugs like to play with bugs.","Yes, Rowan likes to play with bugs.",rowan.png,rowan_bugs.png,orange3.png,green11.png,Jules,zazzo,individual,2,0,13168,2026-07-15T18:07:12.170Z,Older,1.0981943502609877,-1.0,-1.0,-1.0,0,8.2217659137577,DOB
TT015_1784138458016,,lily,8,A,B,A,yes2_boss,yes1_close,boss_close,yes2_boss,boss,yes,individual,group,True,group,individual,Walls_Yes_2_b,Taylor,walls,Finley,flurp,Robin,zazzo,"Yes, Wugs like to climb tall buildings.","Yes, Taylor likes to climb tall buildings.",taylor.png,taylor_walls.png,orange3.png,green10.png,Robin,zazzo,individual,2,0,25815,2026-07-15T18:07:51.174Z,Older,1.0981943502609877,-1.0,-1.0,-1.0,0,8.2217659137577,DOB
TT015_1784138458016,,lily,8,B,B,A,yes2_boss,yes1_close,boss_close,yes1_close,close,yes,group,individual,False,group,individual,Backwards_Yes_1,Theo,backwards,Cleo,flurp,Moss,zazzo,"Yes, Wugs like to walk backwards.","Yes, Theo likes to walk backwards.",theo.png,theo_backwards.png,orange14.png,green2.png,Moss,zazzo,individual,2,1,12163,2026-07-15T18:09:25.278Z,Older,1.0981943502609877,1.0,-1.0,-1.0,1,8.2217659137577,DOB
TT015_1784138458016,,lily,8,B,B,A,yes2_boss,yes1_close,boss_close,yes1_close,close,yes,group,individual,True,individual,group,Rocks_Yes_1,Sam,rocks,Nova,flurp,Finn,zazzo,"Yes, Sam likes to pick up rocks and put them in their pocket.","Yes, Wugs like to pick up rocks and put them in their pocket.",sam.png,sam_rocks.png,orange15.png,green1.png,Nova,flurp,individual,2,1,12800,2026-07-15T18:09:51.094Z,Older,1.0981943502609877,1.0,-1.0,-1.0,1,8.2217659137577,DOB
TT015_1784138458016,,lily,8,B,B,A,yes2_boss,yes1_close,boss_close,yes1_close,close,yes,group,individual,False,group,individual,Sniffing_Yes_1,Arlo,sniffing,Cora,flurp,Beau,zazzo,"Yes, Wugs like to sniff things before touching them.","Yes, Arlo likes to sniff things before touching them.",arlo.png,arlo_sniffing.png,orange6.png,green9.png,Cora,flurp,group,1,0,13315,2026-07-15T18:10:28.936Z,Older,1.0981943502609877,1.0,-1.0,-1.0,0,8.2217659137577,DOB
TT015_1784138458016,,lily,8,B,B,A,yes2_boss,yes1_close,boss_close,yes1_close,close,yes,group,individual,True,individual,group,Plants_Yes_1,Sage,plants,Juno,flurp,Reed,zazzo,"Yes, Sage likes to talk to plants.","Yes, Wugs like to talk to plants.",sage.png,sage_plants.png,orange3.png,green6.png,Juno,flurp,individual,2,1,11074,2026-07-15T18:11:03.027Z,Older,1.0981943502609877,1.0,-1.0,-1.0,1,8.2217659137577,DOB
TT015_1784138458016,,lily,8,B,B,A,yes2_boss,yes1_close,boss_close,yes1_close,close,yes,group,individual,False,group,individual,Pinecones_Yes_1,Blake,pinecones,Zara,flurp,Bryn,zazzo,"Yes, Wugs like to pile up pinecones into a tall tower.","Yes, Blake likes to pile up pinecones into a tall tower.",blake.png,blake_pinecones.png,orange7.png,green.png,Bryn,zazzo,individual,2,1,14930,2026-07-15T18:11:52.030Z,Older,1.0981943502609877,1.0,-1.0,-1.0,1,8.2217659137577,DOB
TT015_1784138458016,,lily,8,B,B,A,yes2_boss,yes1_close,boss_close,yes1_close,close,yes,group,individual,False,group,individual,Spinning_Yes_1,Wren,spinning,Lumi,flurp,Flint,zazzo,"Yes, Wugs like to spin around before sitting down.","Yes, Wren likes to spin around before sitting down.",wren.png,wren_spinning.png,orange11.png,green11.png,Flint,zazzo,individual,2,1,9978,2026-07-15T18:12:19.287Z,Older,1.0981943502609877,1.0,-1.0,-1.0,1,8.2217659137577,DOB
TT015_1785107406879,,Micah,5,A,B,A,yes1_boss,hmm2_close,boss_close,yes1_boss,boss,yes,group,individual,False,group,individual,Whisper_Yes_1_b,Jordan,whisper,Skyler,flurp,Reese,zazzo,"Yes, Wugs like to whisper when they talk.","Yes, Jordan likes to whisper when they talk.",jordan.png,jordan_whisper.png,orange13.png,green1.png,Skyler,flurp,group,1,1,57372,2026-07-26T23:14:26.179Z,Younger,-2.033906950218136,-1.0,-1.0,1.0,1,5.089664613278576,DOB
TT015_1785107406879,,Micah,5,A,B,A,yes1_boss,hmm2_close,boss_close,yes1_boss,boss,yes,group,individual,False,group,individual,Balls_Yes_1_b,Alex,balls,Quinn,flurp,Drew,zazzo,"Yes, Wugs like to bounce balls on their heads.","Yes, Alex likes to bounce balls on their heads.",alex.png,alex_ball.png,orange15.png,green1.png,Drew,zazzo,individual,2,0,19148,2026-07-26T23:15:24.276Z,Younger,-2.033906950218136,-1.0,-1.0,1.0,0,5.089664613278576,DOB
TT015_1785107406879,,Micah,5,A,B,A,yes1_boss,hmm2_close,boss_close,yes1_boss,boss,yes,group,individual,False,group,individual,Flowers_Yes_1_b,Riley,flowers,Ash,flurp,Charlie,zazzo,"Yes, Wugs like to eat flowers.","Yes, Riley likes to eat flowers.",riley.png,riley_flowers.png,orange14.png,green11.png,Ash,flurp,group,1,1,14927,2026-07-26T23:16:36.952Z,Younger,-2.033906950218136,-1.0,-1.0,1.0,1,5.089664613278576,DOB
TT015_1785107406879,,Micah,5,A,B,A,yes1_boss,hmm2_close,boss_close,yes1_boss,boss,yes,group,individual,False,group,individual,Bugs_Yes_1_b,Rowan,bugs,Emery,flurp,Jules,zazzo,"Yes, Wugs like to play with bugs.","Yes, Rowan likes to play with bugs.",rowan.png,rowan_bugs.png,orange15.png,green12.png,Jules,zazzo,individual,2,0,12358,2026-07-26T23:17:17.958Z,Younger,-2.033906950218136,-1.0,-1.0,1.0,0,5.089664613278576,DOB
TT015_1785107406879,,Micah,5,A,B,A,yes1_boss,hmm2_close,boss_close,yes1_boss,boss,yes,group,individual,True,individual,group,Walls_Yes_1_b,Taylor,walls,Finley,flurp,Robin,zazzo,"Yes, Taylor likes to climb tall buildings.","Yes, Wugs like to climb tall buildings.",taylor.png,taylor_walls.png,orange9.png,green6.png,Finley,flurp,individual,2,0,13561,2026-07-26T23:18:10.121Z,Younger,-2.033906950218136,-1.0,-1.0,1.0,0,5.089664613278576,DOB
TT015_1785107406879,,Micah,5,A,B,A,yes1_boss,hmm2_close,boss_close,yes1_boss,boss,yes,group,individual,True,individual,group,Night_Yes_1_b,Casey,night,River,flurp,Morgan,zazzo,"Yes, Casey likes to stay up in the middle of the night.","Yes, Wugs like to stay up in the middle of the night.",casey.png,casey_night.png,orange11.png,green9.png,Morgan,zazzo,group,1,1,17299,2026-07-26T23:19:08.384Z,Younger,-2.033906950218136,-1.0,-1.0,1.0,1,5.089664613278576,DOB
TT015_1785107406879,,Micah,5,B,B,A,yes1_boss,hmm2_close,boss_close,hmm2_close,close,hmm,individual,group,False,individual,group,Plants_Hmm_2,Sage,plants,Juno,flurp,Reed,zazzo,"Hmm, Sage must like to talk to plants.","Hmm, Wugs must like to talk to plants.",sage.png,sage_plants.png,orange13.png,green12.png,Reed,zazzo,group,1,0,21995,2026-07-26T23:20:18.042Z,Younger,-2.033906950218136,1.0,1.0,1.0,0,5.089664613278576,DOB
TT015_1785107406879,,Micah,5,B,B,A,yes1_boss,hmm2_close,boss_close,hmm2_close,close,hmm,individual,group,False,individual,group,Spinning_Hmm_2,Wren,spinning,Lumi,flurp,Flint,zazzo,"Hmm, Wren must like to spin around before sitting down.","Hmm, Wugs must like to spin around before sitting down.",wren.png,wren_spinning.png,orange10.png,green9.png,Flint,zazzo,group,1,0,15412,2026-07-26T23:20:57.562Z,Younger,-2.033906950218136,1.0,1.0,1.0,0,5.089664613278576,DOB
TT015_1785107406879,,Micah,5,B,B,A,yes1_boss,hmm2_close,boss_close,hmm2_close,close,hmm,individual,group,True,group,individual,Sniffing_Hmm_2,Arlo,sniffing,Cora,flurp,Beau,zazzo,"Hmm, Wugs must like to sniff things before touching them.","Hmm, Arlo must like to sniff things before touching them.",arlo.png,arlo_sniffing.png,orange15.png,green9.png,Beau,zazzo,individual,2,1,18014,2026-07-26T23:21:39.422Z,Younger,-2.033906950218136,1.0,1.0,1.0,1,5.089664613278576,DOB
TT015_1785107406879,,Micah,5,B,B,A,yes1_boss,hmm2_close,boss_close,hmm2_close,close,hmm,individual,group,True,group,individual,Rocks_Hmm_2,Sam,rocks,Nova,flurp,Finn,zazzo,"Hmm, Wugs must like to pick up rocks and put them in their pocket.","Hmm, Sam must like to pick up rocks and put them in their pocket.",sam.png,sam_rocks.png,orange14.png,green.png,Finn,zazzo,individual,2,1,18466,2026-07-26T23:22:22.267Z,Younger,-2.033906950218136,1.0,1.0,1.0,1,5.089664613278576,DOB
TT015_1785107406879,,Micah,5,B,B,A,yes1_boss,hmm2_close,boss_close,hmm2_close,close,hmm,individual,group,False,individual,group,Backwards_Hmm_2,Theo,backwards,Cleo,flurp,Moss,zazzo,"Hmm, Theo must like to walk backwards.","Hmm, Wugs must like to walk backwards.",theo.png,theo_backwards.png,orange2.png,green7.png,Moss,zazzo,group,1,0,14462,2026-07-26T23:23:15.821Z,Younger,-2.033906950218136,1.0,1.0,1.0,0,5.089664613278576,DOB
TT015_1785107406879,,Micah,5,B,B,A,yes1_boss,hmm2_close,boss_close,hmm2_close,close,hmm,individual,group,True,group,individual,Pinecones_Hmm_2,Blake,pinecones,Zara,flurp,Bryn,zazzo,"Hmm, Wugs must like to pile up pinecones into a tall tower.","Hmm, Blake must like to pile up pinecones into a tall tower.",blake.png,blake_pinecones.png,orange11.png,green10.png,Zara,flurp,group,1,0,22949,2026-07-26T23:23:57.516Z,Younger,-2.033906950218136,1.0,1.0,1.0,0,5.089664613278576,DOB
TT017_1784732543399,,Lucas,6,A,A,B,yes2_boss,hmm2_close,close_boss,hmm2_close,close,hmm,individual,group,True,group,individual,Night_Hmm_2,Casey,night,River,flurp,Morgan,zazzo,"Hmm, Wugs must like to stay up in the middle of the night.","Hmm, Casey must like to stay up in the middle of the night.",casey.png,casey_night.png,orange3.png,green11.png,River,flurp,group,1,0,31980,2026-07-22T15:05:33.327Z,Younger,-0.2762067448793273,1.0,1.0,1.0,0,6.847364818617385,DOB
TT017_1784732543399,,Lucas,6,A,A,B,yes2_boss,hmm2_close,close_boss,hmm2_close,close,hmm,individual,group,True,group,individual,Balls_Hmm_2,Alex,balls,Quinn,flurp,Drew,zazzo,"Hmm, Wugs must like to bounce balls on their heads.","Hmm, Alex must like to bounce balls on their heads.",alex.png,alex_ball.png,orange9.png,green11.png,Drew,zazzo,individual,2,1,21784,2026-07-22T15:06:38.230Z,Younger,-0.2762067448793273,1.0,1.0,1.0,1,6.847364818617385,DOB
TT017_1784732543399,,Lucas,6,A,A,B,yes2_boss,hmm2_close,close_boss,hmm2_close,close,hmm,individual,group,False,individual,group,Whisper_Hmm_2,Jordan,whisper,Skyler,flurp,Reese,zazzo,"Hmm, Jordan must like to whisper when they talk.","Hmm, Wugs must like to whisper when they talk.",jordan.png,jordan_whisper.png,orange14.png,green9.png,Skyler,flurp,individual,2,1,133172,2026-07-22T15:09:42.550Z,Younger,-0.2762067448793273,1.0,1.0,1.0,1,6.847364818617385,DOB
TT017_1784732543399,,Lucas,6,A,A,B,yes2_boss,hmm2_close,close_boss,hmm2_close,close,hmm,individual,group,True,group,individual,Walls_Hmm_2,Taylor,walls,Finley,flurp,Robin,zazzo,"Hmm, Wugs must like to climb tall buildings.","Hmm, Taylor must like to climb tall buildings.",taylor.png,taylor_walls.png,orange9.png,green6.png,Finley,flurp,group,1,0,16744,2026-07-22T15:10:34.680Z,Younger,-0.2762067448793273,1.0,1.0,1.0,0,6.847364818617385,DOB
TT017_1784732543399,,Lucas,6,A,A,B,yes2_boss,hmm2_close,close_boss,hmm2_close,close,hmm,individual,group,False,individual,group,Bugs_Hmm_2,Rowan,bugs,Emery,flurp,Jules,zazzo,"Hmm, Rowan must like to play with bugs.","Hmm, Wugs must like to play with bugs.",rowan.png,rowan_bugs.png,orange2.png,green12.png,Jules,zazzo,group,1,0,21978,2026-07-22T15:11:46.195Z,Younger,-0.2762067448793273,1.0,1.0,1.0,0,6.847364818617385,DOB
TT017_1784732543399,,Lucas,6,A,A,B,yes2_boss,hmm2_close,close_boss,hmm2_close,close,hmm,individual,group,True,group,individual,Flowers_Hmm_2,Riley,flowers,Ash,flurp,Charlie,zazzo,"Hmm, Wugs must like to eat flowers.","Hmm, Riley must like to eat flowers.",riley.png,riley_flowers.png,orange4.png,green.png,Ash,flurp,group,1,0,18331,2026-07-22T15:12:39.943Z,Younger,-0.2762067448793273,1.0,1.0,1.0,0,6.847364818617385,DOB
TT017_1784732543399,,Lucas,6,B,A,B,yes2_boss,hmm2_close,close_boss,yes2_boss,boss,yes,individual,group,False,individual,group,Spinning_Yes_2_b,Wren,spinning,Lumi,flurp,Flint,zazzo,"Yes, Wren likes to spin around before sitting down.","Yes, Wugs like to spin around before sitting down.",wren.png,wren_spinning.png,orange7.png,green7.png,Lumi,flurp,individual,2,0,21205,2026-07-22T15:14:26.021Z,Younger,-0.2762067448793273,-1.0,-1.0,1.0,0,6.847364818617385,DOB
TT017_1784732543399,,Lucas,6,B,A,B,yes2_boss,hmm2_close,close_boss,yes2_boss,boss,yes,individual,group,True,group,individual,Rocks_Yes_2_b,Sam,rocks,Nova,flurp,Finn,zazzo,"Yes, Wugs like to pick up rocks and put them in their pocket.","Yes, Sam likes to pick up rocks and put them in their pocket.",sam.png,sam_rocks.png,orange15.png,green7.png,Nova,flurp,group,1,1,20401,2026-07-22T15:15:23.122Z,Younger,-0.2762067448793273,-1.0,-1.0,1.0,1,6.847364818617385,DOB
TT017_1784732543399,,Lucas,6,B,A,B,yes2_boss,hmm2_close,close_boss,yes2_boss,boss,yes,individual,group,False,individual,group,Pinecones_Yes_2_b,Blake,pinecones,Zara,flurp,Bryn,zazzo,"Yes, Blake likes to pile up pinecones into a tall tower.","Yes, Wugs like to pile up pinecones into a tall tower.",blake.png,blake_pinecones.png,orange8.png,green7.png,Bryn,zazzo,group,1,1,22240,2026-07-22T15:16:29.608Z,Younger,-0.2762067448793273,-1.0,-1.0,1.0,1,6.847364818617385,DOB
TT017_1784732543399,,Lucas,6,B,A,B,yes2_boss,hmm2_close,close_boss,yes2_boss,boss,yes,individual,group,True,group,individual,Sniffing_Yes_2_b,Arlo,sniffing,Cora,flurp,Beau,zazzo,"Yes, Wugs like to sniff things before touching them.","Yes, Arlo likes to sniff things before touching them.",arlo.png,arlo_sniffing.png,orange8.png,green2.png,Cora,flurp,group,1,1,24597,2026-07-22T15:17:27.248Z,Younger,-0.2762067448793273,-1.0,-1.0,1.0,1,6.847364818617385,DOB
TT017_1784732543399,,Lucas,6,B,A,B,yes2_boss,hmm2_close,close_boss,yes2_boss,boss,yes,individual,group,True,group,individual,Plants_Yes_2_b,Sage,plants,Juno,flurp,Reed,zazzo,"Yes, Wugs like to talk to plants.","Yes, Sage likes to talk to plants.",sage.png,sage_plants.png,orange4.png,green11.png,Reed,zazzo,individual,2,0,23891,2026-07-22T15:18:34.420Z,Younger,-0.2762067448793273,-1.0,-1.0,1.0,0,6.847364818617385,DOB
TT017_1784732543399,,Lucas,6,B,A,B,yes2_boss,hmm2_close,close_boss,yes2_boss,boss,yes,individual,group,True,group,individual,Backwards_Yes_2_b,Theo,backwards,Cleo,flurp,Moss,zazzo,"Yes, Wugs like to walk backwards.","Yes, Theo likes to walk backwards.",theo.png,theo_backwards.png,orange11.png,green1.png,Cleo,flurp,group,1,1,20860,2026-07-22T15:19:33.620Z,Younger,-0.2762067448793273,-1.0,-1.0,1.0,1,6.847364818617385,DOB
TT018_1782761382358,,talia,5,A,B,A,yes1_boss,yes1_close,boss_close,yes1_boss,boss,yes,group,individual,True,individual,group,Bugs_Yes_1_b,Rowan,bugs,Emery,flurp,Jules,zazzo,"Yes, Rowan likes to play with bugs.","Yes, Wugs like to play with bugs.",rowan.png,rowan_bugs.png,orange4.png,green2.png,Emery,flurp,individual,2,0,37917,2026-06-29T19:36:05.417Z,Younger,-1.4206283739005459,-1.0,-1.0,1.0,0,5.702943189596167,DOB
TT018_1782761382358,,talia,5,A,B,A,yes1_boss,yes1_close,boss_close,yes1_boss,boss,yes,group,individual,True,individual,group,Night_Yes_1_b,Casey,night,River,flurp,Morgan,zazzo,"Yes, Casey likes to stay up in the middle of the night.","Yes, Wugs like to stay up in the middle of the night.",casey.png,casey_night.png,orange8.png,green.png,River,flurp,individual,2,0,28441,2026-06-29T19:37:09.341Z,Younger,-1.4206283739005459,-1.0,-1.0,1.0,0,5.702943189596167,DOB
TT018_1782761382358,,talia,5,A,B,A,yes1_boss,yes1_close,boss_close,yes1_boss,boss,yes,group,individual,True,individual,group,Flowers_Yes_1_b,Riley,flowers,Ash,flurp,Charlie,zazzo,"Yes, Riley likes to eat flowers.","Yes, Wugs like to eat flowers.",riley.png,riley_flowers.png,orange4.png,green7.png,Ash,flurp,individual,2,0,27031,2026-06-29T19:38:25.426Z,Younger,-1.4206283739005459,-1.0,-1.0,1.0,0,5.702943189596167,DOB
TT018_1782761382358,,talia,5,A,B,A,yes1_boss,yes1_close,boss_close,yes1_boss,boss,yes,group,individual,False,group,individual,Walls_Yes_1_b,Taylor,walls,Finley,flurp,Robin,zazzo,"Yes, Wugs like to climb tall buildings.","Yes, Taylor likes to climb tall buildings.",taylor.png,taylor_walls.png,orange7.png,green1.png,Finley,flurp,group,1,1,23371,2026-06-29T19:39:23.165Z,Younger,-1.4206283739005459,-1.0,-1.0,1.0,1,5.702943189596167,DOB
TT018_1782761382358,,talia,5,A,B,A,yes1_boss,yes1_close,boss_close,yes1_boss,boss,yes,group,individual,False,group,individual,Balls_Yes_1_b,Alex,balls,Quinn,flurp,Drew,zazzo,"Yes, Wugs like to bounce balls on their heads.","Yes, Alex likes to bounce balls on their heads.",alex.png,alex_ball.png,orange3.png,green11.png,Quinn,flurp,group,1,1,35112,2026-06-29T19:40:48.023Z,Younger,-1.4206283739005459,-1.0,-1.0,1.0,1,5.702943189596167,DOB
TT018_1782761382358,,talia,5,A,B,A,yes1_boss,yes1_close,boss_close,yes1_boss,boss,yes,group,individual,True,individual,group,Whisper_Yes_1_b,Jordan,whisper,Skyler,flurp,Reese,zazzo,"Yes, Jordan likes to whisper when they talk.","Yes, Wugs like to whisper when they talk.",jordan.png,jordan_whisper.png,orange3.png,green.png,Skyler,flurp,individual,2,0,25306,2026-06-29T19:41:50.026Z,Younger,-1.4206283739005459,-1.0,-1.0,1.0,0,5.702943189596167,DOB
TT018_1782761382358,,talia,5,B,B,A,yes1_boss,yes1_close,boss_close,yes1_close,close,yes,group,individual,True,individual,group,Plants_Yes_1,Sage,plants,Juno,flurp,Reed,zazzo,"Yes, Sage likes to talk to plants.","Yes, Wugs like to talk to plants.",sage.png,sage_plants.png,orange15.png,green11.png,Reed,zazzo,group,1,0,23163,2026-06-29T19:43:26.424Z,Younger,-1.4206283739005459,1.0,-1.0,1.0,0,5.702943189596167,DOB
TT018_1782761382358,,talia,5,B,B,A,yes1_boss,yes1_close,boss_close,yes1_close,close,yes,group,individual,False,group,individual,Pinecones_Yes_1,Blake,pinecones,Zara,flurp,Bryn,zazzo,"Yes, Wugs like to pile up pinecones into a tall tower.","Yes, Blake likes to pile up pinecones into a tall tower.",blake.png,blake_pinecones.png,orange11.png,green1.png,Zara,flurp,group,1,0,16999,2026-06-29T19:44:18.209Z,Younger,-1.4206283739005459,1.0,-1.0,1.0,0,5.702943189596167,DOB
TT018_1782761382358,,talia,5,B,B,A,yes1_boss,yes1_close,boss_close,yes1_close,close,yes,group,individual,False,group,individual,Rocks_Yes_1,Sam,rocks,Nova,flurp,Finn,zazzo,"Yes, Wugs like to pick up rocks and put them in their pocket.","Yes, Sam likes to pick up rocks and put them in their pocket.",sam.png,sam_rocks.png,orange2.png,green11.png,Finn,zazzo,individual,2,1,17098,2026-06-29T19:45:23.773Z,Younger,-1.4206283739005459,1.0,-1.0,1.0,1,5.702943189596167,DOB
TT018_1782761382358,,talia,5,B,B,A,yes1_boss,yes1_close,boss_close,yes1_close,close,yes,group,individual,True,individual,group,Sniffing_Yes_1,Arlo,sniffing,Cora,flurp,Beau,zazzo,"Yes, Arlo likes to sniff things before touching them.","Yes, Wugs like to sniff things before touching them.",arlo.png,arlo_sniffing.png,orange15.png,green7.png,Cora,flurp,individual,2,1,18890,2026-06-29T19:46:16.052Z,Younger,-1.4206283739005459,1.0,-1.0,1.0,1,5.702943189596167,DOB
TT018_1782761382358,,talia,5,B,B,A,yes1_boss,yes1_close,boss_close,yes1_close,close,yes,group,individual,True,individual,group,Backwards_Yes_1,Theo,backwards,Cleo,flurp,Moss,zazzo,"Yes, Theo likes to walk backwards.","Yes, Wugs like to walk backwards.",theo.png,theo_backwards.png,orange3.png,green2.png,Moss,zazzo,group,1,0,16649,2026-06-29T19:47:14.042Z,Younger,-1.4206283739005459,1.0,-1.0,1.0,0,5.702943189596167,DOB
TT018_1782761382358,,talia,5,B,B,A,yes1_boss,yes1_close,boss_close,yes1_close,close,yes,group,individual,True,individual,group,Spinning_Yes_1,Wren,spinning,Lumi,flurp,Flint,zazzo,"Yes, Wren likes to spin around before sitting down.","Yes, Wugs like to spin around before sitting down.",wren.png,wren_spinning.png,orange15.png,green11.png,Lumi,flurp,individual,2,1,17047,2026-06-29T19:48:04.150Z,Younger,-1.4206283739005459,1.0,-1.0,1.0,1,5.702943189596167,DOB
TT019_1784644948993,,Athena,8,B,B,A,hmm1_boss,hmm2_close,close_boss,hmm2_close,close,hmm,individual,group,True,group,individual,Backwards_Hmm_2,Theo,backwards,Cleo,flurp,Moss,zazzo,"Hmm, Wugs must like to walk backwards.","Hmm, Theo must like to walk backwards.",theo.png,theo_backwards.png,orange15.png,green12.png,Moss,zazzo,individual,2,1,19989,2026-07-21T14:45:49.060Z,Older,1.330911667167216,1.0,1.0,-1.0,1,8.454483230663929,DOB
TT019_1784644948993,,Athena,8,B,B,A,hmm1_boss,hmm2_close,close_boss,hmm2_close,close,hmm,individual,group,True,group,individual,Spinning_Hmm_2,Wren,spinning,Lumi,flurp,Flint,zazzo,"Hmm, Wugs must like to spin around before sitting down.","Hmm, Wren must like to spin around before sitting down.",wren.png,wren_spinning.png,orange11.png,green2.png,Flint,zazzo,individual,2,1,17491,2026-07-21T14:46:34.182Z,Older,1.330911667167216,1.0,1.0,-1.0,1,8.454483230663929,DOB
TT019_1784644948993,,Athena,8,B,B,A,hmm1_boss,hmm2_close,close_boss,hmm2_close,close,hmm,individual,group,True,group,individual,Pinecones_Hmm_2,Blake,pinecones,Zara,flurp,Bryn,zazzo,"Hmm, Wugs must like to pile up pinecones into a tall tower.","Hmm, Blake must like to pile up pinecones into a tall tower.",blake.png,blake_pinecones.png,orange11.png,green2.png,Bryn,zazzo,individual,2,1,23236,2026-07-21T14:47:30.574Z,Older,1.330911667167216,1.0,1.0,-1.0,1,8.454483230663929,DOB
TT019_1784644948993,,Athena,8,B,B,A,hmm1_boss,hmm2_close,close_boss,hmm2_close,close,hmm,individual,group,False,individual,group,Plants_Hmm_2,Sage,plants,Juno,flurp,Reed,zazzo,"Hmm, Sage must like to talk to plants.","Hmm, Wugs must like to talk to plants.",sage.png,sage_plants.png,orange13.png,green11.png,Juno,flurp,individual,2,1,22614,2026-07-21T14:48:20.658Z,Older,1.330911667167216,1.0,1.0,-1.0,1,8.454483230663929,DOB
TT019_1784644948993,,Athena,8,B,B,A,hmm1_boss,hmm2_close,close_boss,hmm2_close,close,hmm,individual,group,False,individual,group,Sniffing_Hmm_2,Arlo,sniffing,Cora,flurp,Beau,zazzo,"Hmm, Arlo must like to sniff things before touching them.","Hmm, Wugs must like to sniff things before touching them.",arlo.png,arlo_sniffing.png,orange6.png,green10.png,Cora,flurp,individual,2,1,19138,2026-07-21T14:49:15.585Z,Older,1.330911667167216,1.0,1.0,-1.0,1,8.454483230663929,DOB
TT019_1784644948993,,Athena,8,B,B,A,hmm1_boss,hmm2_close,close_boss,hmm2_close,close,hmm,individual,group,True,group,individual,Rocks_Hmm_2,Sam,rocks,Nova,flurp,Finn,zazzo,"Hmm, Wugs must like to pick up rocks and put them in their pocket.","Hmm, Sam must like to pick up rocks and put them in their pocket.",sam.png,sam_rocks.png,orange7.png,green7.png,Finn,zazzo,individual,2,1,19293,2026-07-21T14:50:10.040Z,Older,1.330911667167216,1.0,1.0,-1.0,1,8.454483230663929,DOB
TT019_1784644948993,,Athena,8,A,B,A,hmm1_boss,hmm2_close,close_boss,hmm1_boss,boss,hmm,group,individual,False,group,individual,Bugs_Hmm_1_b,Rowan,bugs,Emery,flurp,Jules,zazzo,"Hmm, Wugs must like to play with bugs.","Hmm, Rowan must like to play with bugs.",rowan.png,rowan_bugs.png,orange11.png,green.png,Emery,flurp,group,1,1,33170,2026-07-21T14:52:10.003Z,Older,1.330911667167216,-1.0,1.0,-1.0,1,8.454483230663929,DOB
TT019_1784644948993,,Athena,8,A,B,A,hmm1_boss,hmm2_close,close_boss,hmm1_boss,boss,hmm,group,individual,True,individual,group,Night_Hmm_1_b,Casey,night,River,flurp,Morgan,zazzo,"Hmm, Casey must like to stay up in the middle of the night.","Hmm, Wugs must like to stay up in the middle of the night.",casey.png,casey_night.png,orange6.png,green2.png,Morgan,zazzo,group,1,1,41502,2026-07-21T14:53:25.216Z,Older,1.330911667167216,-1.0,1.0,-1.0,1,8.454483230663929,DOB
TT019_1784644948993,,Athena,8,A,B,A,hmm1_boss,hmm2_close,close_boss,hmm1_boss,boss,hmm,group,individual,False,group,individual,Whisper_Hmm_1_b,Jordan,whisper,Skyler,flurp,Reese,zazzo,"Hmm, Wugs must like to whisper when they talk.","Hmm, Jordan must like to whisper when they talk.",jordan.png,jordan_whisper.png,orange14.png,green12.png,Skyler,flurp,group,1,1,18170,2026-07-21T14:54:20.801Z,Older,1.330911667167216,-1.0,1.0,-1.0,1,8.454483230663929,DOB
TT019_1784644948993,,Athena,8,A,B,A,hmm1_boss,hmm2_close,close_boss,hmm1_boss,boss,hmm,group,individual,False,group,individual,Balls_Hmm_1_b,Alex,balls,Quinn,flurp,Drew,zazzo,"Hmm, Wugs must like to bounce balls on their heads.","Hmm, Alex must like to bounce balls on their heads.",alex.png,alex_ball.png,orange11.png,green10.png,Quinn,flurp,group,1,1,29768,2026-07-21T14:55:24.059Z,Older,1.330911667167216,-1.0,1.0,-1.0,1,8.454483230663929,DOB
TT019_1784644948993,,Athena,8,A,B,A,hmm1_boss,hmm2_close,close_boss,hmm1_boss,boss,hmm,group,individual,True,individual,group,Flowers_Hmm_1_b,Riley,flowers,Ash,flurp,Charlie,zazzo,"Hmm, Riley must like to eat flowers.","Hmm, Wugs must like to eat flowers.",riley.png,riley_flowers.png,orange7.png,green12.png,Charlie,zazzo,group,1,1,30835,2026-07-21T14:56:33.311Z,Older,1.330911667167216,-1.0,1.0,-1.0,1,8.454483230663929,DOB
TT019_1784644948993,,Athena,8,A,B,A,hmm1_boss,hmm2_close,close_boss,hmm1_boss,boss,hmm,group,individual,True,individual,group,Walls_Hmm_1_b,Taylor,walls,Finley,flurp,Robin,zazzo,"Hmm, Taylor must like to climb tall buildings.","Hmm, Wugs must like to climb tall buildings.",taylor.png,taylor_walls.png,orange4.png,green6.png,Robin,zazzo,group,1,1,42207,2026-07-21T14:57:46.681Z,Older,1.330911667167216,-1.0,1.0,-1.0,1,8.454483230663929,DOB
TT020_1782179445272,,Molly,5,A,A,B,hmm2_boss,yes2_close,close_boss,yes2_close,close,yes,individual,group,False,individual,group,Ball_Yes_2,Alex,balls,Quinn,flurp,Drew,zazzo,"Yes, Alex likes to bounce balls on their heads.","Yes, Wugs like to bounce balls on their heads.",alex.png,alex_ball.png,orange8.png,green.png,Quinn,flurp,individual,2,1,24885,2026-06-23T01:54:24.537Z,Younger,-1.593112973489868,1.0,-1.0,1.0,1,5.530458590006845,DOB
TT020_1782179445272,,Molly,5,A,A,B,hmm2_boss,yes2_close,close_boss,yes2_close,close,yes,individual,group,False,individual,group,Flowers_Yes_2,Riley,flowers,Ash,flurp,Charlie,zazzo,"Yes, Riley likes to eat flowers.","Yes, Wugs like to eat flowers.",riley.png,riley_flowers.png,orange8.png,green10.png,Charlie,zazzo,group,1,0,17167,2026-06-23T01:55:02.448Z,Younger,-1.593112973489868,1.0,-1.0,1.0,0,5.530458590006845,DOB
TT020_1782179445272,,Molly,5,A,A,B,hmm2_boss,yes2_close,close_boss,yes2_close,close,yes,individual,group,False,individual,group,Climb_Yes_2,Taylor,walls,Finley,flurp,Robin,zazzo,"Yes, Taylor likes to climb tall buildings.","Yes, Wugs like to climb tall buildings.",taylor.png,taylor_walls.png,orange15.png,green11.png,Finley,flurp,individual,2,1,16086,2026-06-23T01:55:49.116Z,Younger,-1.593112973489868,1.0,-1.0,1.0,1,5.530458590006845,DOB
TT020_1782179445272,,Molly,5,A,A,B,hmm2_boss,yes2_close,close_boss,yes2_close,close,yes,individual,group,False,individual,group,Bugs_Yes_2,Rowan,bugs,Emery,flurp,Jules,zazzo,"Yes, Rowan likes to play with bugs.","Yes, Wugs like to play with bugs.",rowan.png,rowan_bugs.png,orange14.png,green11.png,Jules,zazzo,group,1,0,21813,2026-06-23T01:56:38.188Z,Younger,-1.593112973489868,1.0,-1.0,1.0,0,5.530458590006845,DOB
TT020_1782179445272,,Molly,5,A,A,B,hmm2_boss,yes2_close,close_boss,yes2_close,close,yes,individual,group,True,group,individual,Night_Yes_2,Casey,night,River,flurp,Morgan,zazzo,"Yes, Wugs like to stay up in the middle of the night.","Yes, Casey likes to stay up in the middle of the night.",casey.png,casey_night.png,orange10.png,green11.png,River,flurp,group,1,0,17355,2026-06-23T01:57:27.788Z,Younger,-1.593112973489868,1.0,-1.0,1.0,0,5.530458590006845,DOB
TT020_1782179445272,,Molly,5,A,A,B,hmm2_boss,yes2_close,close_boss,yes2_close,close,yes,individual,group,True,group,individual,Whisper_Yes_2,Jordan,whisper,Skyler,flurp,Reese,zazzo,"Yes, Wugs like to whisper when they talk.","Yes, Jordan likes to whisper when they talk.",jordan.png,jordan_whisper.png,orange15.png,green9.png,Skyler,flurp,group,1,0,27248,2026-06-23T01:58:23.446Z,Younger,-1.593112973489868,1.0,-1.0,1.0,0,5.530458590006845,DOB
TT020_1782179445272,,Molly,5,B,A,B,hmm2_boss,yes2_close,close_boss,hmm2_boss,boss,hmm,individual,group,False,individual,group,Backwards_Hmm_2_b,Theo,backwards,Cleo,flurp,Moss,zazzo,"Hmm, Theo must like to walk backwards.","Hmm, Wugs must like to walk backwards.",theo.png,theo_backwards.png,orange10.png,green10.png,Cleo,flurp,individual,2,0,28263,2026-06-23T01:59:54.420Z,Younger,-1.593112973489868,-1.0,1.0,1.0,0,5.530458590006845,DOB
TT020_1782179445272,,Molly,5,B,A,B,hmm2_boss,yes2_close,close_boss,hmm2_boss,boss,hmm,individual,group,True,group,individual,Rocks_Hmm_2_b,Sam,rocks,Nova,flurp,Finn,zazzo,"Hmm, Wugs must like to pick up rocks and put them in their pocket.","Hmm, Sam must like to pick up rocks and put them in their pocket.",sam.png,sam_rocks.png,orange3.png,green7.png,Finn,zazzo,individual,2,0,25775,2026-06-23T02:00:46.577Z,Younger,-1.593112973489868,-1.0,1.0,1.0,0,5.530458590006845,DOB
TT020_1782179445272,,Molly,5,B,A,B,hmm2_boss,yes2_close,close_boss,hmm2_boss,boss,hmm,individual,group,False,individual,group,Plants_Hmm_2_b,Sage,plants,Juno,flurp,Reed,zazzo,"Hmm, Sage must like to talk to plants.","Hmm, Wugs must like to talk to plants.",sage.png,sage_plants.png,orange13.png,green9.png,Juno,flurp,individual,2,0,19279,2026-06-23T02:01:35.092Z,Younger,-1.593112973489868,-1.0,1.0,1.0,0,5.530458590006845,DOB
TT020_1782179445272,,Molly,5,B,A,B,hmm2_boss,yes2_close,close_boss,hmm2_boss,boss,hmm,individual,group,False,individual,group,Spinning_Hmm_2_b,Wren,spinning,Lumi,flurp,Flint,zazzo,"Hmm, Wren must like to spin around before sitting down.","Hmm, Wugs must like to spin around before sitting down.",wren.png,wren_spinning.png,orange8.png,green9.png,Flint,zazzo,group,1,1,34031,2026-06-23T02:02:33.610Z,Younger,-1.593112973489868,-1.0,1.0,1.0,1,5.530458590006845,DOB
TT020_1782179445272,,Molly,5,B,A,B,hmm2_boss,yes2_close,close_boss,hmm2_boss,boss,hmm,individual,group,False,individual,group,Pinecones_Hmm_2_b,Blake,pinecones,Zara,flurp,Bryn,zazzo,"Hmm, Blake must like to pile up pinecones into a tall tower.","Hmm, Wugs must like to pile up pinecones into a tall tower.",blake.png,blake_pinecones.png,orange2.png,green2.png,Bryn,zazzo,group,1,1,25694,2026-06-23T02:03:29.689Z,Younger,-1.593112973489868,-1.0,1.0,1.0,1,5.530458590006845,DOB
TT020_1782179445272,,Molly,5,B,A,B,hmm2_boss,yes2_close,close_boss,hmm2_boss,boss,hmm,individual,group,False,individual,group,Sniffing_Hmm_2_b,Arlo,sniffing,Cora,flurp,Beau,zazzo,"Hmm, Arlo must like to sniff things before touching them.","Hmm, Wugs must like to sniff things before touching them.",arlo.png,arlo_sniffing.png,orange10.png,green1.png,Cora,flurp,individual,2,0,20226,2026-06-23T02:04:16.168Z,Younger,-1.593112973489868,-1.0,1.0,1.0,0,5.530458590006845,DOB
TT020_1783200401617,,Christina,7,A,A,B,yes2_boss,yes2_close,close_boss,yes2_close,close,yes,individual,group,False,individual,group,Flowers_Yes_2,Riley,flowers,Ash,flurp,Charlie,zazzo,"Yes, Riley likes to eat flowers.","Yes, Wugs like to eat flowers.",riley.png,riley_flowers.png,orange4.png,green6.png,Charlie,zazzo,group,1,0,32904,2026-07-04T21:30:27.393Z,Older,0.6738274782555118,1.0,-1.0,-1.0,0,7.797399041752224,DOB
TT020_1783200401617,,Christina,7,A,A,B,yes2_boss,yes2_close,close_boss,yes2_close,close,yes,individual,group,False,individual,group,Bugs_Yes_2,Rowan,bugs,Emery,flurp,Jules,zazzo,"Yes, Rowan likes to play with bugs.","Yes, Wugs like to play with bugs.",rowan.png,rowan_bugs.png,orange8.png,green7.png,Emery,flurp,individual,2,1,18249,2026-07-04T21:31:16.617Z,Older,0.6738274782555118,1.0,-1.0,-1.0,1,7.797399041752224,DOB
TT020_1783200401617,,Christina,7,A,A,B,yes2_boss,yes2_close,close_boss,yes2_close,close,yes,individual,group,False,individual,group,Ball_Yes_2,Alex,balls,Quinn,flurp,Drew,zazzo,"Yes, Alex likes to bounce balls on their heads.","Yes, Wugs like to bounce balls on their heads.",alex.png,alex_ball.png,orange2.png,green7.png,Quinn,flurp,individual,2,1,14703,2026-07-04T21:32:07.392Z,Older,0.6738274782555118,1.0,-1.0,-1.0,1,7.797399041752224,DOB
TT020_1783200401617,,Christina,7,A,A,B,yes2_boss,yes2_close,close_boss,yes2_close,close,yes,individual,group,False,individual,group,Climb_Yes_2,Taylor,walls,Finley,flurp,Robin,zazzo,"Yes, Taylor likes to climb tall buildings.","Yes, Wugs like to climb tall buildings.",taylor.png,taylor_walls.png,orange13.png,green1.png,Finley,flurp,individual,2,1,12383,2026-07-04T21:32:52.656Z,Older,0.6738274782555118,1.0,-1.0,-1.0,1,7.797399041752224,DOB
TT020_1783200401617,,Christina,7,A,A,B,yes2_boss,yes2_close,close_boss,yes2_close,close,yes,individual,group,False,individual,group,Night_Yes_2,Casey,night,River,flurp,Morgan,zazzo,"Yes, Casey likes to stay up in the middle of the night.","Yes, Wugs like to stay up in the middle of the night.",casey.png,casey_night.png,orange2.png,green11.png,River,flurp,individual,2,1,20167,2026-07-04T21:33:52.041Z,Older,0.6738274782555118,1.0,-1.0,-1.0,1,7.797399041752224,DOB
TT020_1783200401617,,Christina,7,A,A,B,yes2_boss,yes2_close,close_boss,yes2_close,close,yes,individual,group,True,group,individual,Whisper_Yes_2,Jordan,whisper,Skyler,flurp,Reese,zazzo,"Yes, Wugs like to whisper when they talk.","Yes, Jordan likes to whisper when they talk.",jordan.png,jordan_whisper.png,orange6.png,green6.png,Reese,zazzo,individual,2,1,12199,2026-07-04T21:34:34.162Z,Older,0.6738274782555118,1.0,-1.0,-1.0,1,7.797399041752224,DOB
TT020_1783200401617,,Christina,7,B,A,B,yes2_boss,yes2_close,close_boss,yes2_boss,boss,yes,individual,group,True,group,individual,Sniffing_Yes_2_b,Arlo,sniffing,Cora,flurp,Beau,zazzo,"Yes, Wugs like to sniff things before touching them.","Yes, Arlo likes to sniff things before touching them.",arlo.png,arlo_sniffing.png,orange15.png,green9.png,Beau,zazzo,individual,2,0,9791,2026-07-04T21:35:52.160Z,Older,0.6738274782555118,-1.0,-1.0,-1.0,0,7.797399041752224,DOB
TT020_1783200401617,,Christina,7,B,A,B,yes2_boss,yes2_close,close_boss,yes2_boss,boss,yes,individual,group,True,group,individual,Backwards_Yes_2_b,Theo,backwards,Cleo,flurp,Moss,zazzo,"Yes, Wugs like to walk backwards.","Yes, Theo likes to walk backwards.",theo.png,theo_backwards.png,orange4.png,green2.png,Moss,zazzo,individual,2,0,9793,2026-07-04T21:36:28.489Z,Older,0.6738274782555118,-1.0,-1.0,-1.0,0,7.797399041752224,DOB
TT020_1783200401617,,Christina,7,B,A,B,yes2_boss,yes2_close,close_boss,yes2_boss,boss,yes,individual,group,False,individual,group,Pinecones_Yes_2_b,Blake,pinecones,Zara,flurp,Bryn,zazzo,"Yes, Blake likes to pile up pinecones into a tall tower.","Yes, Wugs like to pile up pinecones into a tall tower.",blake.png,blake_pinecones.png,orange13.png,green7.png,Bryn,zazzo,group,1,1,20903,2026-07-04T21:37:17.384Z,Older,0.6738274782555118,-1.0,-1.0,-1.0,1,7.797399041752224,DOB
TT020_1783200401617,,Christina,7,B,A,B,yes2_boss,yes2_close,close_boss,yes2_boss,boss,yes,individual,group,True,group,individual,Plants_Yes_2_b,Sage,plants,Juno,flurp,Reed,zazzo,"Yes, Wugs like to talk to plants.","Yes, Sage likes to talk to plants.",sage.png,sage_plants.png,orange13.png,green11.png,Reed,zazzo,individual,2,0,9811,2026-07-04T21:37:58.091Z,Older,0.6738274782555118,-1.0,-1.0,-1.0,0,7.797399041752224,DOB
TT020_1783200401617,,Christina,7,B,A,B,yes2_boss,yes2_close,close_boss,yes2_boss,boss,yes,individual,group,False,individual,group,Rocks_Yes_2_b,Sam,rocks,Nova,flurp,Finn,zazzo,"Yes, Sam likes to pick up rocks and put them in their pocket.","Yes, Wugs like to pick up rocks and put them in their pocket.",sam.png,sam_rocks.png,orange2.png,green9.png,Nova,flurp,individual,2,0,16312,2026-07-04T21:38:49.433Z,Older,0.6738274782555118,-1.0,-1.0,-1.0,0,7.797399041752224,DOB
TT020_1783200401617,,Christina,7,B,A,B,yes2_boss,yes2_close,close_boss,yes2_boss,boss,yes,individual,group,False,individual,group,Spinning_Yes_2_b,Wren,spinning,Lumi,flurp,Flint,zazzo,"Yes, Wren likes to spin around before sitting down.","Yes, Wugs like to spin around before sitting down.",wren.png,wren_spinning.png,orange15.png,green.png,Lumi,flurp,individual,2,0,11136,2026-07-04T21:39:20.832Z,Older,0.6738274782555118,-1.0,-1.0,-1.0,0,7.797399041752224,DOB
TT021_1781967893349,,Jonah,8,B,A,B,yes2_boss,yes1_close,boss_close,yes2_boss,boss,yes,individual,group,False,individual,group,Backwards_Yes_2_b,Theo,backwards,Cleo,flurp,Moss,zazzo,"Yes, Theo likes to walk backwards.","Yes, Wugs like to walk backwards.",theo.png,theo_backwards.png,orange9.png,green6.png,Moss,zazzo,group,1,1,21443,2026-06-20T15:28:48.082Z,Older,1.0927186486867235,-1.0,-1.0,-1.0,1,8.216290212183436,DOB
TT021_1781967893349,,Jonah,8,B,A,B,yes2_boss,yes1_close,boss_close,yes2_boss,boss,yes,individual,group,True,group,individual,Plants_Yes_2_b,Sage,plants,Juno,flurp,Reed,zazzo,"Yes, Wugs like to talk to plants.","Yes, Sage likes to talk to plants.",sage.png,sage_plants.png,orange15.png,green10.png,Juno,flurp,group,1,1,11274,2026-06-20T15:29:25.456Z,Older,1.0927186486867235,-1.0,-1.0,-1.0,1,8.216290212183436,DOB
TT021_1781967893349,,Jonah,8,B,A,B,yes2_boss,yes1_close,boss_close,yes2_boss,boss,yes,individual,group,True,group,individual,Sniffing_Yes_2_b,Arlo,sniffing,Cora,flurp,Beau,zazzo,"Yes, Wugs like to sniff things before touching them.","Yes, Arlo likes to sniff things before touching them.",arlo.png,arlo_sniffing.png,orange13.png,green6.png,Cora,flurp,group,1,1,12976,2026-06-20T15:30:13.390Z,Older,1.0927186486867235,-1.0,-1.0,-1.0,1,8.216290212183436,DOB
TT021_1781967893349,,Jonah,8,B,A,B,yes2_boss,yes1_close,boss_close,yes2_boss,boss,yes,individual,group,True,group,individual,Pinecones_Yes_2_b,Blake,pinecones,Zara,flurp,Bryn,zazzo,"Yes, Wugs like to pile up pinecones into a tall tower.","Yes, Blake likes to pile up pinecones into a tall tower.",blake.png,blake_pinecones.png,orange10.png,green7.png,Zara,flurp,group,1,1,14474,2026-06-20T15:30:54.156Z,Older,1.0927186486867235,-1.0,-1.0,-1.0,1,8.216290212183436,DOB
TT021_1781967893349,,Jonah,8,B,A,B,yes2_boss,yes1_close,boss_close,yes2_boss,boss,yes,individual,group,True,group,individual,Spinning_Yes_2_b,Wren,spinning,Lumi,flurp,Flint,zazzo,"Yes, Wugs like to spin around before sitting down.","Yes, Wren likes to spin around before sitting down.",wren.png,wren_spinning.png,orange2.png,green10.png,Lumi,flurp,group,1,1,10353,2026-06-20T15:31:21.184Z,Older,1.0927186486867235,-1.0,-1.0,-1.0,1,8.216290212183436,DOB
TT021_1781967893349,,Jonah,8,B,A,B,yes2_boss,yes1_close,boss_close,yes2_boss,boss,yes,individual,group,False,individual,group,Rocks_Yes_2_b,Sam,rocks,Nova,flurp,Finn,zazzo,"Yes, Sam likes to pick up rocks and put them in their pocket.","Yes, Wugs like to pick up rocks and put them in their pocket.",sam.png,sam_rocks.png,orange14.png,green1.png,Finn,zazzo,group,1,1,12274,2026-06-20T15:31:42.667Z,Older,1.0927186486867235,-1.0,-1.0,-1.0,1,8.216290212183436,DOB
TT021_1781967893349,,Jonah,8,A,A,B,yes2_boss,yes1_close,boss_close,yes1_close,close,yes,group,individual,False,group,individual,Bugs_Yes_1,Rowan,bugs,Emery,flurp,Jules,zazzo,"Yes, Wugs like to play with bugs.","Yes, Rowan likes to play with bugs.",rowan.png,rowan_bugs.png,orange6.png,green10.png,Emery,flurp,group,1,0,10160,2026-06-20T15:32:31.042Z,Older,1.0927186486867235,1.0,-1.0,-1.0,0,8.216290212183436,DOB
TT021_1781967893349,,Jonah,8,A,A,B,yes2_boss,yes1_close,boss_close,yes1_close,close,yes,group,individual,False,group,individual,Whisper_Yes_1,Jordan,whisper,Skyler,flurp,Reese,zazzo,"Yes, Wugs like to whisper when they talk.","Yes, Jordan likes to whisper when they talk.",jordan.png,jordan_whisper.png,orange10.png,green9.png,Skyler,flurp,group,1,0,11690,2026-06-20T15:32:51.605Z,Older,1.0927186486867235,1.0,-1.0,-1.0,0,8.216290212183436,DOB
TT021_1781967893349,,Jonah,8,A,A,B,yes2_boss,yes1_close,boss_close,yes1_close,close,yes,group,individual,False,group,individual,Balls_Yes_1,Alex,balls,Quinn,flurp,Drew,zazzo,"Yes, Wugs like to bounce balls on their heads.","Yes, Alex likes to bounce balls on their heads.",alex.png,alex_ball.png,orange4.png,green7.png,Quinn,flurp,group,1,0,12336,2026-06-20T15:33:15.768Z,Older,1.0927186486867235,1.0,-1.0,-1.0,0,8.216290212183436,DOB
TT021_1781967893349,,Jonah,8,A,A,B,yes2_boss,yes1_close,boss_close,yes1_close,close,yes,group,individual,False,group,individual,Climb_Yes_1,Taylor,walls,Finley,flurp,Robin,zazzo,"Yes, Wugs like to climb tall buildings.","Yes, Taylor likes to climb tall buildings.",taylor.png,taylor_walls.png,orange2.png,green1.png,Finley,flurp,group,1,0,11043,2026-06-20T15:33:35.564Z,Older,1.0927186486867235,1.0,-1.0,-1.0,0,8.216290212183436,DOB
TT021_1781967893349,,Jonah,8,A,A,B,yes2_boss,yes1_close,boss_close,yes1_close,close,yes,group,individual,True,individual,group,Flowers_Yes_1,Riley,flowers,Ash,flurp,Charlie,zazzo,"Yes, Riley likes to eat flowers.","Yes, Wugs like to eat flowers.",riley.png,riley_flowers.png,orange3.png,green10.png,Charlie,zazzo,group,1,0,13354,2026-06-20T15:34:00.791Z,Older,1.0927186486867235,1.0,-1.0,-1.0,0,8.216290212183436,DOB
TT021_1781967893349,,Jonah,8,A,A,B,yes2_boss,yes1_close,boss_close,yes1_close,close,yes,group,individual,False,group,individual,Night_Yes_1,Casey,night,River,flurp,Morgan,zazzo,"Yes, Wugs like to stay up in the middle of the night.","Yes, Casey likes to stay up in the middle of the night.",casey.png,casey_night.png,orange6.png,green2.png,River,flurp,group,1,0,18987,2026-06-20T15:34:29.091Z,Older,1.0927186486867235,1.0,-1.0,-1.0,0,8.216290212183436,DOB
TT021_1783744427163,,Aurora  mongo  mongo,8,B,A,B,hmm2_boss,yes2_close,boss_close,hmm2_boss,boss,hmm,individual,group,True,group,individual,Spinning_Hmm_2_b,Wren,spinning,Lumi,flurp,Flint,zazzo,"Hmm, Wugs must like to spin around before sitting down.","Hmm, Wren must like to spin around before sitting down.",wren.png,wren_spinning.png,orange7.png,green11.png,Flint,zazzo,individual,2,0,25776,2026-07-11T04:37:42.706Z,Older,1.4459014002267647,-1.0,1.0,-1.0,0,8.569472963723477,DOB
TT021_1783744427163,,Aurora  mongo  mongo,8,B,A,B,hmm2_boss,yes2_close,boss_close,hmm2_boss,boss,hmm,individual,group,True,group,individual,Rocks_Hmm_2_b,Sam,rocks,Nova,flurp,Finn,zazzo,"Hmm, Wugs must like to pick up rocks and put them in their pocket.","Hmm, Sam must like to pick up rocks and put them in their pocket.",sam.png,sam_rocks.png,orange10.png,green12.png,Nova,flurp,group,1,1,24878,2026-07-11T04:38:15.873Z,Older,1.4459014002267647,-1.0,1.0,-1.0,1,8.569472963723477,DOB
TT021_1783744427163,,Aurora  mongo  mongo,8,B,A,B,hmm2_boss,yes2_close,boss_close,hmm2_boss,boss,hmm,individual,group,True,group,individual,Pinecones_Hmm_2_b,Blake,pinecones,Zara,flurp,Bryn,zazzo,"Hmm, Wugs must like to pile up pinecones into a tall tower.","Hmm, Blake must like to pile up pinecones into a tall tower.",blake.png,blake_pinecones.png,orange11.png,green2.png,Bryn,zazzo,individual,2,0,27792,2026-07-11T04:39:31.632Z,Older,1.4459014002267647,-1.0,1.0,-1.0,0,8.569472963723477,DOB
TT021_1783744427163,,Aurora  mongo  mongo,8,B,A,B,hmm2_boss,yes2_close,boss_close,hmm2_boss,boss,hmm,individual,group,False,individual,group,Backwards_Hmm_2_b,Theo,backwards,Cleo,flurp,Moss,zazzo,"Hmm, Theo must like to walk backwards.","Hmm, Wugs must like to walk backwards.",theo.png,theo_backwards.png,orange3.png,green7.png,Moss,zazzo,group,1,1,27380,2026-07-11T04:40:36.323Z,Older,1.4459014002267647,-1.0,1.0,-1.0,1,8.569472963723477,DOB
TT021_1783744427163,,Aurora  mongo  mongo,8,B,A,B,hmm2_boss,yes2_close,boss_close,hmm2_boss,boss,hmm,individual,group,True,group,individual,Plants_Hmm_2_b,Sage,plants,Juno,flurp,Reed,zazzo,"Hmm, Wugs must like to talk to plants.","Hmm, Sage must like to talk to plants.",sage.png,sage_plants.png,orange7.png,green9.png,Juno,flurp,group,1,1,29076,2026-07-11T04:42:01.882Z,Older,1.4459014002267647,-1.0,1.0,-1.0,1,8.569472963723477,DOB
TT021_1783744427163,,Aurora  mongo  mongo,8,B,A,B,hmm2_boss,yes2_close,boss_close,hmm2_boss,boss,hmm,individual,group,False,individual,group,Sniffing_Hmm_2_b,Arlo,sniffing,Cora,flurp,Beau,zazzo,"Hmm, Arlo must like to sniff things before touching them.","Hmm, Wugs must like to sniff things before touching them.",arlo.png,arlo_sniffing.png,orange2.png,green10.png,Beau,zazzo,group,1,1,171581,2026-07-11T04:45:23.929Z,Older,1.4459014002267647,-1.0,1.0,-1.0,1,8.569472963723477,DOB
TT021_1783744427163,,Aurora  mongo  mongo,8,A,A,B,hmm2_boss,yes2_close,boss_close,yes2_close,close,yes,individual,group,True,group,individual,Climb_Yes_2,Taylor,walls,Finley,flurp,Robin,zazzo,"Yes, Wugs like to climb tall buildings.","Yes, Taylor likes to climb tall buildings.",taylor.png,taylor_walls.png,orange4.png,green1.png,Finley,flurp,group,1,0,17160,2026-07-11T04:46:34.782Z,Older,1.4459014002267647,1.0,-1.0,-1.0,0,8.569472963723477,DOB
TT021_1783744427163,,Aurora  mongo  mongo,8,A,A,B,hmm2_boss,yes2_close,boss_close,yes2_close,close,yes,individual,group,False,individual,group,Flowers_Yes_2,Riley,flowers,Ash,flurp,Charlie,zazzo,"Yes, Riley likes to eat flowers.","Yes, Wugs like to eat flowers.",riley.png,riley_flowers.png,orange8.png,green12.png,Charlie,zazzo,group,1,0,122129,2026-07-11T04:49:16.972Z,Older,1.4459014002267647,1.0,-1.0,-1.0,0,8.569472963723477,DOB
TT021_1783744427163,,Aurora  mongo  mongo,8,A,A,B,hmm2_boss,yes2_close,boss_close,yes2_close,close,yes,individual,group,True,group,individual,Whisper_Yes_2,Jordan,whisper,Skyler,flurp,Reese,zazzo,"Yes, Wugs like to whisper when they talk.","Yes, Jordan likes to whisper when they talk.",jordan.png,jordan_whisper.png,orange4.png,green1.png,Skyler,flurp,group,1,0,29884,2026-07-11T04:50:29.878Z,Older,1.4459014002267647,1.0,-1.0,-1.0,0,8.569472963723477,DOB
TT021_1783744427163,,Aurora  mongo  mongo,8,A,A,B,hmm2_boss,yes2_close,boss_close,yes2_close,close,yes,individual,group,True,group,individual,Night_Yes_2,Casey,night,River,flurp,Morgan,zazzo,"Yes, Wugs like to stay up in the middle of the night.","Yes, Casey likes to stay up in the middle of the night.",casey.png,casey_night.png,orange15.png,green12.png,Morgan,zazzo,individual,2,1,18274,2026-07-11T04:50:55.423Z,Older,1.4459014002267647,1.0,-1.0,-1.0,1,8.569472963723477,DOB
TT021_1783744427163,,Aurora  mongo  mongo,8,A,A,B,hmm2_boss,yes2_close,boss_close,yes2_close,close,yes,individual,group,False,individual,group,Bugs_Yes_2,Rowan,bugs,Emery,flurp,Jules,zazzo,"Yes, Rowan likes to play with bugs.","Yes, Wugs like to play with bugs.",rowan.png,rowan_bugs.png,orange14.png,green2.png,Emery,flurp,individual,2,1,21182,2026-07-11T04:51:30.726Z,Older,1.4459014002267647,1.0,-1.0,-1.0,1,8.569472963723477,DOB
TT021_1783744427163,,Aurora  mongo  mongo,8,A,A,B,hmm2_boss,yes2_close,boss_close,yes2_close,close,yes,individual,group,False,individual,group,Ball_Yes_2,Alex,balls,Quinn,flurp,Drew,zazzo,"Yes, Alex likes to bounce balls on their heads.","Yes, Wugs like to bounce balls on their heads.",alex.png,alex_ball.png,orange11.png,green.png,Drew,zazzo,group,1,0,18866,2026-07-11T04:51:56.224Z,Older,1.4459014002267647,1.0,-1.0,-1.0,0,8.569472963723477,DOB
TT023_1783367000307,,ethan,7,B,B,A,yes1_boss,yes2_close,close_boss,yes2_close,close,yes,individual,group,True,group,individual,Sniffing_Yes_2,Arlo,sniffing,Cora,flurp,Beau,zazzo,"Yes, Wugs like to sniff things before touching them.","Yes, Arlo likes to sniff things before touching them.",arlo.png,arlo_sniffing.png,orange2.png,green7.png,Beau,zazzo,individual,2,1,17318,2026-07-06T19:45:36.269Z,Older,0.6135947609386054,1.0,-1.0,-1.0,1,7.737166324435318,DOB
TT023_1783367000307,,ethan,7,B,B,A,yes1_boss,yes2_close,close_boss,yes2_close,close,yes,individual,group,False,individual,group,Spinning_Yes_2,Wren,spinning,Lumi,flurp,Flint,zazzo,"Yes, Wren likes to spin around before sitting down.","Yes, Wugs like to spin around before sitting down.",wren.png,wren_spinning.png,orange14.png,green7.png,Lumi,flurp,individual,2,1,11431,2026-07-06T19:46:14.880Z,Older,0.6135947609386054,1.0,-1.0,-1.0,1,7.737166324435318,DOB
TT023_1783367000307,,ethan,7,B,B,A,yes1_boss,yes2_close,close_boss,yes2_close,close,yes,individual,group,False,individual,group,Pinecones_Yes_2,Blake,pinecones,Zara,flurp,Bryn,zazzo,"Yes, Blake likes to pile up pinecones into a tall tower.","Yes, Wugs like to pile up pinecones into a tall tower.",blake.png,blake_pinecones.png,orange8.png,green9.png,Bryn,zazzo,group,1,0,12958,2026-07-06T19:46:58.231Z,Older,0.6135947609386054,1.0,-1.0,-1.0,0,7.737166324435318,DOB
TT023_1783367000307,,ethan,7,B,B,A,yes1_boss,yes2_close,close_boss,yes2_close,close,yes,individual,group,False,individual,group,Rocks_Yes_2,Sam,rocks,Nova,flurp,Finn,zazzo,"Yes, Sam likes to pick up rocks and put them in their pocket.","Yes, Wugs like to pick up rocks and put them in their pocket.",sam.png,sam_rocks.png,orange3.png,green10.png,Finn,zazzo,group,1,0,12278,2026-07-06T19:47:35.173Z,Older,0.6135947609386054,1.0,-1.0,-1.0,0,7.737166324435318,DOB
TT023_1783367000307,,ethan,7,B,B,A,yes1_boss,yes2_close,close_boss,yes2_close,close,yes,individual,group,False,individual,group,Backwards_Yes_2,Theo,backwards,Cleo,flurp,Moss,zazzo,"Yes, Theo likes to walk backwards.","Yes, Wugs like to walk backwards.",theo.png,theo_backwards.png,orange10.png,green.png,Cleo,flurp,individual,2,1,8354,2026-07-06T19:48:13.523Z,Older,0.6135947609386054,1.0,-1.0,-1.0,1,7.737166324435318,DOB
TT023_1783367000307,,ethan,7,B,B,A,yes1_boss,yes2_close,close_boss,yes2_close,close,yes,individual,group,True,group,individual,Plants_Yes_2,Sage,plants,Juno,flurp,Reed,zazzo,"Yes, Wugs like to talk to plants.","Yes, Sage likes to talk to plants.",sage.png,sage_plants.png,orange3.png,green6.png,Reed,zazzo,individual,2,1,8790,2026-07-06T19:48:44.292Z,Older,0.6135947609386054,1.0,-1.0,-1.0,1,7.737166324435318,DOB
TT023_1783367000307,,ethan,7,A,B,A,yes1_boss,yes2_close,close_boss,yes1_boss,boss,yes,group,individual,False,group,individual,Bugs_Yes_1_b,Rowan,bugs,Emery,flurp,Jules,zazzo,"Yes, Wugs like to play with bugs.","Yes, Rowan likes to play with bugs.",rowan.png,rowan_bugs.png,orange13.png,green12.png,Jules,zazzo,individual,2,0,8856,2026-07-06T19:49:54.469Z,Older,0.6135947609386054,-1.0,-1.0,-1.0,0,7.737166324435318,DOB
TT023_1783367000307,,ethan,7,A,B,A,yes1_boss,yes2_close,close_boss,yes1_boss,boss,yes,group,individual,False,group,individual,Night_Yes_1_b,Casey,night,River,flurp,Morgan,zazzo,"Yes, Wugs like to stay up in the middle of the night.","Yes, Casey likes to stay up in the middle of the night.",casey.png,casey_night.png,orange2.png,green7.png,Morgan,zazzo,individual,2,0,11695,2026-07-06T19:50:32.647Z,Older,0.6135947609386054,-1.0,-1.0,-1.0,0,7.737166324435318,DOB
TT023_1783367000307,,ethan,7,A,B,A,yes1_boss,yes2_close,close_boss,yes1_boss,boss,yes,group,individual,True,individual,group,Walls_Yes_1_b,Taylor,walls,Finley,flurp,Robin,zazzo,"Yes, Taylor likes to climb tall buildings.","Yes, Wugs like to climb tall buildings.",taylor.png,taylor_walls.png,orange9.png,green12.png,Finley,flurp,individual,2,0,8574,2026-07-06T19:51:12.782Z,Older,0.6135947609386054,-1.0,-1.0,-1.0,0,7.737166324435318,DOB
TT023_1783367000307,,ethan,7,A,B,A,yes1_boss,yes2_close,close_boss,yes1_boss,boss,yes,group,individual,True,individual,group,Flowers_Yes_1_b,Riley,flowers,Ash,flurp,Charlie,zazzo,"Yes, Riley likes to eat flowers.","Yes, Wugs like to eat flowers.",riley.png,riley_flowers.png,orange7.png,green10.png,Charlie,zazzo,group,1,1,10367,2026-07-06T19:51:32.044Z,Older,0.6135947609386054,-1.0,-1.0,-1.0,1,7.737166324435318,DOB
TT023_1783367000307,,ethan,7,A,B,A,yes1_boss,yes2_close,close_boss,yes1_boss,boss,yes,group,individual,False,group,individual,Balls_Yes_1_b,Alex,balls,Quinn,flurp,Drew,zazzo,"Yes, Wugs like to bounce balls on their heads.","Yes, Alex likes to bounce balls on their heads.",alex.png,alex_ball.png,orange14.png,green12.png,Drew,zazzo,individual,2,0,10387,2026-07-06T19:51:58.869Z,Older,0.6135947609386054,-1.0,-1.0,-1.0,0,7.737166324435318,DOB
TT023_1783367000307,,ethan,7,A,B,A,yes1_boss,yes2_close,close_boss,yes1_boss,boss,yes,group,individual,True,individual,group,Whisper_Yes_1_b,Jordan,whisper,Skyler,flurp,Reese,zazzo,"Yes, Jordan likes to whisper when they talk.","Yes, Wugs like to whisper when they talk.",jordan.png,jordan_whisper.png,orange9.png,green9.png,Skyler,flurp,individual,2,0,10383,2026-07-06T19:52:21.040Z,Older,0.6135947609386054,-1.0,-1.0,-1.0,0,7.737166324435318,DOB
TT024_1782001172253,,Xani,5,A,A,B,yes1_boss,hmm2_close,close_boss,hmm2_close,close,hmm,individual,group,True,group,individual,Flowers_Hmm_2,Riley,flowers,Ash,flurp,Charlie,zazzo,"Hmm, Wugs must like to eat flowers.","Hmm, Riley must like to eat flowers.",riley.png,riley_flowers.png,orange7.png,green11.png,Ash,flurp,group,1,0,17717,2026-06-21T00:21:55.848Z,Younger,-1.291949386905337,1.0,1.0,1.0,0,5.831622176591376,DOB
TT024_1782001172253,,Xani,5,A,A,B,yes1_boss,hmm2_close,close_boss,hmm2_close,close,hmm,individual,group,True,group,individual,Walls_Hmm_2,Taylor,walls,Finley,flurp,Robin,zazzo,"Hmm, Wugs must like to climb tall buildings.","Hmm, Taylor must like to climb tall buildings.",taylor.png,taylor_walls.png,orange4.png,green10.png,Robin,zazzo,individual,2,1,15934,2026-06-21T00:22:37.914Z,Younger,-1.291949386905337,1.0,1.0,1.0,1,5.831622176591376,DOB
TT024_1782001172253,,Xani,5,A,A,B,yes1_boss,hmm2_close,close_boss,hmm2_close,close,hmm,individual,group,False,individual,group,Bugs_Hmm_2,Rowan,bugs,Emery,flurp,Jules,zazzo,"Hmm, Rowan must like to play with bugs.","Hmm, Wugs must like to play with bugs.",rowan.png,rowan_bugs.png,orange14.png,green1.png,Emery,flurp,individual,2,1,14151,2026-06-21T00:23:21.364Z,Younger,-1.291949386905337,1.0,1.0,1.0,1,5.831622176591376,DOB
TT024_1782001172253,,Xani,5,A,A,B,yes1_boss,hmm2_close,close_boss,hmm2_close,close,hmm,individual,group,True,group,individual,Night_Hmm_2,Casey,night,River,flurp,Morgan,zazzo,"Hmm, Wugs must like to stay up in the middle of the night.","Hmm, Casey must like to stay up in the middle of the night.",casey.png,casey_night.png,orange8.png,green2.png,Morgan,zazzo,individual,2,1,16333,2026-06-21T00:24:05.763Z,Younger,-1.291949386905337,1.0,1.0,1.0,1,5.831622176591376,DOB
TT024_1782001172253,,Xani,5,A,A,B,yes1_boss,hmm2_close,close_boss,hmm2_close,close,hmm,individual,group,True,group,individual,Whisper_Hmm_2,Jordan,whisper,Skyler,flurp,Reese,zazzo,"Hmm, Wugs must like to whisper when they talk.","Hmm, Jordan must like to whisper when they talk.",jordan.png,jordan_whisper.png,orange8.png,green7.png,Skyler,flurp,group,1,0,14251,2026-06-21T00:24:40.747Z,Younger,-1.291949386905337,1.0,1.0,1.0,0,5.831622176591376,DOB
TT024_1782001172253,,Xani,5,A,A,B,yes1_boss,hmm2_close,close_boss,hmm2_close,close,hmm,individual,group,False,individual,group,Balls_Hmm_2,Alex,balls,Quinn,flurp,Drew,zazzo,"Hmm, Alex must like to bounce balls on their heads.","Hmm, Wugs must like to bounce balls on their heads.",alex.png,alex_ball.png,orange4.png,green12.png,Drew,zazzo,group,1,0,14750,2026-06-21T00:25:26.879Z,Younger,-1.291949386905337,1.0,1.0,1.0,0,5.831622176591376,DOB
TT024_1782001172253,,Xani,5,B,A,B,yes1_boss,hmm2_close,close_boss,yes1_boss,boss,yes,group,individual,True,individual,group,Spinning_Yes_1_b,Wren,spinning,Lumi,flurp,Flint,zazzo,"Yes, Wren likes to spin around before sitting down.","Yes, Wugs like to spin around before sitting down.",wren.png,wren_spinning.png,orange15.png,green6.png,Lumi,flurp,individual,2,0,16350,2026-06-21T00:26:35.314Z,Younger,-1.291949386905337,-1.0,-1.0,1.0,0,5.831622176591376,DOB
TT024_1782001172253,,Xani,5,B,A,B,yes1_boss,hmm2_close,close_boss,yes1_boss,boss,yes,group,individual,True,individual,group,Pinecones_Yes_1_b,Blake,pinecones,Zara,flurp,Bryn,zazzo,"Yes, Blake likes to pile up pinecones into a tall tower.","Yes, Wugs like to pile up pinecones into a tall tower.",blake.png,blake_pinecones.png,orange3.png,green6.png,Zara,flurp,individual,2,0,14617,2026-06-21T00:27:16.497Z,Younger,-1.291949386905337,-1.0,-1.0,1.0,0,5.831622176591376,DOB
TT024_1782001172253,,Xani,5,B,A,B,yes1_boss,hmm2_close,close_boss,yes1_boss,boss,yes,group,individual,True,individual,group,Sniffing_Yes_1_b,Arlo,sniffing,Cora,flurp,Beau,zazzo,"Yes, Arlo likes to sniff things before touching them.","Yes, Wugs like to sniff things before touching them.",arlo.png,arlo_sniffing.png,orange2.png,green10.png,Cora,flurp,individual,2,0,15267,2026-06-21T00:27:57.897Z,Younger,-1.291949386905337,-1.0,-1.0,1.0,0,5.831622176591376,DOB
TT024_1782001172253,,Xani,5,B,A,B,yes1_boss,hmm2_close,close_boss,yes1_boss,boss,yes,group,individual,True,individual,group,Backwards_Yes_1_b,Theo,backwards,Cleo,flurp,Moss,zazzo,"Yes, Theo likes to walk backwards.","Yes, Wugs like to walk backwards.",theo.png,theo_backwards.png,orange6.png,green.png,Cleo,flurp,individual,2,0,14067,2026-06-21T00:28:31.480Z,Younger,-1.291949386905337,-1.0,-1.0,1.0,0,5.831622176591376,DOB
TT024_1782001172253,,Xani,5,B,A,B,yes1_boss,hmm2_close,close_boss,yes1_boss,boss,yes,group,individual,False,group,individual,Plants_Yes_1_b,Sage,plants,Juno,flurp,Reed,zazzo,"Yes, Wugs like to talk to plants.","Yes, Sage likes to talk to plants.",sage.png,sage_plants.png,orange6.png,green9.png,Reed,zazzo,individual,2,0,10883,2026-06-21T00:29:06.263Z,Younger,-1.291949386905337,-1.0,-1.0,1.0,0,5.831622176591376,DOB
TT024_1782001172253,,Xani,5,B,A,B,yes1_boss,hmm2_close,close_boss,yes1_boss,boss,yes,group,individual,False,group,individual,Rocks_Yes_1_b,Sam,rocks,Nova,flurp,Finn,zazzo,"Yes, Wugs like to pick up rocks and put them in their pocket.","Yes, Sam likes to pick up rocks and put them in their pocket.",sam.png,sam_rocks.png,orange6.png,green1.png,Nova,flurp,group,1,1,15583,2026-06-21T00:29:45.496Z,Younger,-1.291949386905337,-1.0,-1.0,1.0,1,5.831622176591376,DOB
TT025_1782049334661,,wendy,8,B,B,A,hmm2_boss,hmm1_close,close_boss,hmm1_close,close,hmm,group,individual,False,group,individual,Rocks_Hmm_1,Sam,rocks,Nova,flurp,Finn,zazzo,"Hmm, Wugs must like to pick up rocks and put them in their pocket.","Hmm, Sam must like to pick up rocks and put them in their pocket.",sam.png,sam_rocks.png,orange10.png,green9.png,Finn,zazzo,individual,2,1,16483,2026-06-21T13:44:22.648Z,Older,1.629337402964616,1.0,1.0,-1.0,1,8.752908966461328,DOB
TT025_1782049334661,,wendy,8,B,B,A,hmm2_boss,hmm1_close,close_boss,hmm1_close,close,hmm,group,individual,True,individual,group,Pinecones_Hmm_1,Blake,pinecones,Zara,flurp,Bryn,zazzo,"Hmm, Blake must like to pile up pinecones into a tall tower.","Hmm, Wugs must like to pile up pinecones into a tall tower.",blake.png,blake_pinecones.png,orange9.png,green12.png,Zara,flurp,individual,2,1,16116,2026-06-21T13:44:52.947Z,Older,1.629337402964616,1.0,1.0,-1.0,1,8.752908966461328,DOB
TT025_1782049334661,,wendy,8,B,B,A,hmm2_boss,hmm1_close,close_boss,hmm1_close,close,hmm,group,individual,False,group,individual,Plants_Hmm_1,Sage,plants,Juno,flurp,Reed,zazzo,"Hmm, Wugs must like to talk to plants.","Hmm, Sage must like to talk to plants.",sage.png,sage_plants.png,orange6.png,green.png,Reed,zazzo,individual,2,1,13300,2026-06-21T13:45:19.430Z,Older,1.629337402964616,1.0,1.0,-1.0,1,8.752908966461328,DOB
TT025_1782049334661,,wendy,8,B,B,A,hmm2_boss,hmm1_close,close_boss,hmm1_close,close,hmm,group,individual,False,group,individual,Spinning_Hmm_1,Wren,spinning,Lumi,flurp,Flint,zazzo,"Hmm, Wugs must like to spin around before sitting down.","Hmm, Wren must like to spin around before sitting down.",wren.png,wren_spinning.png,orange6.png,green6.png,Flint,zazzo,individual,2,1,18717,2026-06-21T13:45:51.180Z,Older,1.629337402964616,1.0,1.0,-1.0,1,8.752908966461328,DOB
TT025_1782049334661,,wendy,8,B,B,A,hmm2_boss,hmm1_close,close_boss,hmm1_close,close,hmm,group,individual,False,group,individual,Backwards_Hmm_1,Theo,backwards,Cleo,flurp,Moss,zazzo,"Hmm, Wugs must like to walk backwards.","Hmm, Theo must like to walk backwards.",theo.png,theo_backwards.png,orange2.png,green9.png,Moss,zazzo,individual,2,1,13700,2026-06-21T13:46:21.229Z,Older,1.629337402964616,1.0,1.0,-1.0,1,8.752908966461328,DOB
TT025_1782049334661,,wendy,8,B,B,A,hmm2_boss,hmm1_close,close_boss,hmm1_close,close,hmm,group,individual,False,group,individual,Sniffing_Hmm_1,Arlo,sniffing,Cora,flurp,Beau,zazzo,"Hmm, Wugs must like to sniff things before touching them.","Hmm, Arlo must like to sniff things before touching them.",arlo.png,arlo_sniffing.png,orange10.png,green9.png,Beau,zazzo,individual,2,1,16400,2026-06-21T13:46:54.462Z,Older,1.629337402964616,1.0,1.0,-1.0,1,8.752908966461328,DOB
TT025_1782049334661,,wendy,8,A,B,A,hmm2_boss,hmm1_close,close_boss,hmm2_boss,boss,hmm,individual,group,False,individual,group,Bugs_Hmm_2_b,Rowan,bugs,Emery,flurp,Jules,zazzo,"Hmm, Rowan must like to play with bugs.","Hmm, Wugs must like to play with bugs.",rowan.png,rowan_bugs.png,orange8.png,green2.png,Emery,flurp,individual,2,0,20566,2026-06-21T13:47:48.660Z,Older,1.629337402964616,-1.0,1.0,-1.0,0,8.752908966461328,DOB
TT025_1782049334661,,wendy,8,A,B,A,hmm2_boss,hmm1_close,close_boss,hmm2_boss,boss,hmm,individual,group,False,individual,group,Walls_Hmm_2_b,Taylor,walls,Finley,flurp,Robin,zazzo,"Hmm, Taylor must like to climb tall buildings.","Hmm, Wugs must like to climb tall buildings.",taylor.png,taylor_walls.png,orange2.png,green1.png,Robin,zazzo,group,1,1,12467,2026-06-21T13:48:25.676Z,Older,1.629337402964616,-1.0,1.0,-1.0,1,8.752908966461328,DOB
TT025_1782049334661,,wendy,8,A,B,A,hmm2_boss,hmm1_close,close_boss,hmm2_boss,boss,hmm,individual,group,False,individual,group,Whisper_Hmm_2_b,Jordan,whisper,Skyler,flurp,Reese,zazzo,"Hmm, Jordan must like to whisper when they talk.","Hmm, Wugs must like to whisper when they talk.",jordan.png,jordan_whisper.png,orange2.png,green11.png,Reese,zazzo,group,1,1,12250,2026-06-21T13:49:06.541Z,Older,1.629337402964616,-1.0,1.0,-1.0,1,8.752908966461328,DOB
TT025_1782049334661,,wendy,8,A,B,A,hmm2_boss,hmm1_close,close_boss,hmm2_boss,boss,hmm,individual,group,False,individual,group,Flowers_Hmm_2_b,Riley,flowers,Ash,flurp,Charlie,zazzo,"Hmm, Riley must like to eat flowers.","Hmm, Wugs must like to eat flowers.",riley.png,riley_flowers.png,orange7.png,green6.png,Ash,flurp,individual,2,0,21483,2026-06-21T13:49:53.007Z,Older,1.629337402964616,-1.0,1.0,-1.0,0,8.752908966461328,DOB
TT025_1782049334661,,wendy,8,A,B,A,hmm2_boss,hmm1_close,close_boss,hmm2_boss,boss,hmm,individual,group,False,individual,group,Balls_Hmm_2_b,Alex,balls,Quinn,flurp,Drew,zazzo,"Hmm, Alex must like to bounce balls on their heads.","Hmm, Wugs must like to bounce balls on their heads.",alex.png,alex_ball.png,orange3.png,green.png,Drew,zazzo,group,1,1,25566,2026-06-21T13:50:50.038Z,Older,1.629337402964616,-1.0,1.0,-1.0,1,8.752908966461328,DOB
TT025_1782049334661,,wendy,8,A,B,A,hmm2_boss,hmm1_close,close_boss,hmm2_boss,boss,hmm,individual,group,False,individual,group,Night_Hmm_2_b,Casey,night,River,flurp,Morgan,zazzo,"Hmm, Casey must like to stay up in the middle of the night.","Hmm, Wugs must like to stay up in the middle of the night.",casey.png,casey_night.png,orange11.png,green12.png,River,flurp,individual,2,0,16350,2026-06-21T13:51:34.637Z,Older,1.629337402964616,-1.0,1.0,-1.0,0,8.752908966461328,DOB
TT026_1781973377308,,ren,6,B,B,A,hmm1_boss,yes2_close,close_boss,yes2_close,close,yes,individual,group,False,individual,group,Pinecones_Yes_2,Blake,pinecones,Zara,flurp,Bryn,zazzo,"Yes, Blake likes to pile up pinecones into a tall tower.","Yes, Wugs like to pile up pinecones into a tall tower.",blake.png,blake_pinecones.png,orange8.png,green7.png,Zara,flurp,individual,2,1,29843,2026-06-20T16:40:21.522Z,Younger,-0.9880479495336738,1.0,-1.0,1.0,1,6.135523613963039,DOB
TT026_1781973377308,,ren,6,B,B,A,hmm1_boss,yes2_close,close_boss,yes2_close,close,yes,individual,group,False,individual,group,Sniffing_Yes_2,Arlo,sniffing,Cora,flurp,Beau,zazzo,"Yes, Arlo likes to sniff things before touching them.","Yes, Wugs like to sniff things before touching them.",arlo.png,arlo_sniffing.png,orange10.png,green.png,Beau,zazzo,group,1,0,15924,2026-06-20T16:41:08.521Z,Younger,-0.9880479495336738,1.0,-1.0,1.0,0,6.135523613963039,DOB
TT026_1781973377308,,ren,6,B,B,A,hmm1_boss,yes2_close,close_boss,yes2_close,close,yes,individual,group,False,individual,group,Spinning_Yes_2,Wren,spinning,Lumi,flurp,Flint,zazzo,"Yes, Wren likes to spin around before sitting down.","Yes, Wugs like to spin around before sitting down.",wren.png,wren_spinning.png,orange6.png,green10.png,Lumi,flurp,individual,2,1,16794,2026-06-20T16:42:15.708Z,Younger,-0.9880479495336738,1.0,-1.0,1.0,1,6.135523613963039,DOB
TT026_1781973377308,,ren,6,B,B,A,hmm1_boss,yes2_close,close_boss,yes2_close,close,yes,individual,group,True,group,individual,Rocks_Yes_2,Sam,rocks,Nova,flurp,Finn,zazzo,"Yes, Wugs like to pick up rocks and put them in their pocket.","Yes, Sam likes to pick up rocks and put them in their pocket.",sam.png,sam_rocks.png,orange13.png,green2.png,Finn,zazzo,individual,2,1,21267,2026-06-20T16:43:10.815Z,Younger,-0.9880479495336738,1.0,-1.0,1.0,1,6.135523613963039,DOB
TT026_1781973377308,,ren,6,B,B,A,hmm1_boss,yes2_close,close_boss,yes2_close,close,yes,individual,group,False,individual,group,Plants_Yes_2,Sage,plants,Juno,flurp,Reed,zazzo,"Yes, Sage likes to talk to plants.","Yes, Wugs like to talk to plants.",sage.png,sage_plants.png,orange2.png,green10.png,Juno,flurp,individual,2,1,16033,2026-06-20T16:44:13.107Z,Younger,-0.9880479495336738,1.0,-1.0,1.0,1,6.135523613963039,DOB
TT026_1781973377308,,ren,6,B,B,A,hmm1_boss,yes2_close,close_boss,yes2_close,close,yes,individual,group,False,individual,group,Backwards_Yes_2,Theo,backwards,Cleo,flurp,Moss,zazzo,"Yes, Theo likes to walk backwards.","Yes, Wugs like to walk backwards.",theo.png,theo_backwards.png,orange7.png,green11.png,Moss,zazzo,group,1,0,15635,2026-06-20T16:45:05.336Z,Younger,-0.9880479495336738,1.0,-1.0,1.0,0,6.135523613963039,DOB
TT026_1781973377308,,ren,6,A,B,A,hmm1_boss,yes2_close,close_boss,hmm1_boss,boss,hmm,group,individual,True,individual,group,Balls_Hmm_1_b,Alex,balls,Quinn,flurp,Drew,zazzo,"Hmm, Alex must like to bounce balls on their heads.","Hmm, Wugs must like to bounce balls on their heads.",alex.png,alex_ball.png,orange11.png,green.png,Quinn,flurp,individual,2,0,20064,2026-06-20T16:46:58.696Z,Younger,-0.9880479495336738,-1.0,1.0,1.0,0,6.135523613963039,DOB
TT026_1781973377308,,ren,6,A,B,A,hmm1_boss,yes2_close,close_boss,hmm1_boss,boss,hmm,group,individual,False,group,individual,Whisper_Hmm_1_b,Jordan,whisper,Skyler,flurp,Reese,zazzo,"Hmm, Wugs must like to whisper when they talk.","Hmm, Jordan must like to whisper when they talk.",jordan.png,jordan_whisper.png,orange6.png,green10.png,Reese,zazzo,individual,2,0,17090,2026-06-20T16:47:45.473Z,Younger,-0.9880479495336738,-1.0,1.0,1.0,0,6.135523613963039,DOB
TT026_1781973377308,,ren,6,A,B,A,hmm1_boss,yes2_close,close_boss,hmm1_boss,boss,hmm,group,individual,False,group,individual,Night_Hmm_1_b,Casey,night,River,flurp,Morgan,zazzo,"Hmm, Wugs must like to stay up in the middle of the night.","Hmm, Casey must like to stay up in the middle of the night.",casey.png,casey_night.png,orange3.png,green12.png,River,flurp,group,1,1,15822,2026-06-20T16:48:50.437Z,Younger,-0.9880479495336738,-1.0,1.0,1.0,1,6.135523613963039,DOB
TT026_1781973377308,,ren,6,A,B,A,hmm1_boss,yes2_close,close_boss,hmm1_boss,boss,hmm,group,individual,True,individual,group,Bugs_Hmm_1_b,Rowan,bugs,Emery,flurp,Jules,zazzo,"Hmm, Rowan must like to play with bugs.","Hmm, Wugs must like to play with bugs.",rowan.png,rowan_bugs.png,orange2.png,green11.png,Jules,zazzo,group,1,1,16349,2026-06-20T16:49:54.674Z,Younger,-0.9880479495336738,-1.0,1.0,1.0,1,6.135523613963039,DOB
TT026_1781973377308,,ren,6,A,B,A,hmm1_boss,yes2_close,close_boss,hmm1_boss,boss,hmm,group,individual,False,group,individual,Walls_Hmm_1_b,Taylor,walls,Finley,flurp,Robin,zazzo,"Hmm, Wugs must like to climb tall buildings.","Hmm, Taylor must like to climb tall buildings.",taylor.png,taylor_walls.png,orange10.png,green.png,Finley,flurp,group,1,1,12766,2026-06-20T16:50:55.127Z,Younger,-0.9880479495336738,-1.0,1.0,1.0,1,6.135523613963039,DOB
TT026_1781973377308,,ren,6,A,B,A,hmm1_boss,yes2_close,close_boss,hmm1_boss,boss,hmm,group,individual,False,group,individual,Flowers_Hmm_1_b,Riley,flowers,Ash,flurp,Charlie,zazzo,"Hmm, Wugs must like to eat flowers.","Hmm, Riley must like to eat flowers.",riley.png,riley_flowers.png,orange6.png,green12.png,Charlie,zazzo,individual,2,0,11509,2026-06-20T16:51:36.927Z,Younger,-0.9880479495336738,-1.0,1.0,1.0,0,6.135523613963039,DOB
TT026_1782513261762,,Lucian,8,A,A,B,hmm1_boss,yes1_close,close_boss,yes1_close,close,yes,group,individual,True,individual,group,Whisper_Yes_1,Jordan,whisper,Skyler,flurp,Reese,zazzo,"Yes, Jordan likes to whisper when they talk.","Yes, Wugs like to whisper when they talk.",jordan.png,jordan_whisper.png,orange7.png,green11.png,Reese,zazzo,group,1,0,16650,2026-06-26T22:38:24.979Z,Older,1.45411495258816,1.0,-1.0,-1.0,0,8.577686516084873,DOB
TT026_1782513261762,,Lucian,8,A,A,B,hmm1_boss,yes1_close,close_boss,yes1_close,close,yes,group,individual,False,group,individual,Bugs_Yes_1,Rowan,bugs,Emery,flurp,Jules,zazzo,"Yes, Wugs like to play with bugs.","Yes, Rowan likes to play with bugs.",rowan.png,rowan_bugs.png,orange10.png,green.png,Emery,flurp,group,1,0,11818,2026-06-26T22:39:08.362Z,Older,1.45411495258816,1.0,-1.0,-1.0,0,8.577686516084873,DOB
TT026_1782513261762,,Lucian,8,A,A,B,hmm1_boss,yes1_close,close_boss,yes1_close,close,yes,group,individual,True,individual,group,Climb_Yes_1,Taylor,walls,Finley,flurp,Robin,zazzo,"Yes, Taylor likes to climb tall buildings.","Yes, Wugs like to climb tall buildings.",taylor.png,taylor_walls.png,orange13.png,green10.png,Robin,zazzo,group,1,0,14284,2026-06-26T22:39:57.977Z,Older,1.45411495258816,1.0,-1.0,-1.0,0,8.577686516084873,DOB
TT026_1782513261762,,Lucian,8,A,A,B,hmm1_boss,yes1_close,close_boss,yes1_close,close,yes,group,individual,False,group,individual,Night_Yes_1,Casey,night,River,flurp,Morgan,zazzo,"Yes, Wugs like to stay up in the middle of the night.","Yes, Casey likes to stay up in the middle of the night.",casey.png,casey_night.png,orange15.png,green7.png,Morgan,zazzo,individual,2,1,13269,2026-06-26T22:40:40.653Z,Older,1.45411495258816,1.0,-1.0,-1.0,1,8.577686516084873,DOB
TT026_1782513261762,,Lucian,8,A,A,B,hmm1_boss,yes1_close,close_boss,yes1_close,close,yes,group,individual,True,individual,group,Balls_Yes_1,Alex,balls,Quinn,flurp,Drew,zazzo,"Yes, Alex likes to bounce balls on their heads.","Yes, Wugs like to bounce balls on their heads.",alex.png,alex_ball.png,orange6.png,green1.png,Quinn,flurp,individual,2,1,11253,2026-06-26T22:41:37.704Z,Older,1.45411495258816,1.0,-1.0,-1.0,1,8.577686516084873,DOB
TT026_1782513261762,,Lucian,8,A,A,B,hmm1_boss,yes1_close,close_boss,yes1_close,close,yes,group,individual,True,individual,group,Flowers_Yes_1,Riley,flowers,Ash,flurp,Charlie,zazzo,"Yes, Riley likes to eat flowers.","Yes, Wugs like to eat flowers.",riley.png,riley_flowers.png,orange15.png,green.png,Charlie,zazzo,group,1,0,8959,2026-06-26T22:42:42.214Z,Older,1.45411495258816,1.0,-1.0,-1.0,0,8.577686516084873,DOB
TT026_1782513261762,,Lucian,8,B,A,B,hmm1_boss,yes1_close,close_boss,hmm1_boss,boss,hmm,group,individual,True,individual,group,Backwards_Hmm_1_b,Theo,backwards,Cleo,flurp,Moss,zazzo,"Hmm, Theo must like to walk backwards.","Hmm, Wugs must like to walk backwards.",theo.png,theo_backwards.png,orange2.png,green9.png,Moss,zazzo,group,1,1,11139,2026-06-26T22:43:58.736Z,Older,1.45411495258816,-1.0,1.0,-1.0,1,8.577686516084873,DOB
TT026_1782513261762,,Lucian,8,B,A,B,hmm1_boss,yes1_close,close_boss,hmm1_boss,boss,hmm,group,individual,False,group,individual,Rocks_Hmm_1_b,Sam,rocks,Nova,flurp,Finn,zazzo,"Hmm, Wugs must like to pick up rocks and put them in their pocket.","Hmm, Sam must like to pick up rocks and put them in their pocket.",sam.png,sam_rocks.png,orange2.png,green.png,Nova,flurp,group,1,1,13139,2026-06-26T22:44:42.317Z,Older,1.45411495258816,-1.0,1.0,-1.0,1,8.577686516084873,DOB
TT026_1782513261762,,Lucian,8,B,A,B,hmm1_boss,yes1_close,close_boss,hmm1_boss,boss,hmm,group,individual,True,individual,group,Spinning_Hmm_1_b,Wren,spinning,Lumi,flurp,Flint,zazzo,"Hmm, Wren must like to spin around before sitting down.","Hmm, Wugs must like to spin around before sitting down.",wren.png,wren_spinning.png,orange2.png,green12.png,Flint,zazzo,group,1,1,15435,2026-06-26T22:45:14.671Z,Older,1.45411495258816,-1.0,1.0,-1.0,1,8.577686516084873,DOB
TT026_1782513261762,,Lucian,8,B,A,B,hmm1_boss,yes1_close,close_boss,hmm1_boss,boss,hmm,group,individual,False,group,individual,Sniffing_Hmm_1_b,Arlo,sniffing,Cora,flurp,Beau,zazzo,"Hmm, Wugs must like to sniff things before touching them.","Hmm, Arlo must like to sniff things before touching them.",arlo.png,arlo_sniffing.png,orange15.png,green2.png,Beau,zazzo,individual,2,0,11527,2026-06-26T22:45:42.924Z,Older,1.45411495258816,-1.0,1.0,-1.0,0,8.577686516084873,DOB
TT026_1782513261762,,Lucian,8,B,A,B,hmm1_boss,yes1_close,close_boss,hmm1_boss,boss,hmm,group,individual,False,group,individual,Pinecones_Hmm_1_b,Blake,pinecones,Zara,flurp,Bryn,zazzo,"Hmm, Wugs must like to pile up pinecones into a tall tower.","Hmm, Blake must like to pile up pinecones into a tall tower.",blake.png,blake_pinecones.png,orange3.png,green12.png,Zara,flurp,group,1,1,15772,2026-06-26T22:46:18.204Z,Older,1.45411495258816,-1.0,1.0,-1.0,1,8.577686516084873,DOB
TT026_1782513261762,,Lucian,8,B,A,B,hmm1_boss,yes1_close,close_boss,hmm1_boss,boss,hmm,group,individual,True,individual,group,Plants_Hmm_1_b,Sage,plants,Juno,flurp,Reed,zazzo,"Hmm, Sage must like to talk to plants.","Hmm, Wugs must like to talk to plants.",sage.png,sage_plants.png,orange7.png,green6.png,Reed,zazzo,group,1,1,11442,2026-06-26T22:46:42.980Z,Older,1.45411495258816,-1.0,1.0,-1.0,1,8.577686516084873,DOB
TT026_1784762637448,,landry,8,B,B,A,hmm1_boss,yes1_close,close_boss,yes1_close,close,yes,group,individual,True,individual,group,Backwards_Yes_1,Theo,backwards,Cleo,flurp,Moss,zazzo,"Yes, Theo likes to walk backwards.","Yes, Wugs like to walk backwards.",theo.png,theo_backwards.png,orange8.png,green11.png,Moss,zazzo,group,1,0,15337,2026-07-22T23:26:45.552Z,Older,1.3764284365032875,1.0,-1.0,-1.0,0,8.5,reported+0.5
TT026_1784762637448,,landry,8,B,B,A,hmm1_boss,yes1_close,close_boss,yes1_close,close,yes,group,individual,True,individual,group,Sniffing_Yes_1,Arlo,sniffing,Cora,flurp,Beau,zazzo,"Yes, Arlo likes to sniff things before touching them.","Yes, Wugs like to sniff things before touching them.",arlo.png,arlo_sniffing.png,orange10.png,green.png,Cora,flurp,individual,2,1,29026,2026-07-22T23:27:40.197Z,Older,1.3764284365032875,1.0,-1.0,-1.0,1,8.5,reported+0.5
TT026_1784762637448,,landry,8,B,B,A,hmm1_boss,yes1_close,close_boss,yes1_close,close,yes,group,individual,True,individual,group,Pinecones_Yes_1,Blake,pinecones,Zara,flurp,Bryn,zazzo,"Yes, Blake likes to pile up pinecones into a tall tower.","Yes, Wugs like to pile up pinecones into a tall tower.",blake.png,blake_pinecones.png,orange14.png,green10.png,Bryn,zazzo,group,1,0,15127,2026-07-22T23:28:27.242Z,Older,1.3764284365032875,1.0,-1.0,-1.0,0,8.5,reported+0.5
TT026_1784762637448,,landry,8,B,B,A,hmm1_boss,yes1_close,close_boss,yes1_close,close,yes,group,individual,True,individual,group,Plants_Yes_1,Sage,plants,Juno,flurp,Reed,zazzo,"Yes, Sage likes to talk to plants.","Yes, Wugs like to talk to plants.",sage.png,sage_plants.png,orange15.png,green.png,Reed,zazzo,group,1,0,41405,2026-07-22T23:29:45.291Z,Older,1.3764284365032875,1.0,-1.0,-1.0,0,8.5,reported+0.5
TT026_1784762637448,,landry,8,B,B,A,hmm1_boss,yes1_close,close_boss,yes1_close,close,yes,group,individual,False,group,individual,Spinning_Yes_1,Wren,spinning,Lumi,flurp,Flint,zazzo,"Yes, Wugs like to spin around before sitting down.","Yes, Wren likes to spin around before sitting down.",wren.png,wren_spinning.png,orange13.png,green12.png,Lumi,flurp,group,1,0,26013,2026-07-22T23:30:24.957Z,Older,1.3764284365032875,1.0,-1.0,-1.0,0,8.5,reported+0.5
TT026_1784762637448,,landry,8,B,B,A,hmm1_boss,yes1_close,close_boss,yes1_close,close,yes,group,individual,False,group,individual,Rocks_Yes_1,Sam,rocks,Nova,flurp,Finn,zazzo,"Yes, Wugs like to pick up rocks and put them in their pocket.","Yes, Sam likes to pick up rocks and put them in their pocket.",sam.png,sam_rocks.png,orange2.png,green1.png,Finn,zazzo,individual,2,1,25513,2026-07-22T23:31:01.735Z,Older,1.3764284365032875,1.0,-1.0,-1.0,1,8.5,reported+0.5
TT026_1784762637448,,landry,8,A,B,A,hmm1_boss,yes1_close,close_boss,hmm1_boss,boss,hmm,group,individual,True,individual,group,Balls_Hmm_1_b,Alex,balls,Quinn,flurp,Drew,zazzo,"Hmm, Alex must like to bounce balls on their heads.","Hmm, Wugs must like to bounce balls on their heads.",alex.png,alex_ball.png,orange6.png,green10.png,Quinn,flurp,individual,2,0,24658,2026-07-22T23:32:33.567Z,Older,1.3764284365032875,-1.0,1.0,-1.0,0,8.5,reported+0.5
TT026_1784762637448,,landry,8,A,B,A,hmm1_boss,yes1_close,close_boss,hmm1_boss,boss,hmm,group,individual,True,individual,group,Bugs_Hmm_1_b,Rowan,bugs,Emery,flurp,Jules,zazzo,"Hmm, Rowan must like to play with bugs.","Hmm, Wugs must like to play with bugs.",rowan.png,rowan_bugs.png,orange14.png,green.png,Emery,flurp,individual,2,0,16171,2026-07-22T23:33:30.357Z,Older,1.3764284365032875,-1.0,1.0,-1.0,0,8.5,reported+0.5
TT026_1784762637448,,landry,8,A,B,A,hmm1_boss,yes1_close,close_boss,hmm1_boss,boss,hmm,group,individual,False,group,individual,Night_Hmm_1_b,Casey,night,River,flurp,Morgan,zazzo,"Hmm, Wugs must like to stay up in the middle of the night.","Hmm, Casey must like to stay up in the middle of the night.",casey.png,casey_night.png,orange4.png,green11.png,River,flurp,group,1,1,26049,2026-07-22T23:34:35.384Z,Older,1.3764284365032875,-1.0,1.0,-1.0,1,8.5,reported+0.5
TT026_1784762637448,,landry,8,A,B,A,hmm1_boss,yes1_close,close_boss,hmm1_boss,boss,hmm,group,individual,True,individual,group,Flowers_Hmm_1_b,Riley,flowers,Ash,flurp,Charlie,zazzo,"Hmm, Riley must like to eat flowers.","Hmm, Wugs must like to eat flowers.",riley.png,riley_flowers.png,orange3.png,green7.png,Ash,flurp,individual,2,0,12445,2026-07-22T23:35:15.465Z,Older,1.3764284365032875,-1.0,1.0,-1.0,0,8.5,reported+0.5
TT026_1784762637448,,landry,8,A,B,A,hmm1_boss,yes1_close,close_boss,hmm1_boss,boss,hmm,group,individual,True,individual,group,Walls_Hmm_1_b,Taylor,walls,Finley,flurp,Robin,zazzo,"Hmm, Taylor must like to climb tall buildings.","Hmm, Wugs must like to climb tall buildings.",taylor.png,taylor_walls.png,orange6.png,green6.png,Finley,flurp,individual,2,0,45896,2026-07-22T23:37:21.580Z,Older,1.3764284365032875,-1.0,1.0,-1.0,0,8.5,reported+0.5
TT026_1784762637448,,landry,8,A,B,A,hmm1_boss,yes1_close,close_boss,hmm1_boss,boss,hmm,group,individual,True,individual,group,Whisper_Hmm_1_b,Jordan,whisper,Skyler,flurp,Reese,zazzo,"Hmm, Jordan must like to whisper when they talk.","Hmm, Wugs must like to whisper when they talk.",jordan.png,jordan_whisper.png,orange2.png,green10.png,Skyler,flurp,individual,2,0,21399,2026-07-22T23:39:03.226Z,Older,1.3764284365032875,-1.0,1.0,-1.0,0,8.5,reported+0.5
TT027_1783436678833,,vikas,6,A,A,B,yes2_boss,yes1_close,close_boss,yes1_close,close,yes,group,individual,True,individual,group,Balls_Yes_1,Alex,balls,Quinn,flurp,Drew,zazzo,"Yes, Alex likes to bounce balls on their heads.","Yes, Wugs like to bounce balls on their heads.",alex.png,alex_ball.png,orange2.png,green2.png,Quinn,flurp,individual,2,1,22276,2026-07-07T15:08:26.736Z,Younger,-0.2241875799238171,1.0,-1.0,1.0,1,6.899383983572895,DOB
TT027_1783436678833,,vikas,6,A,A,B,yes2_boss,yes1_close,close_boss,yes1_close,close,yes,group,individual,False,group,individual,Night_Yes_1,Casey,night,River,flurp,Morgan,zazzo,"Yes, Wugs like to stay up in the middle of the night.","Yes, Casey likes to stay up in the middle of the night.",casey.png,casey_night.png,orange7.png,green12.png,Morgan,zazzo,individual,2,1,16339,2026-07-07T15:09:20.746Z,Younger,-0.2241875799238171,1.0,-1.0,1.0,1,6.899383983572895,DOB
TT027_1783436678833,,vikas,6,A,A,B,yes2_boss,yes1_close,close_boss,yes1_close,close,yes,group,individual,True,individual,group,Bugs_Yes_1,Rowan,bugs,Emery,flurp,Jules,zazzo,"Yes, Rowan likes to play with bugs.","Yes, Wugs like to play with bugs.",rowan.png,rowan_bugs.png,orange11.png,green1.png,Emery,flurp,individual,2,1,15655,2026-07-07T15:10:16.818Z,Younger,-0.2241875799238171,1.0,-1.0,1.0,1,6.899383983572895,DOB
TT027_1783436678833,,vikas,6,A,A,B,yes2_boss,yes1_close,close_boss,yes1_close,close,yes,group,individual,False,group,individual,Climb_Yes_1,Taylor,walls,Finley,flurp,Robin,zazzo,"Yes, Wugs like to climb tall buildings.","Yes, Taylor likes to climb tall buildings.",taylor.png,taylor_walls.png,orange11.png,green10.png,Robin,zazzo,individual,2,1,10522,2026-07-07T15:10:56.171Z,Younger,-0.2241875799238171,1.0,-1.0,1.0,1,6.899383983572895,DOB
TT027_1783436678833,,vikas,6,A,A,B,yes2_boss,yes1_close,close_boss,yes1_close,close,yes,group,individual,False,group,individual,Flowers_Yes_1,Riley,flowers,Ash,flurp,Charlie,zazzo,"Yes, Wugs like to eat flowers.","Yes, Riley likes to eat flowers.",riley.png,riley_flowers.png,orange8.png,green2.png,Ash,flurp,group,1,0,12199,2026-07-07T15:11:45.579Z,Younger,-0.2241875799238171,1.0,-1.0,1.0,0,6.899383983572895,DOB
TT027_1783436678833,,vikas,6,A,A,B,yes2_boss,yes1_close,close_boss,yes1_close,close,yes,group,individual,True,individual,group,Whisper_Yes_1,Jordan,whisper,Skyler,flurp,Reese,zazzo,"Yes, Jordan likes to whisper when they talk.","Yes, Wugs like to whisper when they talk.",jordan.png,jordan_whisper.png,orange14.png,green.png,Skyler,flurp,individual,2,1,12014,2026-07-07T15:12:43.541Z,Younger,-0.2241875799238171,1.0,-1.0,1.0,1,6.899383983572895,DOB
TT027_1783436678833,,vikas,6,B,A,B,yes2_boss,yes1_close,close_boss,yes2_boss,boss,yes,individual,group,True,group,individual,Spinning_Yes_2_b,Wren,spinning,Lumi,flurp,Flint,zazzo,"Yes, Wugs like to spin around before sitting down.","Yes, Wren likes to spin around before sitting down.",wren.png,wren_spinning.png,orange11.png,green9.png,Flint,zazzo,individual,2,0,29193,2026-07-07T15:14:11.933Z,Younger,-0.2241875799238171,-1.0,-1.0,1.0,0,6.899383983572895,DOB
TT027_1783436678833,,vikas,6,B,A,B,yes2_boss,yes1_close,close_boss,yes2_boss,boss,yes,individual,group,False,individual,group,Pinecones_Yes_2_b,Blake,pinecones,Zara,flurp,Bryn,zazzo,"Yes, Blake likes to pile up pinecones into a tall tower.","Yes, Wugs like to pile up pinecones into a tall tower.",blake.png,blake_pinecones.png,orange8.png,green1.png,Zara,flurp,individual,2,0,15126,2026-07-07T15:14:54.920Z,Younger,-0.2241875799238171,-1.0,-1.0,1.0,0,6.899383983572895,DOB
TT027_1783436678833,,vikas,6,B,A,B,yes2_boss,yes1_close,close_boss,yes2_boss,boss,yes,individual,group,True,group,individual,Sniffing_Yes_2_b,Arlo,sniffing,Cora,flurp,Beau,zazzo,"Yes, Wugs like to sniff things before touching them.","Yes, Arlo likes to sniff things before touching them.",arlo.png,arlo_sniffing.png,orange3.png,green1.png,Beau,zazzo,individual,2,0,13139,2026-07-07T15:15:43.526Z,Younger,-0.2241875799238171,-1.0,-1.0,1.0,0,6.899383983572895,DOB
TT027_1783436678833,,vikas,6,B,A,B,yes2_boss,yes1_close,close_boss,yes2_boss,boss,yes,individual,group,False,individual,group,Rocks_Yes_2_b,Sam,rocks,Nova,flurp,Finn,zazzo,"Yes, Sam likes to pick up rocks and put them in their pocket.","Yes, Wugs like to pick up rocks and put them in their pocket.",sam.png,sam_rocks.png,orange4.png,green9.png,Finn,zazzo,group,1,1,12995,2026-07-07T15:16:20.758Z,Younger,-0.2241875799238171,-1.0,-1.0,1.0,1,6.899383983572895,DOB
TT027_1783436678833,,vikas,6,B,A,B,yes2_boss,yes1_close,close_boss,yes2_boss,boss,yes,individual,group,True,group,individual,Backwards_Yes_2_b,Theo,backwards,Cleo,flurp,Moss,zazzo,"Yes, Wugs like to walk backwards.","Yes, Theo likes to walk backwards.",theo.png,theo_backwards.png,orange4.png,green6.png,Moss,zazzo,individual,2,0,9926,2026-07-07T15:17:06.057Z,Younger,-0.2241875799238171,-1.0,-1.0,1.0,0,6.899383983572895,DOB
TT027_1783436678833,,vikas,6,B,A,B,yes2_boss,yes1_close,close_boss,yes2_boss,boss,yes,individual,group,False,individual,group,Plants_Yes_2_b,Sage,plants,Juno,flurp,Reed,zazzo,"Yes, Sage likes to talk to plants.","Yes, Wugs like to talk to plants.",sage.png,sage_plants.png,orange6.png,green6.png,Juno,flurp,individual,2,0,8868,2026-07-07T15:17:40.721Z,Younger,-0.2241875799238171,-1.0,-1.0,1.0,0,6.899383983572895,DOB
TT028_1782238939541,,Kinda,8,B,A,B,hmm1_boss,hmm2_close,boss_close,hmm1_boss,boss,hmm,group,individual,True,individual,group,Pinecones_Hmm_1_b,Blake,pinecones,Zara,flurp,Bryn,zazzo,"Hmm, Blake must like to pile up pinecones into a tall tower.","Hmm, Wugs must like to pile up pinecones into a tall tower.",blake.png,blake_pinecones.png,orange11.png,green11.png,Zara,flurp,individual,2,0,80764,2026-06-23T18:32:49.634Z,Older,1.500658415969406,-1.0,1.0,-1.0,0,8.624229979466119,DOB
TT028_1782238939541,,Kinda,8,B,A,B,hmm1_boss,hmm2_close,boss_close,hmm1_boss,boss,hmm,group,individual,False,group,individual,Plants_Hmm_1_b,Sage,plants,Juno,flurp,Reed,zazzo,"Hmm, Wugs must like to talk to plants.","Hmm, Sage must like to talk to plants.",sage.png,sage_plants.png,orange14.png,green2.png,Reed,zazzo,individual,2,0,39892,2026-06-23T18:33:56.894Z,Older,1.500658415969406,-1.0,1.0,-1.0,0,8.624229979466119,DOB
TT028_1782238939541,,Kinda,8,B,A,B,hmm1_boss,hmm2_close,boss_close,hmm1_boss,boss,hmm,group,individual,False,group,individual,Sniffing_Hmm_1_b,Arlo,sniffing,Cora,flurp,Beau,zazzo,"Hmm, Wugs must like to sniff things before touching them.","Hmm, Arlo must like to sniff things before touching them.",arlo.png,arlo_sniffing.png,orange3.png,green10.png,Beau,zazzo,individual,2,0,29355,2026-06-23T18:34:50.675Z,Older,1.500658415969406,-1.0,1.0,-1.0,0,8.624229979466119,DOB
TT028_1782238939541,,Kinda,8,B,A,B,hmm1_boss,hmm2_close,boss_close,hmm1_boss,boss,hmm,group,individual,True,individual,group,Spinning_Hmm_1_b,Wren,spinning,Lumi,flurp,Flint,zazzo,"Hmm, Wren must like to spin around before sitting down.","Hmm, Wugs must like to spin around before sitting down.",wren.png,wren_spinning.png,orange11.png,green11.png,Lumi,flurp,individual,2,0,26540,2026-06-23T18:35:36.614Z,Older,1.500658415969406,-1.0,1.0,-1.0,0,8.624229979466119,DOB
TT028_1782238939541,,Kinda,8,B,A,B,hmm1_boss,hmm2_close,boss_close,hmm1_boss,boss,hmm,group,individual,False,group,individual,Rocks_Hmm_1_b,Sam,rocks,Nova,flurp,Finn,zazzo,"Hmm, Wugs must like to pick up rocks and put them in their pocket.","Hmm, Sam must like to pick up rocks and put them in their pocket.",sam.png,sam_rocks.png,orange15.png,green1.png,Nova,flurp,group,1,1,56139,2026-06-23T18:36:58.647Z,Older,1.500658415969406,-1.0,1.0,-1.0,1,8.624229979466119,DOB
TT028_1782238939541,,Kinda,8,B,A,B,hmm1_boss,hmm2_close,boss_close,hmm1_boss,boss,hmm,group,individual,False,group,individual,Backwards_Hmm_1_b,Theo,backwards,Cleo,flurp,Moss,zazzo,"Hmm, Wugs must like to walk backwards.","Hmm, Theo must like to walk backwards.",theo.png,theo_backwards.png,orange6.png,green12.png,Moss,zazzo,individual,2,0,39077,2026-06-23T18:37:57.953Z,Older,1.500658415969406,-1.0,1.0,-1.0,0,8.624229979466119,DOB
TT028_1782238939541,,Kinda,8,A,A,B,hmm1_boss,hmm2_close,boss_close,hmm2_close,close,hmm,individual,group,True,group,individual,Whisper_Hmm_2,Jordan,whisper,Skyler,flurp,Reese,zazzo,"Hmm, Wugs must like to whisper when they talk.","Hmm, Jordan must like to whisper when they talk.",jordan.png,jordan_whisper.png,orange15.png,green12.png,Reese,zazzo,individual,2,1,15285,2026-06-23T18:39:29.142Z,Older,1.500658415969406,1.0,1.0,-1.0,1,8.624229979466119,DOB
TT028_1782238939541,,Kinda,8,A,A,B,hmm1_boss,hmm2_close,boss_close,hmm2_close,close,hmm,individual,group,True,group,individual,Bugs_Hmm_2,Rowan,bugs,Emery,flurp,Jules,zazzo,"Hmm, Wugs must like to play with bugs.","Hmm, Rowan must like to play with bugs.",rowan.png,rowan_bugs.png,orange11.png,green7.png,Jules,zazzo,individual,2,1,15182,2026-06-23T18:40:11.285Z,Older,1.500658415969406,1.0,1.0,-1.0,1,8.624229979466119,DOB
TT028_1782238939541,,Kinda,8,A,A,B,hmm1_boss,hmm2_close,boss_close,hmm2_close,close,hmm,individual,group,True,group,individual,Walls_Hmm_2,Taylor,walls,Finley,flurp,Robin,zazzo,"Hmm, Wugs must like to climb tall buildings.","Hmm, Taylor must like to climb tall buildings.",taylor.png,taylor_walls.png,orange4.png,green11.png,Finley,flurp,group,1,0,15166,2026-06-23T18:40:58.474Z,Older,1.500658415969406,1.0,1.0,-1.0,0,8.624229979466119,DOB
TT028_1782238939541,,Kinda,8,A,A,B,hmm1_boss,hmm2_close,boss_close,hmm2_close,close,hmm,individual,group,False,individual,group,Flowers_Hmm_2,Riley,flowers,Ash,flurp,Charlie,zazzo,"Hmm, Riley must like to eat flowers.","Hmm, Wugs must like to eat flowers.",riley.png,riley_flowers.png,orange7.png,green10.png,Charlie,zazzo,group,1,0,18659,2026-06-23T18:41:38.073Z,Older,1.500658415969406,1.0,1.0,-1.0,0,8.624229979466119,DOB
TT028_1782238939541,,Kinda,8,A,A,B,hmm1_boss,hmm2_close,boss_close,hmm2_close,close,hmm,individual,group,True,group,individual,Night_Hmm_2,Casey,night,River,flurp,Morgan,zazzo,"Hmm, Wugs must like to stay up in the middle of the night.","Hmm, Casey must like to stay up in the middle of the night.",casey.png,casey_night.png,orange9.png,green.png,Morgan,zazzo,individual,2,1,17375,2026-06-23T18:42:31.898Z,Older,1.500658415969406,1.0,1.0,-1.0,1,8.624229979466119,DOB
TT028_1782238939541,,Kinda,8,A,A,B,hmm1_boss,hmm2_close,boss_close,hmm2_close,close,hmm,individual,group,False,individual,group,Balls_Hmm_2,Alex,balls,Quinn,flurp,Drew,zazzo,"Hmm, Alex must like to bounce balls on their heads.","Hmm, Wugs must like to bounce balls on their heads.",alex.png,alex_ball.png,orange8.png,green11.png,Drew,zazzo,group,1,0,29962,2026-06-23T18:43:33.382Z,Older,1.500658415969406,1.0,1.0,-1.0,0,8.624229979466119,DOB
TT028_1782761768628,,Flora,8,B,A,B,yes1_boss,yes1_close,boss_close,yes1_boss,boss,yes,group,individual,False,group,individual,Rocks_Yes_1_b,Sam,rocks,Nova,flurp,Finn,zazzo,"Yes, Wugs like to pick up rocks and put them in their pocket.","Yes, Sam likes to pick up rocks and put them in their pocket.",sam.png,sam_rocks.png,orange4.png,green7.png,Finn,zazzo,individual,2,0,35199,2026-06-29T19:41:00.045Z,Older,1.2925817561473671,-1.0,-1.0,-1.0,0,8.41615331964408,DOB
TT028_1782761768628,,Flora,8,B,A,B,yes1_boss,yes1_close,boss_close,yes1_boss,boss,yes,group,individual,False,group,individual,Plants_Yes_1_b,Sage,plants,Juno,flurp,Reed,zazzo,"Yes, Wugs like to talk to plants.","Yes, Sage likes to talk to plants.",sage.png,sage_plants.png,orange4.png,green11.png,Reed,zazzo,individual,2,0,17008,2026-06-29T19:41:44.539Z,Older,1.2925817561473671,-1.0,-1.0,-1.0,0,8.41615331964408,DOB
TT028_1782761768628,,Flora,8,B,A,B,yes1_boss,yes1_close,boss_close,yes1_boss,boss,yes,group,individual,True,individual,group,Backwards_Yes_1_b,Theo,backwards,Cleo,flurp,Moss,zazzo,"Yes, Theo likes to walk backwards.","Yes, Wugs like to walk backwards.",theo.png,theo_backwards.png,orange7.png,green7.png,Cleo,flurp,individual,2,0,10867,2026-06-29T19:42:32.354Z,Older,1.2925817561473671,-1.0,-1.0,-1.0,0,8.41615331964408,DOB
TT028_1782761768628,,Flora,8,B,A,B,yes1_boss,yes1_close,boss_close,yes1_boss,boss,yes,group,individual,True,individual,group,Spinning_Yes_1_b,Wren,spinning,Lumi,flurp,Flint,zazzo,"Yes, Wren likes to spin around before sitting down.","Yes, Wugs like to spin around before sitting down.",wren.png,wren_spinning.png,orange3.png,green12.png,Flint,zazzo,group,1,1,24170,2026-06-29T19:43:24.727Z,Older,1.2925817561473671,-1.0,-1.0,-1.0,1,8.41615331964408,DOB
TT028_1782761768628,,Flora,8,B,A,B,yes1_boss,yes1_close,boss_close,yes1_boss,boss,yes,group,individual,True,individual,group,Sniffing_Yes_1_b,Arlo,sniffing,Cora,flurp,Beau,zazzo,"Yes, Arlo likes to sniff things before touching them.","Yes, Wugs like to sniff things before touching them.",arlo.png,arlo_sniffing.png,orange15.png,green12.png,Beau,zazzo,group,1,1,11045,2026-06-29T19:44:07.308Z,Older,1.2925817561473671,-1.0,-1.0,-1.0,1,8.41615331964408,DOB
TT028_1782761768628,,Flora,8,B,A,B,yes1_boss,yes1_close,boss_close,yes1_boss,boss,yes,group,individual,True,individual,group,Pinecones_Yes_1_b,Blake,pinecones,Zara,flurp,Bryn,zazzo,"Yes, Blake likes to pile up pinecones into a tall tower.","Yes, Wugs like to pile up pinecones into a tall tower.",blake.png,blake_pinecones.png,orange8.png,green11.png,Zara,flurp,individual,2,0,16760,2026-06-29T19:44:57.419Z,Older,1.2925817561473671,-1.0,-1.0,-1.0,0,8.41615331964408,DOB
TT028_1782761768628,,Flora,8,A,A,B,yes1_boss,yes1_close,boss_close,yes1_close,close,yes,group,individual,True,individual,group,Climb_Yes_1,Taylor,walls,Finley,flurp,Robin,zazzo,"Yes, Taylor likes to climb tall buildings.","Yes, Wugs like to climb tall buildings.",taylor.png,taylor_walls.png,orange9.png,green10.png,Finley,flurp,individual,2,1,16065,2026-06-29T19:46:21.337Z,Older,1.2925817561473671,1.0,-1.0,-1.0,1,8.41615331964408,DOB
TT028_1782761768628,,Flora,8,A,A,B,yes1_boss,yes1_close,boss_close,yes1_close,close,yes,group,individual,False,group,individual,Flowers_Yes_1,Riley,flowers,Ash,flurp,Charlie,zazzo,"Yes, Wugs like to eat flowers.","Yes, Riley likes to eat flowers.",riley.png,riley_flowers.png,orange8.png,green10.png,Charlie,zazzo,individual,2,1,10522,2026-06-29T19:47:13.236Z,Older,1.2925817561473671,1.0,-1.0,-1.0,1,8.41615331964408,DOB
TT028_1782761768628,,Flora,8,A,A,B,yes1_boss,yes1_close,boss_close,yes1_close,close,yes,group,individual,True,individual,group,Bugs_Yes_1,Rowan,bugs,Emery,flurp,Jules,zazzo,"Yes, Rowan likes to play with bugs.","Yes, Wugs like to play with bugs.",rowan.png,rowan_bugs.png,orange15.png,green2.png,Emery,flurp,individual,2,1,11684,2026-06-29T19:47:36.889Z,Older,1.2925817561473671,1.0,-1.0,-1.0,1,8.41615331964408,DOB
TT028_1782761768628,,Flora,8,A,A,B,yes1_boss,yes1_close,boss_close,yes1_close,close,yes,group,individual,False,group,individual,Whisper_Yes_1,Jordan,whisper,Skyler,flurp,Reese,zazzo,"Yes, Wugs like to whisper when they talk.","Yes, Jordan likes to whisper when they talk.",jordan.png,jordan_whisper.png,orange9.png,green.png,Reese,zazzo,individual,2,1,12301,2026-06-29T19:48:11.510Z,Older,1.2925817561473671,1.0,-1.0,-1.0,1,8.41615331964408,DOB
TT028_1782761768628,,Flora,8,A,A,B,yes1_boss,yes1_close,boss_close,yes1_close,close,yes,group,individual,False,group,individual,Balls_Yes_1,Alex,balls,Quinn,flurp,Drew,zazzo,"Yes, Wugs like to bounce balls on their heads.","Yes, Alex likes to bounce balls on their heads.",alex.png,alex_ball.png,orange11.png,green10.png,Drew,zazzo,individual,2,1,11218,2026-06-29T19:48:54.890Z,Older,1.2925817561473671,1.0,-1.0,-1.0,1,8.41615331964408,DOB
TT028_1782761768628,,Flora,8,A,A,B,yes1_boss,yes1_close,boss_close,yes1_close,close,yes,group,individual,True,individual,group,Night_Yes_1,Casey,night,River,flurp,Morgan,zazzo,"Yes, Casey likes to stay up in the middle of the night.","Yes, Wugs like to stay up in the middle of the night.",casey.png,casey_night.png,orange7.png,green2.png,River,flurp,individual,2,1,10523,2026-06-29T19:49:28.730Z,Older,1.2925817561473671,1.0,-1.0,-1.0,1,8.41615331964408,DOB
TT028_1783544364653,,Nicholas,7,B,A,B,yes1_boss,hmm1_close,boss_close,yes1_boss,boss,yes,group,individual,True,individual,group,Backwards_Yes_1_b,Theo,backwards,Cleo,flurp,Moss,zazzo,"Yes, Theo likes to walk backwards.","Yes, Wugs like to walk backwards.",theo.png,theo_backwards.png,orange13.png,green11.png,Moss,zazzo,group,1,1,36116,2026-07-08T21:04:15.342Z,Older,0.06602460351218564,-1.0,-1.0,-1.0,1,7.189596167008898,DOB
TT028_1783544364653,,Nicholas,7,B,A,B,yes1_boss,hmm1_close,boss_close,yes1_boss,boss,yes,group,individual,True,individual,group,Pinecones_Yes_1_b,Blake,pinecones,Zara,flurp,Bryn,zazzo,"Yes, Blake likes to pile up pinecones into a tall tower.","Yes, Wugs like to pile up pinecones into a tall tower.",blake.png,blake_pinecones.png,orange10.png,green2.png,Zara,flurp,individual,2,0,33738,2026-07-08T21:05:27.209Z,Older,0.06602460351218564,-1.0,-1.0,-1.0,0,7.189596167008898,DOB
TT028_1783544364653,,Nicholas,7,B,A,B,yes1_boss,hmm1_close,boss_close,yes1_boss,boss,yes,group,individual,False,group,individual,Spinning_Yes_1_b,Wren,spinning,Lumi,flurp,Flint,zazzo,"Yes, Wugs like to spin around before sitting down.","Yes, Wren likes to spin around before sitting down.",wren.png,wren_spinning.png,orange6.png,green.png,Lumi,flurp,group,1,1,47705,2026-07-08T21:06:54.442Z,Older,0.06602460351218564,-1.0,-1.0,-1.0,1,7.189596167008898,DOB
TT028_1783544364653,,Nicholas,7,B,A,B,yes1_boss,hmm1_close,boss_close,yes1_boss,boss,yes,group,individual,True,individual,group,Sniffing_Yes_1_b,Arlo,sniffing,Cora,flurp,Beau,zazzo,"Yes, Arlo likes to sniff things before touching them.","Yes, Wugs like to sniff things before touching them.",arlo.png,arlo_sniffing.png,orange11.png,green1.png,Beau,zazzo,group,1,1,36147,2026-07-08T21:08:01.659Z,Older,0.06602460351218564,-1.0,-1.0,-1.0,1,7.189596167008898,DOB
TT028_1783544364653,,Nicholas,7,B,A,B,yes1_boss,hmm1_close,boss_close,yes1_boss,boss,yes,group,individual,True,individual,group,Plants_Yes_1_b,Sage,plants,Juno,flurp,Reed,zazzo,"Yes, Sage likes to talk to plants.","Yes, Wugs like to talk to plants.",sage.png,sage_plants.png,orange11.png,green.png,Juno,flurp,individual,2,0,23593,2026-07-08T21:09:02.477Z,Older,0.06602460351218564,-1.0,-1.0,-1.0,0,7.189596167008898,DOB
TT028_1783544364653,,Nicholas,7,B,A,B,yes1_boss,hmm1_close,boss_close,yes1_boss,boss,yes,group,individual,False,group,individual,Rocks_Yes_1_b,Sam,rocks,Nova,flurp,Finn,zazzo,"Yes, Wugs like to pick up rocks and put them in their pocket.","Yes, Sam likes to pick up rocks and put them in their pocket.",sam.png,sam_rocks.png,orange3.png,green10.png,Nova,flurp,group,1,1,29588,2026-07-08T21:10:04.857Z,Older,0.06602460351218564,-1.0,-1.0,-1.0,1,7.189596167008898,DOB
TT028_1783544364653,,Nicholas,7,A,A,B,yes1_boss,hmm1_close,boss_close,hmm1_close,close,hmm,group,individual,False,group,individual,Bugs_Hmm_1,Rowan,bugs,Emery,flurp,Jules,zazzo,"Hmm, Wugs must like to play with bugs.","Hmm, Rowan must like to play with bugs.",rowan.png,rowan_bugs.png,orange2.png,green10.png,Emery,flurp,group,1,0,121233,2026-07-08T21:13:26.225Z,Older,0.06602460351218564,1.0,1.0,-1.0,0,7.189596167008898,DOB
TT028_1783544364653,,Nicholas,7,A,A,B,yes1_boss,hmm1_close,boss_close,hmm1_close,close,hmm,group,individual,False,group,individual,Flowers_Hmm_1,Riley,flowers,Ash,flurp,Charlie,zazzo,"Hmm, Wugs must like to eat flowers.","Hmm, Riley must like to eat flowers.",riley.png,riley_flowers.png,orange10.png,green11.png,Charlie,zazzo,individual,2,1,31593,2026-07-08T21:14:29.312Z,Older,0.06602460351218564,1.0,1.0,-1.0,1,7.189596167008898,DOB
TT028_1783544364653,,Nicholas,7,A,A,B,yes1_boss,hmm1_close,boss_close,hmm1_close,close,hmm,group,individual,False,group,individual,Walls_Hmm_1,Taylor,walls,Finley,flurp,Robin,zazzo,"Hmm, Wugs must like to climb tall buildings.","Hmm, Taylor must like to climb tall buildings.",taylor.png,taylor_walls.png,orange13.png,green12.png,Robin,zazzo,individual,2,1,24619,2026-07-08T21:15:26.526Z,Older,0.06602460351218564,1.0,1.0,-1.0,1,7.189596167008898,DOB
TT028_1783544364653,,Nicholas,7,A,A,B,yes1_boss,hmm1_close,boss_close,hmm1_close,close,hmm,group,individual,False,group,individual,Night_Hmm_1,Casey,night,River,flurp,Morgan,zazzo,"Hmm, Wugs must like to stay up in the middle of the night.","Hmm, Casey must like to stay up in the middle of the night.",casey.png,casey_night.png,orange13.png,green9.png,River,flurp,group,1,0,24330,2026-07-08T21:16:25.233Z,Older,0.06602460351218564,1.0,1.0,-1.0,0,7.189596167008898,DOB
TT028_1783544364653,,Nicholas,7,A,A,B,yes1_boss,hmm1_close,boss_close,hmm1_close,close,hmm,group,individual,False,group,individual,Balls_Hmm_1,Alex,balls,Quinn,flurp,Drew,zazzo,"Hmm, Wugs must like to bounce balls on their heads.","Hmm, Alex must like to bounce balls on their heads.",alex.png,alex_ball.png,orange15.png,green10.png,Drew,zazzo,individual,2,1,22766,2026-07-08T21:17:26.317Z,Older,0.06602460351218564,1.0,1.0,-1.0,1,7.189596167008898,DOB
TT028_1783544364653,,Nicholas,7,A,A,B,yes1_boss,hmm1_close,boss_close,hmm1_close,close,hmm,group,individual,True,individual,group,Whisper_Hmm_1,Jordan,whisper,Skyler,flurp,Reese,zazzo,"Hmm, Jordan must like to whisper when they talk.","Hmm, Wugs must like to whisper when they talk.",jordan.png,jordan_whisper.png,orange2.png,green10.png,Skyler,flurp,individual,2,1,39792,2026-07-08T21:18:38.600Z,Older,0.06602460351218564,1.0,1.0,-1.0,1,7.189596167008898,DOB
TT030_1781956883477,,athena,6,A,A,B,hmm2_boss,yes1_close,close_boss,yes1_close,close,yes,group,individual,True,individual,group,Balls_Yes_1,Alex,balls,Quinn,flurp,Drew,zazzo,"Yes, Alex likes to bounce balls on their heads.","Yes, Wugs like to bounce balls on their heads.",alex.png,alex_ball.png,orange9.png,green6.png,Quinn,flurp,individual,2,1,28954,2026-06-20T12:05:37.671Z,Younger,-0.14752775788411832,1.0,-1.0,1.0,1,6.976043805612594,DOB
TT030_1781956883477,,athena,6,A,A,B,hmm2_boss,yes1_close,close_boss,yes1_close,close,yes,group,individual,False,group,individual,Flowers_Yes_1,Riley,flowers,Ash,flurp,Charlie,zazzo,"Yes, Wugs like to eat flowers.","Yes, Riley likes to eat flowers.",riley.png,riley_flowers.png,orange7.png,green12.png,Ash,flurp,group,1,0,32541,2026-06-20T12:06:36.814Z,Younger,-0.14752775788411832,1.0,-1.0,1.0,0,6.976043805612594,DOB
TT030_1781956883477,,athena,6,A,A,B,hmm2_boss,yes1_close,close_boss,yes1_close,close,yes,group,individual,False,group,individual,Bugs_Yes_1,Rowan,bugs,Emery,flurp,Jules,zazzo,"Yes, Wugs like to play with bugs.","Yes, Rowan likes to play with bugs.",rowan.png,rowan_bugs.png,orange2.png,green11.png,Jules,zazzo,individual,2,1,17064,2026-06-20T12:07:22.447Z,Younger,-0.14752775788411832,1.0,-1.0,1.0,1,6.976043805612594,DOB
TT030_1781956883477,,athena,6,A,A,B,hmm2_boss,yes1_close,close_boss,yes1_close,close,yes,group,individual,False,group,individual,Whisper_Yes_1,Jordan,whisper,Skyler,flurp,Reese,zazzo,"Yes, Wugs like to whisper when they talk.","Yes, Jordan likes to whisper when they talk.",jordan.png,jordan_whisper.png,orange9.png,green11.png,Reese,zazzo,individual,2,1,17261,2026-06-20T12:08:04.659Z,Younger,-0.14752775788411832,1.0,-1.0,1.0,1,6.976043805612594,DOB
TT030_1781956883477,,athena,6,A,A,B,hmm2_boss,yes1_close,close_boss,yes1_close,close,yes,group,individual,False,group,individual,Climb_Yes_1,Taylor,walls,Finley,flurp,Robin,zazzo,"Yes, Wugs like to climb tall buildings.","Yes, Taylor likes to climb tall buildings.",taylor.png,taylor_walls.png,orange14.png,green11.png,Finley,flurp,group,1,0,13744,2026-06-20T12:08:47.691Z,Younger,-0.14752775788411832,1.0,-1.0,1.0,0,6.976043805612594,DOB
TT030_1781956883477,,athena,6,A,A,B,hmm2_boss,yes1_close,close_boss,yes1_close,close,yes,group,individual,True,individual,group,Night_Yes_1,Casey,night,River,flurp,Morgan,zazzo,"Yes, Casey likes to stay up in the middle of the night.","Yes, Wugs like to stay up in the middle of the night.",casey.png,casey_night.png,orange11.png,green11.png,River,flurp,individual,2,1,13477,2026-06-20T12:09:28.170Z,Younger,-0.14752775788411832,1.0,-1.0,1.0,1,6.976043805612594,DOB
TT030_1781956883477,,athena,6,B,A,B,hmm2_boss,yes1_close,close_boss,hmm2_boss,boss,hmm,individual,group,True,group,individual,Pinecones_Hmm_2_b,Blake,pinecones,Zara,flurp,Bryn,zazzo,"Hmm, Wugs must like to pile up pinecones into a tall tower.","Hmm, Blake must like to pile up pinecones into a tall tower.",blake.png,blake_pinecones.png,orange11.png,green2.png,Bryn,zazzo,individual,2,0,23083,2026-06-20T12:10:58.101Z,Younger,-0.14752775788411832,-1.0,1.0,1.0,0,6.976043805612594,DOB
TT030_1781956883477,,athena,6,B,A,B,hmm2_boss,yes1_close,close_boss,hmm2_boss,boss,hmm,individual,group,True,group,individual,Backwards_Hmm_2_b,Theo,backwards,Cleo,flurp,Moss,zazzo,"Hmm, Wugs must like to walk backwards.","Hmm, Theo must like to walk backwards.",theo.png,theo_backwards.png,orange11.png,green6.png,Moss,zazzo,individual,2,0,15061,2026-06-20T12:11:41.083Z,Younger,-0.14752775788411832,-1.0,1.0,1.0,0,6.976043805612594,DOB
TT030_1781956883477,,athena,6,B,A,B,hmm2_boss,yes1_close,close_boss,hmm2_boss,boss,hmm,individual,group,True,group,individual,Plants_Hmm_2_b,Sage,plants,Juno,flurp,Reed,zazzo,"Hmm, Wugs must like to talk to plants.","Hmm, Sage must like to talk to plants.",sage.png,sage_plants.png,orange10.png,green12.png,Reed,zazzo,individual,2,0,20848,2026-06-20T12:12:29.083Z,Younger,-0.14752775788411832,-1.0,1.0,1.0,0,6.976043805612594,DOB
TT030_1781956883477,,athena,6,B,A,B,hmm2_boss,yes1_close,close_boss,hmm2_boss,boss,hmm,individual,group,True,group,individual,Spinning_Hmm_2_b,Wren,spinning,Lumi,flurp,Flint,zazzo,"Hmm, Wugs must like to spin around before sitting down.","Hmm, Wren must like to spin around before sitting down.",wren.png,wren_spinning.png,orange9.png,green2.png,Flint,zazzo,individual,2,0,18414,2026-06-20T12:13:13.982Z,Younger,-0.14752775788411832,-1.0,1.0,1.0,0,6.976043805612594,DOB
TT030_1781956883477,,athena,6,B,A,B,hmm2_boss,yes1_close,close_boss,hmm2_boss,boss,hmm,individual,group,False,individual,group,Sniffing_Hmm_2_b,Arlo,sniffing,Cora,flurp,Beau,zazzo,"Hmm, Arlo must like to sniff things before touching them.","Hmm, Wugs must like to sniff things before touching them.",arlo.png,arlo_sniffing.png,orange4.png,green.png,Beau,zazzo,group,1,1,26153,2026-06-20T12:14:06.121Z,Younger,-0.14752775788411832,-1.0,1.0,1.0,1,6.976043805612594,DOB
TT030_1781956883477,,athena,6,B,A,B,hmm2_boss,yes1_close,close_boss,hmm2_boss,boss,hmm,individual,group,False,individual,group,Rocks_Hmm_2_b,Sam,rocks,Nova,flurp,Finn,zazzo,"Hmm, Sam must like to pick up rocks and put them in their pocket.","Hmm, Wugs must like to pick up rocks and put them in their pocket.",sam.png,sam_rocks.png,orange15.png,green7.png,Finn,zazzo,group,1,1,15760,2026-06-20T12:14:39.493Z,Younger,-0.14752775788411832,-1.0,1.0,1.0,1,6.976043805612594,DOB
TT030_1782166730391,,Aashvi,8,A,A,B,hmm1_boss,yes2_close,close_boss,yes2_close,close,yes,individual,group,False,individual,group,Ball_Yes_2,Alex,balls,Quinn,flurp,Drew,zazzo,"Yes, Alex likes to bounce balls on their heads.","Yes, Wugs like to bounce balls on their heads.",alex.png,alex_ball.png,orange4.png,green11.png,Drew,zazzo,group,1,0,19487,2026-06-22T22:22:56.956Z,Older,1.5335126254149927,1.0,-1.0,-1.0,0,8.657084188911705,DOB
TT030_1782166730391,,Aashvi,8,A,A,B,hmm1_boss,yes2_close,close_boss,yes2_close,close,yes,individual,group,True,group,individual,Night_Yes_2,Casey,night,River,flurp,Morgan,zazzo,"Yes, Wugs like to stay up in the middle of the night.","Yes, Casey likes to stay up in the middle of the night.",casey.png,casey_night.png,orange7.png,green10.png,Morgan,zazzo,individual,2,1,14861,2026-06-22T22:23:48.102Z,Older,1.5335126254149927,1.0,-1.0,-1.0,1,8.657084188911705,DOB
TT030_1782166730391,,Aashvi,8,A,A,B,hmm1_boss,yes2_close,close_boss,yes2_close,close,yes,individual,group,True,group,individual,Climb_Yes_2,Taylor,walls,Finley,flurp,Robin,zazzo,"Yes, Wugs like to climb tall buildings.","Yes, Taylor likes to climb tall buildings.",taylor.png,taylor_walls.png,orange8.png,green6.png,Robin,zazzo,individual,2,1,11645,2026-06-22T22:24:27.085Z,Older,1.5335126254149927,1.0,-1.0,-1.0,1,8.657084188911705,DOB
TT030_1782166730391,,Aashvi,8,A,A,B,hmm1_boss,yes2_close,close_boss,yes2_close,close,yes,individual,group,True,group,individual,Bugs_Yes_2,Rowan,bugs,Emery,flurp,Jules,zazzo,"Yes, Wugs like to play with bugs.","Yes, Rowan likes to play with bugs.",rowan.png,rowan_bugs.png,orange7.png,green2.png,Jules,zazzo,individual,2,1,10966,2026-06-22T22:24:42.738Z,Older,1.5335126254149927,1.0,-1.0,-1.0,1,8.657084188911705,DOB
TT030_1782166730391,,Aashvi,8,A,A,B,hmm1_boss,yes2_close,close_boss,yes2_close,close,yes,individual,group,False,individual,group,Flowers_Yes_2,Riley,flowers,Ash,flurp,Charlie,zazzo,"Yes, Riley likes to eat flowers.","Yes, Wugs like to eat flowers.",riley.png,riley_flowers.png,orange2.png,green.png,Ash,flurp,individual,2,1,11224,2026-06-22T22:25:14.647Z,Older,1.5335126254149927,1.0,-1.0,-1.0,1,8.657084188911705,DOB
TT030_1782166730391,,Aashvi,8,A,A,B,hmm1_boss,yes2_close,close_boss,yes2_close,close,yes,individual,group,True,group,individual,Whisper_Yes_2,Jordan,whisper,Skyler,flurp,Reese,zazzo,"Yes, Wugs like to whisper when they talk.","Yes, Jordan likes to whisper when they talk.",jordan.png,jordan_whisper.png,orange11.png,green11.png,Reese,zazzo,individual,2,1,9573,2026-06-22T22:25:43.129Z,Older,1.5335126254149927,1.0,-1.0,-1.0,1,8.657084188911705,DOB
TT030_1782166730391,,Aashvi,8,B,A,B,hmm1_boss,yes2_close,close_boss,hmm1_boss,boss,hmm,group,individual,True,individual,group,Plants_Hmm_1_b,Sage,plants,Juno,flurp,Reed,zazzo,"Hmm, Sage must like to talk to plants.","Hmm, Wugs must like to talk to plants.",sage.png,sage_plants.png,orange3.png,green1.png,Juno,flurp,individual,2,0,25617,2026-06-22T22:27:04.934Z,Older,1.5335126254149927,-1.0,1.0,-1.0,0,8.657084188911705,DOB
TT030_1782166730391,,Aashvi,8,B,A,B,hmm1_boss,yes2_close,close_boss,hmm1_boss,boss,hmm,group,individual,False,group,individual,Spinning_Hmm_1_b,Wren,spinning,Lumi,flurp,Flint,zazzo,"Hmm, Wugs must like to spin around before sitting down.","Hmm, Wren must like to spin around before sitting down.",wren.png,wren_spinning.png,orange10.png,green.png,Flint,zazzo,individual,2,0,13095,2026-06-22T22:27:27.170Z,Older,1.5335126254149927,-1.0,1.0,-1.0,0,8.657084188911705,DOB
TT030_1782166730391,,Aashvi,8,B,A,B,hmm1_boss,yes2_close,close_boss,hmm1_boss,boss,hmm,group,individual,False,group,individual,Pinecones_Hmm_1_b,Blake,pinecones,Zara,flurp,Bryn,zazzo,"Hmm, Wugs must like to pile up pinecones into a tall tower.","Hmm, Blake must like to pile up pinecones into a tall tower.",blake.png,blake_pinecones.png,orange9.png,green9.png,Bryn,zazzo,individual,2,0,12731,2026-06-22T22:27:54.115Z,Older,1.5335126254149927,-1.0,1.0,-1.0,0,8.657084188911705,DOB
TT030_1782166730391,,Aashvi,8,B,A,B,hmm1_boss,yes2_close,close_boss,hmm1_boss,boss,hmm,group,individual,True,individual,group,Backwards_Hmm_1_b,Theo,backwards,Cleo,flurp,Moss,zazzo,"Hmm, Theo must like to walk backwards.","Hmm, Wugs must like to walk backwards.",theo.png,theo_backwards.png,orange6.png,green12.png,Cleo,flurp,individual,2,0,9407,2026-06-22T22:28:09.470Z,Older,1.5335126254149927,-1.0,1.0,-1.0,0,8.657084188911705,DOB
TT030_1782166730391,,Aashvi,8,B,A,B,hmm1_boss,yes2_close,close_boss,hmm1_boss,boss,hmm,group,individual,False,group,individual,Rocks_Hmm_1_b,Sam,rocks,Nova,flurp,Finn,zazzo,"Hmm, Wugs must like to pick up rocks and put them in their pocket.","Hmm, Sam must like to pick up rocks and put them in their pocket.",sam.png,sam_rocks.png,orange13.png,green.png,Finn,zazzo,individual,2,0,11727,2026-06-22T22:28:46.655Z,Older,1.5335126254149927,-1.0,1.0,-1.0,0,8.657084188911705,DOB
TT030_1782166730391,,Aashvi,8,B,A,B,hmm1_boss,yes2_close,close_boss,hmm1_boss,boss,hmm,group,individual,True,individual,group,Sniffing_Hmm_1_b,Arlo,sniffing,Cora,flurp,Beau,zazzo,"Hmm, Arlo must like to sniff things before touching them.","Hmm, Wugs must like to sniff things before touching them.",arlo.png,arlo_sniffing.png,orange4.png,green9.png,Cora,flurp,individual,2,0,14475,2026-06-22T22:29:05.684Z,Older,1.5335126254149927,-1.0,1.0,-1.0,0,8.657084188911705,DOB
TT031_1782064484090,,Brock,5,A,A,B,hmm1_boss,hmm2_close,close_boss,hmm2_close,close,hmm,individual,group,False,individual,group,Walls_Hmm_2,Taylor,walls,Finley,flurp,Robin,zazzo,"Hmm, Taylor must like to climb tall buildings.","Hmm, Wugs must like to climb tall buildings.",taylor.png,taylor_walls.png,orange4.png,green9.png,Robin,zazzo,group,1,0,20931,2026-06-21T17:59:58.581Z,Younger,-1.9161793663714555,1.0,1.0,1.0,0,5.207392197125257,DOB
TT031_1782064484090,,Brock,5,A,A,B,hmm1_boss,hmm2_close,close_boss,hmm2_close,close,hmm,individual,group,False,individual,group,Bugs_Hmm_2,Rowan,bugs,Emery,flurp,Jules,zazzo,"Hmm, Rowan must like to play with bugs.","Hmm, Wugs must like to play with bugs.",rowan.png,rowan_bugs.png,orange8.png,green10.png,Jules,zazzo,group,1,0,15313,2026-06-21T18:00:48.275Z,Younger,-1.9161793663714555,1.0,1.0,1.0,0,5.207392197125257,DOB
TT031_1782064484090,,Brock,5,A,A,B,hmm1_boss,hmm2_close,close_boss,hmm2_close,close,hmm,individual,group,False,individual,group,Balls_Hmm_2,Alex,balls,Quinn,flurp,Drew,zazzo,"Hmm, Alex must like to bounce balls on their heads.","Hmm, Wugs must like to bounce balls on their heads.",alex.png,alex_ball.png,orange7.png,green2.png,Quinn,flurp,individual,2,1,15020,2026-06-21T18:01:40.777Z,Younger,-1.9161793663714555,1.0,1.0,1.0,1,5.207392197125257,DOB
TT031_1782064484090,,Brock,5,A,A,B,hmm1_boss,hmm2_close,close_boss,hmm2_close,close,hmm,individual,group,False,individual,group,Night_Hmm_2,Casey,night,River,flurp,Morgan,zazzo,"Hmm, Casey must like to stay up in the middle of the night.","Hmm, Wugs must like to stay up in the middle of the night.",casey.png,casey_night.png,orange7.png,green12.png,River,flurp,individual,2,1,36565,2026-06-21T18:02:52.167Z,Younger,-1.9161793663714555,1.0,1.0,1.0,1,5.207392197125257,DOB
TT031_1782064484090,,Brock,5,A,A,B,hmm1_boss,hmm2_close,close_boss,hmm2_close,close,hmm,individual,group,True,group,individual,Whisper_Hmm_2,Jordan,whisper,Skyler,flurp,Reese,zazzo,"Hmm, Wugs must like to whisper when they talk.","Hmm, Jordan must like to whisper when they talk.",jordan.png,jordan_whisper.png,orange15.png,green6.png,Reese,zazzo,individual,2,1,28796,2026-06-21T18:03:45.963Z,Younger,-1.9161793663714555,1.0,1.0,1.0,1,5.207392197125257,DOB
TT031_1782064484090,,Brock,5,A,A,B,hmm1_boss,hmm2_close,close_boss,hmm2_close,close,hmm,individual,group,True,group,individual,Flowers_Hmm_2,Riley,flowers,Ash,flurp,Charlie,zazzo,"Hmm, Wugs must like to eat flowers.","Hmm, Riley must like to eat flowers.",riley.png,riley_flowers.png,orange11.png,green.png,Charlie,zazzo,individual,2,1,15200,2026-06-21T18:04:44.560Z,Younger,-1.9161793663714555,1.0,1.0,1.0,1,5.207392197125257,DOB
TT031_1782064484090,,Brock,5,B,A,B,hmm1_boss,hmm2_close,close_boss,hmm1_boss,boss,hmm,group,individual,False,group,individual,Sniffing_Hmm_1_b,Arlo,sniffing,Cora,flurp,Beau,zazzo,"Hmm, Wugs must like to sniff things before touching them.","Hmm, Arlo must like to sniff things before touching them.",arlo.png,arlo_sniffing.png,orange7.png,green9.png,Beau,zazzo,individual,2,0,23632,2026-06-21T18:06:12.054Z,Younger,-1.9161793663714555,-1.0,1.0,1.0,0,5.207392197125257,DOB
TT031_1782064484090,,Brock,5,B,A,B,hmm1_boss,hmm2_close,close_boss,hmm1_boss,boss,hmm,group,individual,False,group,individual,Plants_Hmm_1_b,Sage,plants,Juno,flurp,Reed,zazzo,"Hmm, Wugs must like to talk to plants.","Hmm, Sage must like to talk to plants.",sage.png,sage_plants.png,orange3.png,green12.png,Juno,flurp,group,1,1,18033,2026-06-21T18:06:46.118Z,Younger,-1.9161793663714555,-1.0,1.0,1.0,1,5.207392197125257,DOB
TT031_1782064484090,,Brock,5,B,A,B,hmm1_boss,hmm2_close,close_boss,hmm1_boss,boss,hmm,group,individual,True,individual,group,Backwards_Hmm_1_b,Theo,backwards,Cleo,flurp,Moss,zazzo,"Hmm, Theo must like to walk backwards.","Hmm, Wugs must like to walk backwards.",theo.png,theo_backwards.png,orange8.png,green7.png,Moss,zazzo,group,1,1,15148,2026-06-21T18:07:22.132Z,Younger,-1.9161793663714555,-1.0,1.0,1.0,1,5.207392197125257,DOB
TT031_1782064484090,,Brock,5,B,A,B,hmm1_boss,hmm2_close,close_boss,hmm1_boss,boss,hmm,group,individual,True,individual,group,Rocks_Hmm_1_b,Sam,rocks,Nova,flurp,Finn,zazzo,"Hmm, Sam must like to pick up rocks and put them in their pocket.","Hmm, Wugs must like to pick up rocks and put them in their pocket.",sam.png,sam_rocks.png,orange4.png,green6.png,Finn,zazzo,group,1,1,17798,2026-06-21T18:07:55.796Z,Younger,-1.9161793663714555,-1.0,1.0,1.0,1,5.207392197125257,DOB
TT031_1782064484090,,Brock,5,B,A,B,hmm1_boss,hmm2_close,close_boss,hmm1_boss,boss,hmm,group,individual,False,group,individual,Spinning_Hmm_1_b,Wren,spinning,Lumi,flurp,Flint,zazzo,"Hmm, Wugs must like to spin around before sitting down.","Hmm, Wren must like to spin around before sitting down.",wren.png,wren_spinning.png,orange9.png,green2.png,Flint,zazzo,individual,2,0,17049,2026-06-21T18:08:28.561Z,Younger,-1.9161793663714555,-1.0,1.0,1.0,0,5.207392197125257,DOB
TT031_1782064484090,,Brock,5,B,A,B,hmm1_boss,hmm2_close,close_boss,hmm1_boss,boss,hmm,group,individual,True,individual,group,Pinecones_Hmm_1_b,Blake,pinecones,Zara,flurp,Bryn,zazzo,"Hmm, Blake must like to pile up pinecones into a tall tower.","Hmm, Wugs must like to pile up pinecones into a tall tower.",blake.png,blake_pinecones.png,orange7.png,green1.png,Bryn,zazzo,group,1,1,16833,2026-06-21T18:09:00.142Z,Younger,-1.9161793663714555,-1.0,1.0,1.0,1,5.207392197125257,DOB
TT031_1783277994812,,ryan,6,B,A,B,hmm2_boss,hmm2_close,boss_close,hmm2_boss,boss,hmm,individual,group,True,group,individual,Pinecones_Hmm_2_b,Blake,pinecones,Zara,flurp,Bryn,zazzo,"Hmm, Wugs must like to pile up pinecones into a tall tower.","Hmm, Blake must like to pile up pinecones into a tall tower.",blake.png,blake_pinecones.png,orange3.png,green12.png,Bryn,zazzo,individual,2,0,40810,2026-07-05T19:03:27.268Z,Younger,-0.9360287845781636,-1.0,1.0,1.0,0,6.187542778918549,DOB
TT031_1783277994812,,ryan,6,B,A,B,hmm2_boss,hmm2_close,boss_close,hmm2_boss,boss,hmm,individual,group,False,individual,group,Backwards_Hmm_2_b,Theo,backwards,Cleo,flurp,Moss,zazzo,"Hmm, Theo must like to walk backwards.","Hmm, Wugs must like to walk backwards.",theo.png,theo_backwards.png,orange13.png,green1.png,Cleo,flurp,individual,2,0,13181,2026-07-05T19:04:08.178Z,Younger,-0.9360287845781636,-1.0,1.0,1.0,0,6.187542778918549,DOB
TT031_1783277994812,,ryan,6,B,A,B,hmm2_boss,hmm2_close,boss_close,hmm2_boss,boss,hmm,individual,group,True,group,individual,Plants_Hmm_2_b,Sage,plants,Juno,flurp,Reed,zazzo,"Hmm, Wugs must like to talk to plants.","Hmm, Sage must like to talk to plants.",sage.png,sage_plants.png,orange11.png,green11.png,Reed,zazzo,individual,2,0,24579,2026-07-05T19:04:58.522Z,Younger,-0.9360287845781636,-1.0,1.0,1.0,0,6.187542778918549,DOB
TT031_1783277994812,,ryan,6,B,A,B,hmm2_boss,hmm2_close,boss_close,hmm2_boss,boss,hmm,individual,group,True,group,individual,Rocks_Hmm_2_b,Sam,rocks,Nova,flurp,Finn,zazzo,"Hmm, Wugs must like to pick up rocks and put them in their pocket.","Hmm, Sam must like to pick up rocks and put them in their pocket.",sam.png,sam_rocks.png,orange8.png,green6.png,Nova,flurp,group,1,1,20937,2026-07-05T19:05:47.615Z,Younger,-0.9360287845781636,-1.0,1.0,1.0,1,6.187542778918549,DOB
TT031_1783277994812,,ryan,6,B,A,B,hmm2_boss,hmm2_close,boss_close,hmm2_boss,boss,hmm,individual,group,False,individual,group,Sniffing_Hmm_2_b,Arlo,sniffing,Cora,flurp,Beau,zazzo,"Hmm, Arlo must like to sniff things before touching them.","Hmm, Wugs must like to sniff things before touching them.",arlo.png,arlo_sniffing.png,orange15.png,green.png,Cora,flurp,individual,2,0,12953,2026-07-05T19:06:28.576Z,Younger,-0.9360287845781636,-1.0,1.0,1.0,0,6.187542778918549,DOB
TT031_1783277994812,,ryan,6,B,A,B,hmm2_boss,hmm2_close,boss_close,hmm2_boss,boss,hmm,individual,group,True,group,individual,Spinning_Hmm_2_b,Wren,spinning,Lumi,flurp,Flint,zazzo,"Hmm, Wugs must like to spin around before sitting down.","Hmm, Wren must like to spin around before sitting down.",wren.png,wren_spinning.png,orange10.png,green1.png,Lumi,flurp,group,1,1,14087,2026-07-05T19:07:07.277Z,Younger,-0.9360287845781636,-1.0,1.0,1.0,1,6.187542778918549,DOB
TT031_1783277994812,,ryan,6,A,A,B,hmm2_boss,hmm2_close,boss_close,hmm2_close,close,hmm,individual,group,False,individual,group,Walls_Hmm_2,Taylor,walls,Finley,flurp,Robin,zazzo,"Hmm, Taylor must like to climb tall buildings.","Hmm, Wugs must like to climb tall buildings.",taylor.png,taylor_walls.png,orange2.png,green6.png,Finley,flurp,individual,2,1,18597,2026-07-05T19:08:17.095Z,Younger,-0.9360287845781636,1.0,1.0,1.0,1,6.187542778918549,DOB
TT031_1783277994812,,ryan,6,A,A,B,hmm2_boss,hmm2_close,boss_close,hmm2_close,close,hmm,individual,group,True,group,individual,Bugs_Hmm_2,Rowan,bugs,Emery,flurp,Jules,zazzo,"Hmm, Wugs must like to play with bugs.","Hmm, Rowan must like to play with bugs.",rowan.png,rowan_bugs.png,orange13.png,green1.png,Emery,flurp,group,1,0,11330,2026-07-05T19:08:52.117Z,Younger,-0.9360287845781636,1.0,1.0,1.0,0,6.187542778918549,DOB
TT031_1783277994812,,ryan,6,A,A,B,hmm2_boss,hmm2_close,boss_close,hmm2_close,close,hmm,individual,group,False,individual,group,Whisper_Hmm_2,Jordan,whisper,Skyler,flurp,Reese,zazzo,"Hmm, Jordan must like to whisper when they talk.","Hmm, Wugs must like to whisper when they talk.",jordan.png,jordan_whisper.png,orange7.png,green1.png,Skyler,flurp,individual,2,1,19822,2026-07-05T19:09:33.116Z,Younger,-0.9360287845781636,1.0,1.0,1.0,1,6.187542778918549,DOB
TT031_1783277994812,,ryan,6,A,A,B,hmm2_boss,hmm2_close,boss_close,hmm2_close,close,hmm,individual,group,True,group,individual,Balls_Hmm_2,Alex,balls,Quinn,flurp,Drew,zazzo,"Hmm, Wugs must like to bounce balls on their heads.","Hmm, Alex must like to bounce balls on their heads.",alex.png,alex_ball.png,orange10.png,green9.png,Drew,zazzo,individual,2,1,17520,2026-07-05T19:10:16.460Z,Younger,-0.9360287845781636,1.0,1.0,1.0,1,6.187542778918549,DOB
TT031_1783277994812,,ryan,6,A,A,B,hmm2_boss,hmm2_close,boss_close,hmm2_close,close,hmm,individual,group,True,group,individual,Night_Hmm_2,Casey,night,River,flurp,Morgan,zazzo,"Hmm, Wugs must like to stay up in the middle of the night.","Hmm, Casey must like to stay up in the middle of the night.",casey.png,casey_night.png,orange9.png,green6.png,River,flurp,group,1,0,22779,2026-07-05T19:11:08.805Z,Younger,-0.9360287845781636,1.0,1.0,1.0,0,6.187542778918549,DOB
TT031_1783277994812,,ryan,6,A,A,B,hmm2_boss,hmm2_close,boss_close,hmm2_close,close,hmm,individual,group,True,group,individual,Flowers_Hmm_2,Riley,flowers,Ash,flurp,Charlie,zazzo,"Hmm, Wugs must like to eat flowers.","Hmm, Riley must like to eat flowers.",riley.png,riley_flowers.png,orange2.png,green.png,Ash,flurp,group,1,0,11922,2026-07-05T19:11:44.546Z,Younger,-0.9360287845781636,1.0,1.0,1.0,0,6.187542778918549,DOB
TT032_1783174905305,,kaiden,7,A,A,B,hmm1_boss,yes2_close,close_boss,yes2_close,close,yes,individual,group,True,group,individual,Climb_Yes_2,Taylor,walls,Finley,flurp,Robin,zazzo,"Yes, Wugs like to climb tall buildings.","Yes, Taylor likes to climb tall buildings.",taylor.png,taylor_walls.png,orange2.png,green11.png,Finley,flurp,group,1,0,31713,2026-07-04T14:27:08.413Z,Older,-0.08729504056721193,1.0,-1.0,-1.0,0,7.036276522929501,DOB
TT032_1783174905305,,kaiden,7,A,A,B,hmm1_boss,yes2_close,close_boss,yes2_close,close,yes,individual,group,True,group,individual,Flowers_Yes_2,Riley,flowers,Ash,flurp,Charlie,zazzo,"Yes, Wugs like to eat flowers.","Yes, Riley likes to eat flowers.",riley.png,riley_flowers.png,orange11.png,green6.png,Charlie,zazzo,individual,2,1,21043,2026-07-04T14:28:18.263Z,Older,-0.08729504056721193,1.0,-1.0,-1.0,1,7.036276522929501,DOB
TT032_1783174905305,,kaiden,7,A,A,B,hmm1_boss,yes2_close,close_boss,yes2_close,close,yes,individual,group,False,individual,group,Whisper_Yes_2,Jordan,whisper,Skyler,flurp,Reese,zazzo,"Yes, Jordan likes to whisper when they talk.","Yes, Wugs like to whisper when they talk.",jordan.png,jordan_whisper.png,orange10.png,green10.png,Skyler,flurp,individual,2,1,11867,2026-07-04T14:28:44.512Z,Older,-0.08729504056721193,1.0,-1.0,-1.0,1,7.036276522929501,DOB
TT032_1783174905305,,kaiden,7,A,A,B,hmm1_boss,yes2_close,close_boss,yes2_close,close,yes,individual,group,True,group,individual,Bugs_Yes_2,Rowan,bugs,Emery,flurp,Jules,zazzo,"Yes, Wugs like to play with bugs.","Yes, Rowan likes to play with bugs.",rowan.png,rowan_bugs.png,orange6.png,green7.png,Emery,flurp,group,1,0,18976,2026-07-04T14:29:31.019Z,Older,-0.08729504056721193,1.0,-1.0,-1.0,0,7.036276522929501,DOB
TT032_1783174905305,,kaiden,7,A,A,B,hmm1_boss,yes2_close,close_boss,yes2_close,close,yes,individual,group,False,individual,group,Night_Yes_2,Casey,night,River,flurp,Morgan,zazzo,"Yes, Casey likes to stay up in the middle of the night.","Yes, Wugs like to stay up in the middle of the night.",casey.png,casey_night.png,orange11.png,green.png,River,flurp,individual,2,1,11027,2026-07-04T14:30:20.145Z,Older,-0.08729504056721193,1.0,-1.0,-1.0,1,7.036276522929501,DOB
TT032_1783174905305,,kaiden,7,A,A,B,hmm1_boss,yes2_close,close_boss,yes2_close,close,yes,individual,group,False,individual,group,Ball_Yes_2,Alex,balls,Quinn,flurp,Drew,zazzo,"Yes, Alex likes to bounce balls on their heads.","Yes, Wugs like to bounce balls on their heads.",alex.png,alex_ball.png,orange14.png,green2.png,Quinn,flurp,individual,2,1,18350,2026-07-04T14:30:53.996Z,Older,-0.08729504056721193,1.0,-1.0,-1.0,1,7.036276522929501,DOB
TT032_1783174905305,,kaiden,7,B,A,B,hmm1_boss,yes2_close,close_boss,hmm1_boss,boss,hmm,group,individual,True,individual,group,Backwards_Hmm_1_b,Theo,backwards,Cleo,flurp,Moss,zazzo,"Hmm, Theo must like to walk backwards.","Hmm, Wugs must like to walk backwards.",theo.png,theo_backwards.png,orange11.png,green9.png,Moss,zazzo,group,1,1,29005,2026-07-04T14:32:54.749Z,Older,-0.08729504056721193,-1.0,1.0,-1.0,1,7.036276522929501,DOB
TT032_1783174905305,,kaiden,7,B,A,B,hmm1_boss,yes2_close,close_boss,hmm1_boss,boss,hmm,group,individual,False,group,individual,Rocks_Hmm_1_b,Sam,rocks,Nova,flurp,Finn,zazzo,"Hmm, Wugs must like to pick up rocks and put them in their pocket.","Hmm, Sam must like to pick up rocks and put them in their pocket.",sam.png,sam_rocks.png,orange3.png,green7.png,Nova,flurp,group,1,1,14192,2026-07-04T14:33:51.442Z,Older,-0.08729504056721193,-1.0,1.0,-1.0,1,7.036276522929501,DOB
TT032_1783174905305,,kaiden,7,B,A,B,hmm1_boss,yes2_close,close_boss,hmm1_boss,boss,hmm,group,individual,True,individual,group,Spinning_Hmm_1_b,Wren,spinning,Lumi,flurp,Flint,zazzo,"Hmm, Wren must like to spin around before sitting down.","Hmm, Wugs must like to spin around before sitting down.",wren.png,wren_spinning.png,orange8.png,green12.png,Flint,zazzo,group,1,1,14564,2026-07-04T14:34:48.144Z,Older,-0.08729504056721193,-1.0,1.0,-1.0,1,7.036276522929501,DOB
TT032_1783174905305,,kaiden,7,B,A,B,hmm1_boss,yes2_close,close_boss,hmm1_boss,boss,hmm,group,individual,False,group,individual,Plants_Hmm_1_b,Sage,plants,Juno,flurp,Reed,zazzo,"Hmm, Wugs must like to talk to plants.","Hmm, Sage must like to talk to plants.",sage.png,sage_plants.png,orange15.png,green7.png,Juno,flurp,group,1,1,14378,2026-07-04T14:35:31.721Z,Older,-0.08729504056721193,-1.0,1.0,-1.0,1,7.036276522929501,DOB
TT032_1783174905305,,kaiden,7,B,A,B,hmm1_boss,yes2_close,close_boss,hmm1_boss,boss,hmm,group,individual,True,individual,group,Sniffing_Hmm_1_b,Arlo,sniffing,Cora,flurp,Beau,zazzo,"Hmm, Arlo must like to sniff things before touching them.","Hmm, Wugs must like to sniff things before touching them.",arlo.png,arlo_sniffing.png,orange13.png,green11.png,Beau,zazzo,group,1,1,20748,2026-07-04T14:36:39.188Z,Older,-0.08729504056721193,-1.0,1.0,-1.0,1,7.036276522929501,DOB
TT032_1783174905305,,kaiden,7,B,A,B,hmm1_boss,yes2_close,close_boss,hmm1_boss,boss,hmm,group,individual,False,group,individual,Pinecones_Hmm_1_b,Blake,pinecones,Zara,flurp,Bryn,zazzo,"Hmm, Wugs must like to pile up pinecones into a tall tower.","Hmm, Blake must like to pile up pinecones into a tall tower.",blake.png,blake_pinecones.png,orange4.png,green6.png,Bryn,zazzo,individual,2,0,15235,2026-07-04T14:37:31.802Z,Older,-0.08729504056721193,-1.0,1.0,-1.0,0,7.036276522929501,DOB
TT033_1784586061112,,lorenzo,6,A,A,B,hmm1_boss,yes2_close,close_boss,yes2_close,close,yes,individual,group,True,group,individual,Night_Yes_2,Casey,night,River,flurp,Morgan,zazzo,"Yes, Wugs like to stay up in the middle of the night.","Yes, Casey likes to stay up in the middle of the night.",casey.png,casey_night.png,orange13.png,green.png,Morgan,zazzo,individual,2,1,15271,2026-07-20T22:24:23.635Z,Younger,-0.9305530830038995,1.0,-1.0,1.0,1,6.193018480492813,DOB
TT033_1784586061112,,lorenzo,6,A,A,B,hmm1_boss,yes2_close,close_boss,yes2_close,close,yes,individual,group,True,group,individual,Whisper_Yes_2,Jordan,whisper,Skyler,flurp,Reese,zazzo,"Yes, Wugs like to whisper when they talk.","Yes, Jordan likes to whisper when they talk.",jordan.png,jordan_whisper.png,orange15.png,green7.png,Reese,zazzo,individual,2,1,14438,2026-07-20T22:25:14.318Z,Younger,-0.9305530830038995,1.0,-1.0,1.0,1,6.193018480492813,DOB
TT033_1784586061112,,lorenzo,6,A,A,B,hmm1_boss,yes2_close,close_boss,yes2_close,close,yes,individual,group,False,individual,group,Flowers_Yes_2,Riley,flowers,Ash,flurp,Charlie,zazzo,"Yes, Riley likes to eat flowers.","Yes, Wugs like to eat flowers.",riley.png,riley_flowers.png,orange2.png,green1.png,Charlie,zazzo,group,1,0,9987,2026-07-20T22:26:04.584Z,Younger,-0.9305530830038995,1.0,-1.0,1.0,0,6.193018480492813,DOB
TT033_1784586061112,,lorenzo,6,A,A,B,hmm1_boss,yes2_close,close_boss,yes2_close,close,yes,individual,group,False,individual,group,Bugs_Yes_2,Rowan,bugs,Emery,flurp,Jules,zazzo,"Yes, Rowan likes to play with bugs.","Yes, Wugs like to play with bugs.",rowan.png,rowan_bugs.png,orange9.png,green7.png,Jules,zazzo,group,1,0,8869,2026-07-20T22:26:29.575Z,Younger,-0.9305530830038995,1.0,-1.0,1.0,0,6.193018480492813,DOB
TT033_1784586061112,,lorenzo,6,A,A,B,hmm1_boss,yes2_close,close_boss,yes2_close,close,yes,individual,group,True,group,individual,Ball_Yes_2,Alex,balls,Quinn,flurp,Drew,zazzo,"Yes, Wugs like to bounce balls on their heads.","Yes, Alex likes to bounce balls on their heads.",alex.png,alex_ball.png,orange13.png,green1.png,Drew,zazzo,individual,2,1,21090,2026-07-20T22:27:14.973Z,Younger,-0.9305530830038995,1.0,-1.0,1.0,1,6.193018480492813,DOB
TT033_1784586061112,,lorenzo,6,A,A,B,hmm1_boss,yes2_close,close_boss,yes2_close,close,yes,individual,group,True,group,individual,Climb_Yes_2,Taylor,walls,Finley,flurp,Robin,zazzo,"Yes, Wugs like to climb tall buildings.","Yes, Taylor likes to climb tall buildings.",taylor.png,taylor_walls.png,orange13.png,green10.png,Robin,zazzo,individual,2,1,13822,2026-07-20T22:27:40.365Z,Younger,-0.9305530830038995,1.0,-1.0,1.0,1,6.193018480492813,DOB
TT033_1784586061112,,lorenzo,6,B,A,B,hmm1_boss,yes2_close,close_boss,hmm1_boss,boss,hmm,group,individual,False,group,individual,Rocks_Hmm_1_b,Sam,rocks,Nova,flurp,Finn,zazzo,"Hmm, Wugs must like to pick up rocks and put them in their pocket.","Hmm, Sam must like to pick up rocks and put them in their pocket.",sam.png,sam_rocks.png,orange11.png,green7.png,Nova,flurp,group,1,1,16005,2026-07-20T22:28:45.636Z,Younger,-0.9305530830038995,-1.0,1.0,1.0,1,6.193018480492813,DOB
TT033_1784586061112,,lorenzo,6,B,A,B,hmm1_boss,yes2_close,close_boss,hmm1_boss,boss,hmm,group,individual,False,group,individual,Backwards_Hmm_1_b,Theo,backwards,Cleo,flurp,Moss,zazzo,"Hmm, Wugs must like to walk backwards.","Hmm, Theo must like to walk backwards.",theo.png,theo_backwards.png,orange11.png,green.png,Moss,zazzo,individual,2,0,18355,2026-07-20T22:29:17.145Z,Younger,-0.9305530830038995,-1.0,1.0,1.0,0,6.193018480492813,DOB
TT033_1784586061112,,lorenzo,6,B,A,B,hmm1_boss,yes2_close,close_boss,hmm1_boss,boss,hmm,group,individual,False,group,individual,Pinecones_Hmm_1_b,Blake,pinecones,Zara,flurp,Bryn,zazzo,"Hmm, Wugs must like to pile up pinecones into a tall tower.","Hmm, Blake must like to pile up pinecones into a tall tower.",blake.png,blake_pinecones.png,orange15.png,green2.png,Bryn,zazzo,individual,2,0,13071,2026-07-20T22:29:49.156Z,Younger,-0.9305530830038995,-1.0,1.0,1.0,0,6.193018480492813,DOB
TT033_1784586061112,,lorenzo,6,B,A,B,hmm1_boss,yes2_close,close_boss,hmm1_boss,boss,hmm,group,individual,False,group,individual,Spinning_Hmm_1_b,Wren,spinning,Lumi,flurp,Flint,zazzo,"Hmm, Wugs must like to spin around before sitting down.","Hmm, Wren must like to spin around before sitting down.",wren.png,wren_spinning.png,orange3.png,green7.png,Lumi,flurp,group,1,1,12287,2026-07-20T22:30:06.061Z,Younger,-0.9305530830038995,-1.0,1.0,1.0,1,6.193018480492813,DOB
TT033_1784586061112,,lorenzo,6,B,A,B,hmm1_boss,yes2_close,close_boss,hmm1_boss,boss,hmm,group,individual,True,individual,group,Sniffing_Hmm_1_b,Arlo,sniffing,Cora,flurp,Beau,zazzo,"Hmm, Arlo must like to sniff things before touching them.","Hmm, Wugs must like to sniff things before touching them.",arlo.png,arlo_sniffing.png,orange10.png,green11.png,Beau,zazzo,group,1,1,12354,2026-07-20T22:30:33.720Z,Younger,-0.9305530830038995,-1.0,1.0,1.0,1,6.193018480492813,DOB
TT033_1784586061112,,lorenzo,6,B,A,B,hmm1_boss,yes2_close,close_boss,hmm1_boss,boss,hmm,group,individual,True,individual,group,Plants_Hmm_1_b,Sage,plants,Juno,flurp,Reed,zazzo,"Hmm, Sage must like to talk to plants.","Hmm, Wugs must like to talk to plants.",sage.png,sage_plants.png,orange7.png,green11.png,Reed,zazzo,group,1,1,9808,2026-07-20T22:30:48.229Z,Younger,-0.9305530830038995,-1.0,1.0,1.0,1,6.193018480492813,DOB
TT035_1784765887863,,Oliver,7,B,A,B,yes1_boss,yes1_close,boss_close,yes1_boss,boss,yes,group,individual,True,individual,group,Sniffing_Yes_1_b,Arlo,sniffing,Cora,flurp,Beau,zazzo,"Yes, Arlo likes to sniff things before touching them.","Yes, Wugs like to sniff things before touching them.",arlo.png,arlo_sniffing.png,orange8.png,green10.png,Beau,zazzo,group,1,1,29664,2026-07-23T00:23:45.622Z,Older,0.6710896274683797,-1.0,-1.0,-1.0,1,7.794661190965092,DOB
TT035_1784765887863,,Oliver,7,B,A,B,yes1_boss,yes1_close,boss_close,yes1_boss,boss,yes,group,individual,False,group,individual,Rocks_Yes_1_b,Sam,rocks,Nova,flurp,Finn,zazzo,"Yes, Wugs like to pick up rocks and put them in their pocket.","Yes, Sam likes to pick up rocks and put them in their pocket.",sam.png,sam_rocks.png,orange13.png,green6.png,Nova,flurp,group,1,1,13500,2026-07-23T00:24:27.573Z,Older,0.6710896274683797,-1.0,-1.0,-1.0,1,7.794661190965092,DOB
TT035_1784765887863,,Oliver,7,B,A,B,yes1_boss,yes1_close,boss_close,yes1_boss,boss,yes,group,individual,True,individual,group,Backwards_Yes_1_b,Theo,backwards,Cleo,flurp,Moss,zazzo,"Yes, Theo likes to walk backwards.","Yes, Wugs like to walk backwards.",theo.png,theo_backwards.png,orange11.png,green2.png,Cleo,flurp,individual,2,0,10300,2026-07-23T00:25:05.007Z,Older,0.6710896274683797,-1.0,-1.0,-1.0,0,7.794661190965092,DOB
TT035_1784765887863,,Oliver,7,B,A,B,yes1_boss,yes1_close,boss_close,yes1_boss,boss,yes,group,individual,True,individual,group,Spinning_Yes_1_b,Wren,spinning,Lumi,flurp,Flint,zazzo,"Yes, Wren likes to spin around before sitting down.","Yes, Wugs like to spin around before sitting down.",wren.png,wren_spinning.png,orange4.png,green.png,Flint,zazzo,group,1,1,11683,2026-07-23T00:25:44.140Z,Older,0.6710896274683797,-1.0,-1.0,-1.0,1,7.794661190965092,DOB
TT035_1784765887863,,Oliver,7,B,A,B,yes1_boss,yes1_close,boss_close,yes1_boss,boss,yes,group,individual,True,individual,group,Pinecones_Yes_1_b,Blake,pinecones,Zara,flurp,Bryn,zazzo,"Yes, Blake likes to pile up pinecones into a tall tower.","Yes, Wugs like to pile up pinecones into a tall tower.",blake.png,blake_pinecones.png,orange10.png,green9.png,Zara,flurp,individual,2,0,12535,2026-07-23T00:26:18.325Z,Older,0.6710896274683797,-1.0,-1.0,-1.0,0,7.794661190965092,DOB
TT035_1784765887863,,Oliver,7,B,A,B,yes1_boss,yes1_close,boss_close,yes1_boss,boss,yes,group,individual,False,group,individual,Plants_Yes_1_b,Sage,plants,Juno,flurp,Reed,zazzo,"Yes, Wugs like to talk to plants.","Yes, Sage likes to talk to plants.",sage.png,sage_plants.png,orange2.png,green11.png,Reed,zazzo,individual,2,0,12815,2026-07-23T00:26:53.924Z,Older,0.6710896274683797,-1.0,-1.0,-1.0,0,7.794661190965092,DOB
TT035_1784765887863,,Oliver,7,A,A,B,yes1_boss,yes1_close,boss_close,yes1_close,close,yes,group,individual,False,group,individual,Night_Yes_1,Casey,night,River,flurp,Morgan,zazzo,"Yes, Wugs like to stay up in the middle of the night.","Yes, Casey likes to stay up in the middle of the night.",casey.png,casey_night.png,orange2.png,green1.png,River,flurp,group,1,0,10184,2026-07-23T00:27:56.075Z,Older,0.6710896274683797,1.0,-1.0,-1.0,0,7.794661190965092,DOB
TT035_1784765887863,,Oliver,7,A,A,B,yes1_boss,yes1_close,boss_close,yes1_close,close,yes,group,individual,True,individual,group,Climb_Yes_1,Taylor,walls,Finley,flurp,Robin,zazzo,"Yes, Taylor likes to climb tall buildings.","Yes, Wugs like to climb tall buildings.",taylor.png,taylor_walls.png,orange14.png,green12.png,Robin,zazzo,group,1,0,13523,2026-07-23T00:28:34.448Z,Older,0.6710896274683797,1.0,-1.0,-1.0,0,7.794661190965092,DOB
TT035_1784765887863,,Oliver,7,A,A,B,yes1_boss,yes1_close,boss_close,yes1_close,close,yes,group,individual,False,group,individual,Balls_Yes_1,Alex,balls,Quinn,flurp,Drew,zazzo,"Yes, Wugs like to bounce balls on their heads.","Yes, Alex likes to bounce balls on their heads.",alex.png,alex_ball.png,orange3.png,green6.png,Drew,zazzo,individual,2,1,16951,2026-07-23T00:29:13.110Z,Older,0.6710896274683797,1.0,-1.0,-1.0,1,7.794661190965092,DOB
TT035_1784765887863,,Oliver,7,A,A,B,yes1_boss,yes1_close,boss_close,yes1_close,close,yes,group,individual,False,group,individual,Flowers_Yes_1,Riley,flowers,Ash,flurp,Charlie,zazzo,"Yes, Wugs like to eat flowers.","Yes, Riley likes to eat flowers.",riley.png,riley_flowers.png,orange4.png,green6.png,Ash,flurp,group,1,0,9964,2026-07-23T00:29:46.659Z,Older,0.6710896274683797,1.0,-1.0,-1.0,0,7.794661190965092,DOB
TT035_1784765887863,,Oliver,7,A,A,B,yes1_boss,yes1_close,boss_close,yes1_close,close,yes,group,individual,True,individual,group,Bugs_Yes_1,Rowan,bugs,Emery,flurp,Jules,zazzo,"Yes, Rowan likes to play with bugs.","Yes, Wugs like to play with bugs.",rowan.png,rowan_bugs.png,orange14.png,green9.png,Jules,zazzo,group,1,0,9001,2026-07-23T00:30:21.543Z,Older,0.6710896274683797,1.0,-1.0,-1.0,0,7.794661190965092,DOB
TT035_1784765887863,,Oliver,7,A,A,B,yes1_boss,yes1_close,boss_close,yes1_close,close,yes,group,individual,False,group,individual,Whisper_Yes_1,Jordan,whisper,Skyler,flurp,Reese,zazzo,"Yes, Wugs like to whisper when they talk.","Yes, Jordan likes to whisper when they talk.",jordan.png,jordan_whisper.png,orange13.png,green10.png,Reese,zazzo,individual,2,1,15767,2026-07-23T00:30:56.260Z,Older,0.6710896274683797,1.0,-1.0,-1.0,1,7.794661190965092,DOB
TT036_1782163423431,,elena,7,B,A,B,yes2_boss,hmm1_close,boss_close,yes2_boss,boss,yes,individual,group,True,group,individual,Sniffing_Yes_2_b,Arlo,sniffing,Cora,flurp,Beau,zazzo,"Yes, Wugs like to sniff things before touching them.","Yes, Arlo likes to sniff things before touching them.",arlo.png,arlo_sniffing.png,orange15.png,green.png,Beau,zazzo,individual,2,0,29082,2026-06-22T21:26:48.675Z,Older,0.5725269991316244,-1.0,-1.0,-1.0,0,7.696098562628337,DOB
TT036_1782163423431,,elena,7,B,A,B,yes2_boss,hmm1_close,boss_close,yes2_boss,boss,yes,individual,group,False,individual,group,Pinecones_Yes_2_b,Blake,pinecones,Zara,flurp,Bryn,zazzo,"Yes, Blake likes to pile up pinecones into a tall tower.","Yes, Wugs like to pile up pinecones into a tall tower.",blake.png,blake_pinecones.png,orange10.png,green11.png,Zara,flurp,individual,2,0,25050,2026-06-22T21:27:45.392Z,Older,0.5725269991316244,-1.0,-1.0,-1.0,0,7.696098562628337,DOB
TT036_1782163423431,,elena,7,B,A,B,yes2_boss,hmm1_close,boss_close,yes2_boss,boss,yes,individual,group,True,group,individual,Plants_Yes_2_b,Sage,plants,Juno,flurp,Reed,zazzo,"Yes, Wugs like to talk to plants.","Yes, Sage likes to talk to plants.",sage.png,sage_plants.png,orange11.png,green7.png,Juno,flurp,group,1,1,47883,2026-06-22T21:29:08.909Z,Older,0.5725269991316244,-1.0,-1.0,-1.0,1,7.696098562628337,DOB
TT036_1782163423431,,elena,7,B,A,B,yes2_boss,hmm1_close,boss_close,yes2_boss,boss,yes,individual,group,True,group,individual,Spinning_Yes_2_b,Wren,spinning,Lumi,flurp,Flint,zazzo,"Yes, Wugs like to spin around before sitting down.","Yes, Wren likes to spin around before sitting down.",wren.png,wren_spinning.png,orange2.png,green9.png,Flint,zazzo,individual,2,0,27500,2026-06-22T21:30:08.725Z,Older,0.5725269991316244,-1.0,-1.0,-1.0,0,7.696098562628337,DOB
TT036_1782163423431,,elena,7,B,A,B,yes2_boss,hmm1_close,boss_close,yes2_boss,boss,yes,individual,group,True,group,individual,Backwards_Yes_2_b,Theo,backwards,Cleo,flurp,Moss,zazzo,"Yes, Wugs like to walk backwards.","Yes, Theo likes to walk backwards.",theo.png,theo_backwards.png,orange8.png,green11.png,Moss,zazzo,individual,2,0,13566,2026-06-22T21:31:03.742Z,Older,0.5725269991316244,-1.0,-1.0,-1.0,0,7.696098562628337,DOB
TT036_1782163423431,,elena,7,B,A,B,yes2_boss,hmm1_close,boss_close,yes2_boss,boss,yes,individual,group,False,individual,group,Rocks_Yes_2_b,Sam,rocks,Nova,flurp,Finn,zazzo,"Yes, Sam likes to pick up rocks and put them in their pocket.","Yes, Wugs like to pick up rocks and put them in their pocket.",sam.png,sam_rocks.png,orange3.png,green2.png,Nova,flurp,individual,2,0,33167,2026-06-22T21:32:04.909Z,Older,0.5725269991316244,-1.0,-1.0,-1.0,0,7.696098562628337,DOB
TT036_1782163423431,,elena,7,A,A,B,yes2_boss,hmm1_close,boss_close,hmm1_close,close,hmm,group,individual,False,group,individual,Whisper_Hmm_1,Jordan,whisper,Skyler,flurp,Reese,zazzo,"Hmm, Wugs must like to whisper when they talk.","Hmm, Jordan must like to whisper when they talk.",jordan.png,jordan_whisper.png,orange4.png,green10.png,Skyler,flurp,group,1,0,19219,2026-06-22T21:33:36.310Z,Older,0.5725269991316244,1.0,1.0,-1.0,0,7.696098562628337,DOB
TT036_1782163423431,,elena,7,A,A,B,yes2_boss,hmm1_close,boss_close,hmm1_close,close,hmm,group,individual,True,individual,group,Walls_Hmm_1,Taylor,walls,Finley,flurp,Robin,zazzo,"Hmm, Taylor must like to climb tall buildings.","Hmm, Wugs must like to climb tall buildings.",taylor.png,taylor_walls.png,orange2.png,green11.png,Robin,zazzo,group,1,0,13934,2026-06-22T21:34:27.892Z,Older,0.5725269991316244,1.0,1.0,-1.0,0,7.696098562628337,DOB
TT036_1782163423431,,elena,7,A,A,B,yes2_boss,hmm1_close,boss_close,hmm1_close,close,hmm,group,individual,True,individual,group,Night_Hmm_1,Casey,night,River,flurp,Morgan,zazzo,"Hmm, Casey must like to stay up in the middle of the night.","Hmm, Wugs must like to stay up in the middle of the night.",casey.png,casey_night.png,orange6.png,green11.png,River,flurp,individual,2,1,32434,2026-06-22T21:35:34.425Z,Older,0.5725269991316244,1.0,1.0,-1.0,1,7.696098562628337,DOB
TT036_1782163423431,,elena,7,A,A,B,yes2_boss,hmm1_close,boss_close,hmm1_close,close,hmm,group,individual,True,individual,group,Bugs_Hmm_1,Rowan,bugs,Emery,flurp,Jules,zazzo,"Hmm, Rowan must like to play with bugs.","Hmm, Wugs must like to play with bugs.",rowan.png,rowan_bugs.png,orange8.png,green6.png,Emery,flurp,individual,2,1,14384,2026-06-22T21:36:21.242Z,Older,0.5725269991316244,1.0,1.0,-1.0,1,7.696098562628337,DOB
TT036_1782163423431,,elena,7,A,A,B,yes2_boss,hmm1_close,boss_close,hmm1_close,close,hmm,group,individual,False,group,individual,Flowers_Hmm_1,Riley,flowers,Ash,flurp,Charlie,zazzo,"Hmm, Wugs must like to eat flowers.","Hmm, Riley must like to eat flowers.",riley.png,riley_flowers.png,orange15.png,green10.png,Charlie,zazzo,individual,2,1,14450,2026-06-22T21:37:13.091Z,Older,0.5725269991316244,1.0,1.0,-1.0,1,7.696098562628337,DOB
TT036_1782163423431,,elena,7,A,A,B,yes2_boss,hmm1_close,boss_close,hmm1_close,close,hmm,group,individual,True,individual,group,Balls_Hmm_1,Alex,balls,Quinn,flurp,Drew,zazzo,"Hmm, Alex must like to bounce balls on their heads.","Hmm, Wugs must like to bounce balls on their heads.",alex.png,alex_ball.png,orange14.png,green1.png,Quinn,flurp,individual,2,1,16216,2026-06-22T21:38:06.058Z,Older,0.5725269991316244,1.0,1.0,-1.0,1,7.696098562628337,DOB
TT036_1782594734016,,Marina,5,B,B,A,yes2_boss,yes1_close,close_boss,yes1_close,close,yes,group,individual,False,group,individual,Plants_Yes_1,Sage,plants,Juno,flurp,Reed,zazzo,"Yes, Wugs like to talk to plants.","Yes, Sage likes to talk to plants.",sage.png,sage_plants.png,orange9.png,green12.png,Juno,flurp,group,1,0,29650,2026-06-27T21:16:19.142Z,Younger,-1.4726475388560551,1.0,-1.0,1.0,0,5.650924024640657,DOB
TT036_1782594734016,,Marina,5,B,B,A,yes2_boss,yes1_close,close_boss,yes1_close,close,yes,group,individual,False,group,individual,Pinecones_Yes_1,Blake,pinecones,Zara,flurp,Bryn,zazzo,"Yes, Wugs like to pile up pinecones into a tall tower.","Yes, Blake likes to pile up pinecones into a tall tower.",blake.png,blake_pinecones.png,orange15.png,green12.png,Bryn,zazzo,individual,2,1,22081,2026-06-27T21:17:18.469Z,Younger,-1.4726475388560551,1.0,-1.0,1.0,1,5.650924024640657,DOB
TT036_1782594734016,,Marina,5,B,B,A,yes2_boss,yes1_close,close_boss,yes1_close,close,yes,group,individual,True,individual,group,Rocks_Yes_1,Sam,rocks,Nova,flurp,Finn,zazzo,"Yes, Sam likes to pick up rocks and put them in their pocket.","Yes, Wugs like to pick up rocks and put them in their pocket.",sam.png,sam_rocks.png,orange6.png,green10.png,Nova,flurp,individual,2,1,20389,2026-06-27T21:18:24.031Z,Younger,-1.4726475388560551,1.0,-1.0,1.0,1,5.650924024640657,DOB
TT036_1782594734016,,Marina,5,B,B,A,yes2_boss,yes1_close,close_boss,yes1_close,close,yes,group,individual,True,individual,group,Spinning_Yes_1,Wren,spinning,Lumi,flurp,Flint,zazzo,"Yes, Wren likes to spin around before sitting down.","Yes, Wugs like to spin around before sitting down.",wren.png,wren_spinning.png,orange11.png,green10.png,Flint,zazzo,group,1,0,19898,2026-06-27T21:19:17.084Z,Younger,-1.4726475388560551,1.0,-1.0,1.0,0,5.650924024640657,DOB
TT036_1782594734016,,Marina,5,B,B,A,yes2_boss,yes1_close,close_boss,yes1_close,close,yes,group,individual,False,group,individual,Sniffing_Yes_1,Arlo,sniffing,Cora,flurp,Beau,zazzo,"Yes, Wugs like to sniff things before touching them.","Yes, Arlo likes to sniff things before touching them.",arlo.png,arlo_sniffing.png,orange13.png,green6.png,Cora,flurp,group,1,0,18929,2026-06-27T21:20:18.422Z,Younger,-1.4726475388560551,1.0,-1.0,1.0,0,5.650924024640657,DOB
TT036_1782594734016,,Marina,5,B,B,A,yes2_boss,yes1_close,close_boss,yes1_close,close,yes,group,individual,True,individual,group,Backwards_Yes_1,Theo,backwards,Cleo,flurp,Moss,zazzo,"Yes, Theo likes to walk backwards.","Yes, Wugs like to walk backwards.",theo.png,theo_backwards.png,orange8.png,green9.png,Moss,zazzo,group,1,0,18165,2026-06-27T21:21:13.967Z,Younger,-1.4726475388560551,1.0,-1.0,1.0,0,5.650924024640657,DOB
TT036_1782594734016,,Marina,5,A,B,A,yes2_boss,yes1_close,close_boss,yes2_boss,boss,yes,individual,group,True,group,individual,Whisper_Yes_2_b,Jordan,whisper,Skyler,flurp,Reese,zazzo,"Yes, Wugs like to whisper when they talk.","Yes, Jordan likes to whisper when they talk.",jordan.png,jordan_whisper.png,orange4.png,green12.png,Skyler,flurp,group,1,1,27338,2026-06-27T21:23:06.139Z,Younger,-1.4726475388560551,-1.0,-1.0,1.0,1,5.650924024640657,DOB
TT036_1782594734016,,Marina,5,A,B,A,yes2_boss,yes1_close,close_boss,yes2_boss,boss,yes,individual,group,False,individual,group,Flowers_Yes_2_b,Riley,flowers,Ash,flurp,Charlie,zazzo,"Yes, Riley likes to eat flowers.","Yes, Wugs like to eat flowers.",riley.png,riley_flowers.png,orange9.png,green10.png,Charlie,zazzo,group,1,1,36905,2026-06-27T21:24:18.516Z,Younger,-1.4726475388560551,-1.0,-1.0,1.0,1,5.650924024640657,DOB
TT036_1782594734016,,Marina,5,A,B,A,yes2_boss,yes1_close,close_boss,yes2_boss,boss,yes,individual,group,False,individual,group,Balls_Yes_2_b,Alex,balls,Quinn,flurp,Drew,zazzo,"Yes, Alex likes to bounce balls on their heads.","Yes, Wugs like to bounce balls on their heads.",alex.png,alex_ball.png,orange14.png,green10.png,Quinn,flurp,individual,2,0,24738,2026-06-27T21:25:40.285Z,Younger,-1.4726475388560551,-1.0,-1.0,1.0,0,5.650924024640657,DOB
TT036_1782594734016,,Marina,5,A,B,A,yes2_boss,yes1_close,close_boss,yes2_boss,boss,yes,individual,group,True,group,individual,Walls_Yes_2_b,Taylor,walls,Finley,flurp,Robin,zazzo,"Yes, Wugs like to climb tall buildings.","Yes, Taylor likes to climb tall buildings.",taylor.png,taylor_walls.png,orange11.png,green12.png,Robin,zazzo,individual,2,0,23802,2026-06-27T21:26:42.000Z,Younger,-1.4726475388560551,-1.0,-1.0,1.0,0,5.650924024640657,DOB
TT036_1782594734016,,Marina,5,A,B,A,yes2_boss,yes1_close,close_boss,yes2_boss,boss,yes,individual,group,False,individual,group,Night_Yes_2_b,Casey,night,River,flurp,Morgan,zazzo,"Yes, Casey likes to stay up in the middle of the night.","Yes, Wugs like to stay up in the middle of the night.",casey.png,casey_night.png,orange9.png,green11.png,River,flurp,individual,2,0,25752,2026-06-27T21:28:01.719Z,Younger,-1.4726475388560551,-1.0,-1.0,1.0,0,5.650924024640657,DOB
TT036_1782594734016,,Marina,5,A,B,A,yes2_boss,yes1_close,close_boss,yes2_boss,boss,yes,individual,group,True,group,individual,Bugs_Yes_2_b,Rowan,bugs,Emery,flurp,Jules,zazzo,"Yes, Wugs like to play with bugs.","Yes, Rowan likes to play with bugs.",rowan.png,rowan_bugs.png,orange10.png,green11.png,Jules,zazzo,individual,2,0,23604,2026-06-27T21:28:57.197Z,Younger,-1.4726475388560551,-1.0,-1.0,1.0,0,5.650924024640657,DOB
TT036_1784339833949,,dhruvita,6,A,A,B,hmm1_boss,hmm1_close,close_boss,hmm1_close,close,hmm,group,individual,True,individual,group,Walls_Hmm_1,Taylor,walls,Finley,flurp,Robin,zazzo,"Hmm, Taylor must like to climb tall buildings.","Hmm, Wugs must like to climb tall buildings.",taylor.png,taylor_walls.png,orange8.png,green2.png,Finley,flurp,individual,2,1,22298,2026-07-18T02:01:07.382Z,Younger,-0.6235715634967125,1.0,1.0,1.0,1,6.5,reported+0.5
TT036_1784339833949,,dhruvita,6,A,A,B,hmm1_boss,hmm1_close,close_boss,hmm1_close,close,hmm,group,individual,False,group,individual,Flowers_Hmm_1,Riley,flowers,Ash,flurp,Charlie,zazzo,"Hmm, Wugs must like to eat flowers.","Hmm, Riley must like to eat flowers.",riley.png,riley_flowers.png,orange2.png,green9.png,Charlie,zazzo,individual,2,1,12675,2026-07-18T02:01:37.584Z,Younger,-0.6235715634967125,1.0,1.0,1.0,1,6.5,reported+0.5
TT036_1784339833949,,dhruvita,6,A,A,B,hmm1_boss,hmm1_close,close_boss,hmm1_close,close,hmm,group,individual,False,group,individual,Whisper_Hmm_1,Jordan,whisper,Skyler,flurp,Reese,zazzo,"Hmm, Wugs must like to whisper when they talk.","Hmm, Jordan must like to whisper when they talk.",jordan.png,jordan_whisper.png,orange13.png,green1.png,Reese,zazzo,individual,2,1,19438,2026-07-18T02:03:48.141Z,Younger,-0.6235715634967125,1.0,1.0,1.0,1,6.5,reported+0.5
TT036_1784339833949,,dhruvita,6,A,A,B,hmm1_boss,hmm1_close,close_boss,hmm1_close,close,hmm,group,individual,False,group,individual,Bugs_Hmm_1,Rowan,bugs,Emery,flurp,Jules,zazzo,"Hmm, Wugs must like to play with bugs.","Hmm, Rowan must like to play with bugs.",rowan.png,rowan_bugs.png,orange10.png,green1.png,Jules,zazzo,individual,2,1,18718,2026-07-18T02:04:18.754Z,Younger,-0.6235715634967125,1.0,1.0,1.0,1,6.5,reported+0.5
TT037_1782003025953,,Magnus,8,B,A,B,yes2_boss,hmm2_close,boss_close,yes2_boss,boss,yes,individual,group,False,individual,group,Sniffing_Yes_2_b,Arlo,sniffing,Cora,flurp,Beau,zazzo,"Yes, Arlo likes to sniff things before touching them.","Yes, Wugs like to sniff things before touching them.",arlo.png,arlo_sniffing.png,orange13.png,green7.png,Cora,flurp,individual,2,0,23964,2026-06-21T00:53:36.857Z,Older,0.9941560203499673,-1.0,-1.0,-1.0,0,8.11772758384668,DOB
TT037_1782003025953,,Magnus,8,B,A,B,yes2_boss,hmm2_close,boss_close,yes2_boss,boss,yes,individual,group,True,group,individual,Spinning_Yes_2_b,Wren,spinning,Lumi,flurp,Flint,zazzo,"Yes, Wugs like to spin around before sitting down.","Yes, Wren likes to spin around before sitting down.",wren.png,wren_spinning.png,orange6.png,green6.png,Flint,zazzo,individual,2,0,13916,2026-06-21T00:54:16.999Z,Older,0.9941560203499673,-1.0,-1.0,-1.0,0,8.11772758384668,DOB
TT037_1782003025953,,Magnus,8,B,A,B,yes2_boss,hmm2_close,boss_close,yes2_boss,boss,yes,individual,group,False,individual,group,Pinecones_Yes_2_b,Blake,pinecones,Zara,flurp,Bryn,zazzo,"Yes, Blake likes to pile up pinecones into a tall tower.","Yes, Wugs like to pile up pinecones into a tall tower.",blake.png,blake_pinecones.png,orange3.png,green.png,Bryn,zazzo,group,1,1,18521,2026-06-21T00:55:11.443Z,Older,0.9941560203499673,-1.0,-1.0,-1.0,1,8.11772758384668,DOB
TT037_1782003025953,,Magnus,8,B,A,B,yes2_boss,hmm2_close,boss_close,yes2_boss,boss,yes,individual,group,True,group,individual,Plants_Yes_2_b,Sage,plants,Juno,flurp,Reed,zazzo,"Yes, Wugs like to talk to plants.","Yes, Sage likes to talk to plants.",sage.png,sage_plants.png,orange14.png,green6.png,Reed,zazzo,individual,2,0,15080,2026-06-21T00:55:53.900Z,Older,0.9941560203499673,-1.0,-1.0,-1.0,0,8.11772758384668,DOB
TT037_1782003025953,,Magnus,8,B,A,B,yes2_boss,hmm2_close,boss_close,yes2_boss,boss,yes,individual,group,True,group,individual,Rocks_Yes_2_b,Sam,rocks,Nova,flurp,Finn,zazzo,"Yes, Wugs like to pick up rocks and put them in their pocket.","Yes, Sam likes to pick up rocks and put them in their pocket.",sam.png,sam_rocks.png,orange11.png,green6.png,Nova,flurp,group,1,1,17601,2026-06-21T00:56:47.301Z,Older,0.9941560203499673,-1.0,-1.0,-1.0,1,8.11772758384668,DOB
TT037_1782003025953,,Magnus,8,B,A,B,yes2_boss,hmm2_close,boss_close,yes2_boss,boss,yes,individual,group,True,group,individual,Backwards_Yes_2_b,Theo,backwards,Cleo,flurp,Moss,zazzo,"Yes, Wugs like to walk backwards.","Yes, Theo likes to walk backwards.",theo.png,theo_backwards.png,orange8.png,green11.png,Cleo,flurp,group,1,1,24268,2026-06-21T00:57:44.896Z,Older,0.9941560203499673,-1.0,-1.0,-1.0,1,8.11772758384668,DOB
TT037_1782003025953,,Magnus,8,A,A,B,yes2_boss,hmm2_close,boss_close,hmm2_close,close,hmm,individual,group,True,group,individual,Walls_Hmm_2,Taylor,walls,Finley,flurp,Robin,zazzo,"Hmm, Wugs must like to climb tall buildings.","Hmm, Taylor must like to climb tall buildings.",taylor.png,taylor_walls.png,orange14.png,green9.png,Finley,flurp,group,1,0,17870,2026-06-21T00:59:12.459Z,Older,0.9941560203499673,1.0,1.0,-1.0,0,8.11772758384668,DOB
TT037_1782003025953,,Magnus,8,A,A,B,yes2_boss,hmm2_close,boss_close,hmm2_close,close,hmm,individual,group,True,group,individual,Whisper_Hmm_2,Jordan,whisper,Skyler,flurp,Reese,zazzo,"Hmm, Wugs must like to whisper when they talk.","Hmm, Jordan must like to whisper when they talk.",jordan.png,jordan_whisper.png,orange2.png,green10.png,Reese,zazzo,individual,2,1,16119,2026-06-21T00:59:52.921Z,Older,0.9941560203499673,1.0,1.0,-1.0,1,8.11772758384668,DOB
TT037_1782003025953,,Magnus,8,A,A,B,yes2_boss,hmm2_close,boss_close,hmm2_close,close,hmm,individual,group,False,individual,group,Flowers_Hmm_2,Riley,flowers,Ash,flurp,Charlie,zazzo,"Hmm, Riley must like to eat flowers.","Hmm, Wugs must like to eat flowers.",riley.png,riley_flowers.png,orange13.png,green11.png,Ash,flurp,individual,2,1,16059,2026-06-21T01:00:42.469Z,Older,0.9941560203499673,1.0,1.0,-1.0,1,8.11772758384668,DOB
TT037_1782003025953,,Magnus,8,A,A,B,yes2_boss,hmm2_close,boss_close,hmm2_close,close,hmm,individual,group,True,group,individual,Night_Hmm_2,Casey,night,River,flurp,Morgan,zazzo,"Hmm, Wugs must like to stay up in the middle of the night.","Hmm, Casey must like to stay up in the middle of the night.",casey.png,casey_night.png,orange13.png,green12.png,River,flurp,group,1,0,17513,2026-06-21T01:01:28.564Z,Older,0.9941560203499673,1.0,1.0,-1.0,0,8.11772758384668,DOB
TT037_1782003025953,,Magnus,8,A,A,B,yes2_boss,hmm2_close,boss_close,hmm2_close,close,hmm,individual,group,True,group,individual,Balls_Hmm_2,Alex,balls,Quinn,flurp,Drew,zazzo,"Hmm, Wugs must like to bounce balls on their heads.","Hmm, Alex must like to bounce balls on their heads.",alex.png,alex_ball.png,orange14.png,green1.png,Drew,zazzo,individual,2,1,23039,2026-06-21T01:02:23.166Z,Older,0.9941560203499673,1.0,1.0,-1.0,1,8.11772758384668,DOB
TT037_1782003025953,,Magnus,8,A,A,B,yes2_boss,hmm2_close,boss_close,hmm2_close,close,hmm,individual,group,True,group,individual,Bugs_Hmm_2,Rowan,bugs,Emery,flurp,Jules,zazzo,"Hmm, Wugs must like to play with bugs.","Hmm, Rowan must like to play with bugs.",rowan.png,rowan_bugs.png,orange10.png,green2.png,Emery,flurp,group,1,0,15232,2026-06-21T01:02:58.362Z,Older,0.9941560203499673,1.0,1.0,-1.0,0,8.11772758384668,DOB
TT038_1783001905805,,Zinnia,8,B,B,A,yes2_boss,yes2_close,close_boss,yes2_close,close,yes,individual,group,False,individual,group,Spinning_Yes_2,Wren,spinning,Lumi,flurp,Flint,zazzo,"Yes, Wren likes to spin around before sitting down.","Yes, Wugs like to spin around before sitting down.",wren.png,wren_spinning.png,orange7.png,green10.png,Lumi,flurp,individual,2,1,15833,2026-07-02T14:20:38.708Z,Older,1.7634920915340881,1.0,-1.0,-1.0,1,8.8870636550308,DOB
TT038_1783001905805,,Zinnia,8,B,B,A,yes2_boss,yes2_close,close_boss,yes2_close,close,yes,individual,group,True,group,individual,Plants_Yes_2,Sage,plants,Juno,flurp,Reed,zazzo,"Yes, Wugs like to talk to plants.","Yes, Sage likes to talk to plants.",sage.png,sage_plants.png,orange3.png,green2.png,Reed,zazzo,individual,2,1,12217,2026-07-02T14:21:21.361Z,Older,1.7634920915340881,1.0,-1.0,-1.0,1,8.8870636550308,DOB
TT038_1783001905805,,Zinnia,8,B,B,A,yes2_boss,yes2_close,close_boss,yes2_close,close,yes,individual,group,True,group,individual,Backwards_Yes_2,Theo,backwards,Cleo,flurp,Moss,zazzo,"Yes, Wugs like to walk backwards.","Yes, Theo likes to walk backwards.",theo.png,theo_backwards.png,orange8.png,green1.png,Moss,zazzo,individual,2,1,9551,2026-07-02T14:22:05.728Z,Older,1.7634920915340881,1.0,-1.0,-1.0,1,8.8870636550308,DOB
TT038_1783001905805,,Zinnia,8,B,B,A,yes2_boss,yes2_close,close_boss,yes2_close,close,yes,individual,group,True,group,individual,Rocks_Yes_2,Sam,rocks,Nova,flurp,Finn,zazzo,"Yes, Wugs like to pick up rocks and put them in their pocket.","Yes, Sam likes to pick up rocks and put them in their pocket.",sam.png,sam_rocks.png,orange10.png,green7.png,Finn,zazzo,individual,2,1,16494,2026-07-02T14:22:48.538Z,Older,1.7634920915340881,1.0,-1.0,-1.0,1,8.8870636550308,DOB
TT038_1783001905805,,Zinnia,8,B,B,A,yes2_boss,yes2_close,close_boss,yes2_close,close,yes,individual,group,False,individual,group,Pinecones_Yes_2,Blake,pinecones,Zara,flurp,Bryn,zazzo,"Yes, Blake likes to pile up pinecones into a tall tower.","Yes, Wugs like to pile up pinecones into a tall tower.",blake.png,blake_pinecones.png,orange10.png,green9.png,Zara,flurp,individual,2,1,12101,2026-07-02T14:23:30.995Z,Older,1.7634920915340881,1.0,-1.0,-1.0,1,8.8870636550308,DOB
TT038_1783001905805,,Zinnia,8,B,B,A,yes2_boss,yes2_close,close_boss,yes2_close,close,yes,individual,group,True,group,individual,Sniffing_Yes_2,Arlo,sniffing,Cora,flurp,Beau,zazzo,"Yes, Wugs like to sniff things before touching them.","Yes, Arlo likes to sniff things before touching them.",arlo.png,arlo_sniffing.png,orange9.png,green12.png,Beau,zazzo,individual,2,1,13968,2026-07-02T14:24:09.462Z,Older,1.7634920915340881,1.0,-1.0,-1.0,1,8.8870636550308,DOB
TT038_1783001905805,,Zinnia,8,A,B,A,yes2_boss,yes2_close,close_boss,yes2_boss,boss,yes,individual,group,False,individual,group,Balls_Yes_2_b,Alex,balls,Quinn,flurp,Drew,zazzo,"Yes, Alex likes to bounce balls on their heads.","Yes, Wugs like to bounce balls on their heads.",alex.png,alex_ball.png,orange10.png,green9.png,Quinn,flurp,individual,2,0,14817,2026-07-02T14:25:15.778Z,Older,1.7634920915340881,-1.0,-1.0,-1.0,0,8.8870636550308,DOB
TT038_1783001905805,,Zinnia,8,A,B,A,yes2_boss,yes2_close,close_boss,yes2_boss,boss,yes,individual,group,False,individual,group,Flowers_Yes_2_b,Riley,flowers,Ash,flurp,Charlie,zazzo,"Yes, Riley likes to eat flowers.","Yes, Wugs like to eat flowers.",riley.png,riley_flowers.png,orange15.png,green1.png,Ash,flurp,individual,2,0,9218,2026-07-02T14:25:53.329Z,Older,1.7634920915340881,-1.0,-1.0,-1.0,0,8.8870636550308,DOB
TT038_1783001905805,,Zinnia,8,A,B,A,yes2_boss,yes2_close,close_boss,yes2_boss,boss,yes,individual,group,True,group,individual,Whisper_Yes_2_b,Jordan,whisper,Skyler,flurp,Reese,zazzo,"Yes, Wugs like to whisper when they talk.","Yes, Jordan likes to whisper when they talk.",jordan.png,jordan_whisper.png,orange6.png,green12.png,Reese,zazzo,individual,2,0,10678,2026-07-02T14:26:20.894Z,Older,1.7634920915340881,-1.0,-1.0,-1.0,0,8.8870636550308,DOB
TT038_1783001905805,,Zinnia,8,A,B,A,yes2_boss,yes2_close,close_boss,yes2_boss,boss,yes,individual,group,True,group,individual,Bugs_Yes_2_b,Rowan,bugs,Emery,flurp,Jules,zazzo,"Yes, Wugs like to play with bugs.","Yes, Rowan likes to play with bugs.",rowan.png,rowan_bugs.png,orange4.png,green2.png,Jules,zazzo,individual,2,0,10234,2026-07-02T14:26:56.195Z,Older,1.7634920915340881,-1.0,-1.0,-1.0,0,8.8870636550308,DOB
TT038_1783001905805,,Zinnia,8,A,B,A,yes2_boss,yes2_close,close_boss,yes2_boss,boss,yes,individual,group,True,group,individual,Night_Yes_2_b,Casey,night,River,flurp,Morgan,zazzo,"Yes, Wugs like to stay up in the middle of the night.","Yes, Casey likes to stay up in the middle of the night.",casey.png,casey_night.png,orange10.png,green1.png,Morgan,zazzo,individual,2,0,13467,2026-07-02T14:27:30.928Z,Older,1.7634920915340881,-1.0,-1.0,-1.0,0,8.8870636550308,DOB
TT038_1783001905805,,Zinnia,8,A,B,A,yes2_boss,yes2_close,close_boss,yes2_boss,boss,yes,individual,group,False,individual,group,Walls_Yes_2_b,Taylor,walls,Finley,flurp,Robin,zazzo,"Yes, Taylor likes to climb tall buildings.","Yes, Wugs like to climb tall buildings.",taylor.png,taylor_walls.png,orange11.png,green2.png,Finley,flurp,individual,2,0,11833,2026-07-02T14:28:12.895Z,Older,1.7634920915340881,-1.0,-1.0,-1.0,0,8.8870636550308,DOB
TT040_1781993137159,,Shreshta,8,A,A,B,yes1_boss,hmm1_close,close_boss,hmm1_close,close,hmm,group,individual,True,individual,group,Balls_Hmm_1,Alex,balls,Quinn,flurp,Drew,zazzo,"Hmm, Alex must like to bounce balls on their heads.","Hmm, Wugs must like to bounce balls on their heads.",alex.png,alex_ball.png,orange6.png,green1.png,Quinn,flurp,individual,2,1,17513,2026-06-20T22:09:17.656Z,Older,1.7224243297271062,1.0,1.0,-1.0,1,8.845995893223819,DOB
TT040_1781993137159,,Shreshta,8,A,A,B,yes1_boss,hmm1_close,close_boss,hmm1_close,close,hmm,group,individual,True,individual,group,Night_Hmm_1,Casey,night,River,flurp,Morgan,zazzo,"Hmm, Casey must like to stay up in the middle of the night.","Hmm, Wugs must like to stay up in the middle of the night.",casey.png,casey_night.png,orange10.png,green6.png,River,flurp,individual,2,1,19839,2026-06-20T22:10:09.284Z,Older,1.7224243297271062,1.0,1.0,-1.0,1,8.845995893223819,DOB
TT040_1781993137159,,Shreshta,8,A,A,B,yes1_boss,hmm1_close,close_boss,hmm1_close,close,hmm,group,individual,True,individual,group,Whisper_Hmm_1,Jordan,whisper,Skyler,flurp,Reese,zazzo,"Hmm, Jordan must like to whisper when they talk.","Hmm, Wugs must like to whisper when they talk.",jordan.png,jordan_whisper.png,orange4.png,green.png,Skyler,flurp,individual,2,1,20150,2026-06-20T22:11:08.496Z,Older,1.7224243297271062,1.0,1.0,-1.0,1,8.845995893223819,DOB
TT040_1781993137159,,Shreshta,8,A,A,B,yes1_boss,hmm1_close,close_boss,hmm1_close,close,hmm,group,individual,False,group,individual,Bugs_Hmm_1,Rowan,bugs,Emery,flurp,Jules,zazzo,"Hmm, Wugs must like to play with bugs.","Hmm, Rowan must like to play with bugs.",rowan.png,rowan_bugs.png,orange7.png,green11.png,Jules,zazzo,individual,2,1,16286,2026-06-20T22:11:56.244Z,Older,1.7224243297271062,1.0,1.0,-1.0,1,8.845995893223819,DOB
TT040_1781993137159,,Shreshta,8,A,A,B,yes1_boss,hmm1_close,close_boss,hmm1_close,close,hmm,group,individual,False,group,individual,Flowers_Hmm_1,Riley,flowers,Ash,flurp,Charlie,zazzo,"Hmm, Wugs must like to eat flowers.","Hmm, Riley must like to eat flowers.",riley.png,riley_flowers.png,orange4.png,green6.png,Charlie,zazzo,individual,2,1,15583,2026-06-20T22:12:40.460Z,Older,1.7224243297271062,1.0,1.0,-1.0,1,8.845995893223819,DOB
TT040_1781993137159,,Shreshta,8,A,A,B,yes1_boss,hmm1_close,close_boss,hmm1_close,close,hmm,group,individual,False,group,individual,Walls_Hmm_1,Taylor,walls,Finley,flurp,Robin,zazzo,"Hmm, Wugs must like to climb tall buildings.","Hmm, Taylor must like to climb tall buildings.",taylor.png,taylor_walls.png,orange4.png,green12.png,Robin,zazzo,individual,2,1,18124,2026-06-20T22:13:19.130Z,Older,1.7224243297271062,1.0,1.0,-1.0,1,8.845995893223819,DOB
TT040_1781993137159,,Shreshta,8,B,A,B,yes1_boss,hmm1_close,close_boss,yes1_boss,boss,yes,group,individual,True,individual,group,Spinning_Yes_1_b,Wren,spinning,Lumi,flurp,Flint,zazzo,"Yes, Wren likes to spin around before sitting down.","Yes, Wugs like to spin around before sitting down.",wren.png,wren_spinning.png,orange9.png,green12.png,Flint,zazzo,group,1,1,22597,2026-06-20T22:14:49.717Z,Older,1.7224243297271062,-1.0,-1.0,-1.0,1,8.845995893223819,DOB
TT040_1781993137159,,Shreshta,8,B,A,B,yes1_boss,hmm1_close,close_boss,yes1_boss,boss,yes,group,individual,True,individual,group,Sniffing_Yes_1_b,Arlo,sniffing,Cora,flurp,Beau,zazzo,"Yes, Arlo likes to sniff things before touching them.","Yes, Wugs like to sniff things before touching them.",arlo.png,arlo_sniffing.png,orange8.png,green2.png,Beau,zazzo,group,1,1,5024,2026-06-20T22:15:13.524Z,Older,1.7224243297271062,-1.0,-1.0,-1.0,1,8.845995893223819,DOB
TT040_1781993137159,,Shreshta,8,B,A,B,yes1_boss,hmm1_close,close_boss,yes1_boss,boss,yes,group,individual,True,individual,group,Pinecones_Yes_1_b,Blake,pinecones,Zara,flurp,Bryn,zazzo,"Yes, Blake likes to pile up pinecones into a tall tower.","Yes, Wugs like to pile up pinecones into a tall tower.",blake.png,blake_pinecones.png,orange2.png,green1.png,Bryn,zazzo,group,1,1,19131,2026-06-20T22:15:53.760Z,Older,1.7224243297271062,-1.0,-1.0,-1.0,1,8.845995893223819,DOB
TT040_1781993137159,,Shreshta,8,B,A,B,yes1_boss,hmm1_close,close_boss,yes1_boss,boss,yes,group,individual,False,group,individual,Plants_Yes_1_b,Sage,plants,Juno,flurp,Reed,zazzo,"Yes, Wugs like to talk to plants.","Yes, Sage likes to talk to plants.",sage.png,sage_plants.png,orange2.png,green7.png,Juno,flurp,group,1,1,13578,2026-06-20T22:16:19.730Z,Older,1.7224243297271062,-1.0,-1.0,-1.0,1,8.845995893223819,DOB
TT040_1781993137159,,Shreshta,8,B,A,B,yes1_boss,hmm1_close,close_boss,yes1_boss,boss,yes,group,individual,False,group,individual,Rocks_Yes_1_b,Sam,rocks,Nova,flurp,Finn,zazzo,"Yes, Wugs like to pick up rocks and put them in their pocket.","Yes, Sam likes to pick up rocks and put them in their pocket.",sam.png,sam_rocks.png,orange10.png,green.png,Nova,flurp,group,1,1,17167,2026-06-20T22:16:54.468Z,Older,1.7224243297271062,-1.0,-1.0,-1.0,1,8.845995893223819,DOB
TT040_1781993137159,,Shreshta,8,B,A,B,yes1_boss,hmm1_close,close_boss,yes1_boss,boss,yes,group,individual,False,group,individual,Backwards_Yes_1_b,Theo,backwards,Cleo,flurp,Moss,zazzo,"Yes, Wugs like to walk backwards.","Yes, Theo likes to walk backwards.",theo.png,theo_backwards.png,orange10.png,green1.png,Cleo,flurp,group,1,1,8968,2026-06-20T22:17:17.200Z,Older,1.7224243297271062,-1.0,-1.0,-1.0,1,8.845995893223819,DOB
TT040_1782232257182,,Harper,7,B,B,A,hmm2_boss,yes1_close,close_boss,yes1_close,close,yes,group,individual,False,group,individual,Rocks_Yes_1,Sam,rocks,Nova,flurp,Finn,zazzo,"Yes, Wugs like to pick up rocks and put them in their pocket.","Yes, Sam likes to pick up rocks and put them in their pocket.",sam.png,sam_rocks.png,orange3.png,green1.png,Nova,flurp,group,1,0,22334,2026-06-23T16:35:00.656Z,Older,0.25767415861143217,1.0,-1.0,-1.0,0,7.381245722108145,DOB
TT040_1782232257182,,Harper,7,B,B,A,hmm2_boss,yes1_close,close_boss,yes1_close,close,yes,group,individual,True,individual,group,Backwards_Yes_1,Theo,backwards,Cleo,flurp,Moss,zazzo,"Yes, Theo likes to walk backwards.","Yes, Wugs like to walk backwards.",theo.png,theo_backwards.png,orange6.png,green1.png,Moss,zazzo,group,1,0,15866,2026-06-23T16:35:47.788Z,Older,0.25767415861143217,1.0,-1.0,-1.0,0,7.381245722108145,DOB
TT040_1782232257182,,Harper,7,B,B,A,hmm2_boss,yes1_close,close_boss,yes1_close,close,yes,group,individual,True,individual,group,Spinning_Yes_1,Wren,spinning,Lumi,flurp,Flint,zazzo,"Yes, Wren likes to spin around before sitting down.","Yes, Wugs like to spin around before sitting down.",wren.png,wren_spinning.png,orange6.png,green9.png,Lumi,flurp,individual,2,1,16884,2026-06-23T16:36:44.105Z,Older,0.25767415861143217,1.0,-1.0,-1.0,1,7.381245722108145,DOB
TT040_1782232257182,,Harper,7,B,B,A,hmm2_boss,yes1_close,close_boss,yes1_close,close,yes,group,individual,True,individual,group,Pinecones_Yes_1,Blake,pinecones,Zara,flurp,Bryn,zazzo,"Yes, Blake likes to pile up pinecones into a tall tower.","Yes, Wugs like to pile up pinecones into a tall tower.",blake.png,blake_pinecones.png,orange3.png,green11.png,Bryn,zazzo,group,1,0,25184,2026-06-23T16:37:49.238Z,Older,0.25767415861143217,1.0,-1.0,-1.0,0,7.381245722108145,DOB
TT040_1782232257182,,Harper,7,B,B,A,hmm2_boss,yes1_close,close_boss,yes1_close,close,yes,group,individual,False,group,individual,Plants_Yes_1,Sage,plants,Juno,flurp,Reed,zazzo,"Yes, Wugs like to talk to plants.","Yes, Sage likes to talk to plants.",sage.png,sage_plants.png,orange9.png,green7.png,Juno,flurp,group,1,0,13701,2026-06-23T16:38:27.171Z,Older,0.25767415861143217,1.0,-1.0,-1.0,0,7.381245722108145,DOB
TT040_1782232257182,,Harper,7,B,B,A,hmm2_boss,yes1_close,close_boss,yes1_close,close,yes,group,individual,False,group,individual,Sniffing_Yes_1,Arlo,sniffing,Cora,flurp,Beau,zazzo,"Yes, Wugs like to sniff things before touching them.","Yes, Arlo likes to sniff things before touching them.",arlo.png,arlo_sniffing.png,orange9.png,green10.png,Cora,flurp,group,1,0,12217,2026-06-23T16:38:46.988Z,Older,0.25767415861143217,1.0,-1.0,-1.0,0,7.381245722108145,DOB
TT040_1782232257182,,Harper,7,A,B,A,hmm2_boss,yes1_close,close_boss,hmm2_boss,boss,hmm,individual,group,True,group,individual,Whisper_Hmm_2_b,Jordan,whisper,Skyler,flurp,Reese,zazzo,"Hmm, Wugs must like to whisper when they talk.","Hmm, Jordan must like to whisper when they talk.",jordan.png,jordan_whisper.png,orange2.png,green7.png,Reese,zazzo,individual,2,0,29750,2026-06-23T16:40:05.754Z,Older,0.25767415861143217,-1.0,1.0,-1.0,0,7.381245722108145,DOB
TT040_1782232257182,,Harper,7,A,B,A,hmm2_boss,yes1_close,close_boss,hmm2_boss,boss,hmm,individual,group,True,group,individual,Bugs_Hmm_2_b,Rowan,bugs,Emery,flurp,Jules,zazzo,"Hmm, Wugs must like to play with bugs.","Hmm, Rowan must like to play with bugs.",rowan.png,rowan_bugs.png,orange15.png,green6.png,Jules,zazzo,individual,2,0,16584,2026-06-23T16:40:40.838Z,Older,0.25767415861143217,-1.0,1.0,-1.0,0,7.381245722108145,DOB
TT040_1782232257182,,Harper,7,A,B,A,hmm2_boss,yes1_close,close_boss,hmm2_boss,boss,hmm,individual,group,False,individual,group,Balls_Hmm_2_b,Alex,balls,Quinn,flurp,Drew,zazzo,"Hmm, Alex must like to bounce balls on their heads.","Hmm, Wugs must like to bounce balls on their heads.",alex.png,alex_ball.png,orange15.png,green7.png,Quinn,flurp,individual,2,0,19001,2026-06-23T16:41:19.754Z,Older,0.25767415861143217,-1.0,1.0,-1.0,0,7.381245722108145,DOB
TT040_1782232257182,,Harper,7,A,B,A,hmm2_boss,yes1_close,close_boss,hmm2_boss,boss,hmm,individual,group,True,group,individual,Night_Hmm_2_b,Casey,night,River,flurp,Morgan,zazzo,"Hmm, Wugs must like to stay up in the middle of the night.","Hmm, Casey must like to stay up in the middle of the night.",casey.png,casey_night.png,orange10.png,green.png,River,flurp,group,1,1,16800,2026-06-23T16:41:47.853Z,Older,0.25767415861143217,-1.0,1.0,-1.0,1,7.381245722108145,DOB
TT040_1782232257182,,Harper,7,A,B,A,hmm2_boss,yes1_close,close_boss,hmm2_boss,boss,hmm,individual,group,False,individual,group,Flowers_Hmm_2_b,Riley,flowers,Ash,flurp,Charlie,zazzo,"Hmm, Riley must like to eat flowers.","Hmm, Wugs must like to eat flowers.",riley.png,riley_flowers.png,orange8.png,green.png,Charlie,zazzo,group,1,1,10783,2026-06-23T16:42:15.436Z,Older,0.25767415861143217,-1.0,1.0,-1.0,1,7.381245722108145,DOB
TT040_1782232257182,,Harper,7,A,B,A,hmm2_boss,yes1_close,close_boss,hmm2_boss,boss,hmm,individual,group,True,group,individual,Walls_Hmm_2_b,Taylor,walls,Finley,flurp,Robin,zazzo,"Hmm, Wugs must like to climb tall buildings.","Hmm, Taylor must like to climb tall buildings.",taylor.png,taylor_walls.png,orange11.png,green7.png,Robin,zazzo,individual,2,0,11534,2026-06-23T16:42:41.470Z,Older,0.25767415861143217,-1.0,1.0,-1.0,0,7.381245722108145,DOB
TT043_1782760016517,,Finn,8,A,B,A,hmm1_boss,yes1_close,boss_close,hmm1_boss,boss,hmm,group,individual,True,individual,group,Bugs_Hmm_1_b,Rowan,bugs,Emery,flurp,Jules,zazzo,"Hmm, Rowan must like to play with bugs.","Hmm, Wugs must like to play with bugs.",rowan.png,rowan_bugs.png,orange6.png,green7.png,Jules,zazzo,group,1,1,33295,2026-06-29T19:10:18.570Z,Older,1.0981943502609877,-1.0,1.0,-1.0,1,8.2217659137577,DOB
TT043_1782760016517,,Finn,8,A,B,A,hmm1_boss,yes1_close,boss_close,hmm1_boss,boss,hmm,group,individual,True,individual,group,Balls_Hmm_1_b,Alex,balls,Quinn,flurp,Drew,zazzo,"Hmm, Alex must like to bounce balls on their heads.","Hmm, Wugs must like to bounce balls on their heads.",alex.png,alex_ball.png,orange15.png,green2.png,Drew,zazzo,group,1,1,20569,2026-06-29T19:10:50.366Z,Older,1.0981943502609877,-1.0,1.0,-1.0,1,8.2217659137577,DOB
TT043_1782760016517,,Finn,8,A,B,A,hmm1_boss,yes1_close,boss_close,hmm1_boss,boss,hmm,group,individual,False,group,individual,Whisper_Hmm_1_b,Jordan,whisper,Skyler,flurp,Reese,zazzo,"Hmm, Wugs must like to whisper when they talk.","Hmm, Jordan must like to whisper when they talk.",jordan.png,jordan_whisper.png,orange3.png,green10.png,Skyler,flurp,group,1,1,9757,2026-06-29T19:11:09.527Z,Older,1.0981943502609877,-1.0,1.0,-1.0,1,8.2217659137577,DOB
TT043_1782760016517,,Finn,8,A,B,A,hmm1_boss,yes1_close,boss_close,hmm1_boss,boss,hmm,group,individual,True,individual,group,Flowers_Hmm_1_b,Riley,flowers,Ash,flurp,Charlie,zazzo,"Hmm, Riley must like to eat flowers.","Hmm, Wugs must like to eat flowers.",riley.png,riley_flowers.png,orange9.png,green7.png,Charlie,zazzo,group,1,1,8151,2026-06-29T19:11:20.961Z,Older,1.0981943502609877,-1.0,1.0,-1.0,1,8.2217659137577,DOB
TT043_1782760016517,,Finn,8,A,B,A,hmm1_boss,yes1_close,boss_close,hmm1_boss,boss,hmm,group,individual,False,group,individual,Night_Hmm_1_b,Casey,night,River,flurp,Morgan,zazzo,"Hmm, Wugs must like to stay up in the middle of the night.","Hmm, Casey must like to stay up in the middle of the night.",casey.png,casey_night.png,orange14.png,green.png,River,flurp,group,1,1,10356,2026-06-29T19:11:40.089Z,Older,1.0981943502609877,-1.0,1.0,-1.0,1,8.2217659137577,DOB
TT043_1782760016517,,Finn,8,A,B,A,hmm1_boss,yes1_close,boss_close,hmm1_boss,boss,hmm,group,individual,False,group,individual,Walls_Hmm_1_b,Taylor,walls,Finley,flurp,Robin,zazzo,"Hmm, Wugs must like to climb tall buildings.","Hmm, Taylor must like to climb tall buildings.",taylor.png,taylor_walls.png,orange10.png,green11.png,Finley,flurp,group,1,1,9477,2026-06-29T19:11:52.153Z,Older,1.0981943502609877,-1.0,1.0,-1.0,1,8.2217659137577,DOB
TT043_1782760016517,,Finn,8,B,B,A,hmm1_boss,yes1_close,boss_close,yes1_close,close,yes,group,individual,False,group,individual,Plants_Yes_1,Sage,plants,Juno,flurp,Reed,zazzo,"Yes, Wugs like to talk to plants.","Yes, Sage likes to talk to plants.",sage.png,sage_plants.png,orange14.png,green12.png,Reed,zazzo,individual,2,1,15542,2026-06-29T19:12:35.406Z,Older,1.0981943502609877,1.0,-1.0,-1.0,1,8.2217659137577,DOB
TT043_1782760016517,,Finn,8,B,B,A,hmm1_boss,yes1_close,boss_close,yes1_close,close,yes,group,individual,False,group,individual,Spinning_Yes_1,Wren,spinning,Lumi,flurp,Flint,zazzo,"Yes, Wugs like to spin around before sitting down.","Yes, Wren likes to spin around before sitting down.",wren.png,wren_spinning.png,orange14.png,green11.png,Flint,zazzo,individual,2,1,9318,2026-06-29T19:12:47.846Z,Older,1.0981943502609877,1.0,-1.0,-1.0,1,8.2217659137577,DOB
TT043_1782760016517,,Finn,8,B,B,A,hmm1_boss,yes1_close,boss_close,yes1_close,close,yes,group,individual,False,group,individual,Pinecones_Yes_1,Blake,pinecones,Zara,flurp,Bryn,zazzo,"Yes, Wugs like to pile up pinecones into a tall tower.","Yes, Blake likes to pile up pinecones into a tall tower.",blake.png,blake_pinecones.png,orange2.png,green.png,Bryn,zazzo,individual,2,1,12182,2026-06-29T19:13:04.166Z,Older,1.0981943502609877,1.0,-1.0,-1.0,1,8.2217659137577,DOB
TT043_1782760016517,,Finn,8,B,B,A,hmm1_boss,yes1_close,boss_close,yes1_close,close,yes,group,individual,False,group,individual,Sniffing_Yes_1,Arlo,sniffing,Cora,flurp,Beau,zazzo,"Yes, Wugs like to sniff things before touching them.","Yes, Arlo likes to sniff things before touching them.",arlo.png,arlo_sniffing.png,orange14.png,green2.png,Beau,zazzo,individual,2,1,9623,2026-06-29T19:13:19.442Z,Older,1.0981943502609877,1.0,-1.0,-1.0,1,8.2217659137577,DOB
TT043_1782760016517,,Finn,8,B,B,A,hmm1_boss,yes1_close,boss_close,yes1_close,close,yes,group,individual,False,group,individual,Rocks_Yes_1,Sam,rocks,Nova,flurp,Finn,zazzo,"Yes, Wugs like to pick up rocks and put them in their pocket.","Yes, Sam likes to pick up rocks and put them in their pocket.",sam.png,sam_rocks.png,orange11.png,green1.png,Finn,zazzo,individual,2,1,9700,2026-06-29T19:13:37.075Z,Older,1.0981943502609877,1.0,-1.0,-1.0,1,8.2217659137577,DOB
TT043_1782760016517,,Finn,8,B,B,A,hmm1_boss,yes1_close,boss_close,yes1_close,close,yes,group,individual,False,group,individual,Backwards_Yes_1,Theo,backwards,Cleo,flurp,Moss,zazzo,"Yes, Wugs like to walk backwards.","Yes, Theo likes to walk backwards.",theo.png,theo_backwards.png,orange10.png,green6.png,Moss,zazzo,individual,2,1,7935,2026-06-29T19:13:48.521Z,Older,1.0981943502609877,1.0,-1.0,-1.0,1,8.2217659137577,DOB
TT044_1784302185968,,owen,8,A,B,A,hmm2_boss,hmm1_close,boss_close,hmm2_boss,boss,hmm,individual,group,False,individual,group,Flowers_Hmm_2_b,Riley,flowers,Ash,flurp,Charlie,zazzo,"Hmm, Riley must like to eat flowers.","Hmm, Wugs must like to eat flowers.",riley.png,riley_flowers.png,orange13.png,green6.png,Charlie,zazzo,group,1,1,29297,2026-07-17T15:32:02.121Z,Older,1.3528144734642726,-1.0,1.0,-1.0,1,8.476386036960985,DOB
TT044_1784302185968,,owen,8,A,B,A,hmm2_boss,hmm1_close,boss_close,hmm2_boss,boss,hmm,individual,group,False,individual,group,Walls_Hmm_2_b,Taylor,walls,Finley,flurp,Robin,zazzo,"Hmm, Taylor must like to climb tall buildings.","Hmm, Wugs must like to climb tall buildings.",taylor.png,taylor_walls.png,orange15.png,green9.png,Finley,flurp,individual,2,0,17432,2026-07-17T15:32:48.340Z,Older,1.3528144734642726,-1.0,1.0,-1.0,0,8.476386036960985,DOB
TT044_1784302185968,,owen,8,A,B,A,hmm2_boss,hmm1_close,boss_close,hmm2_boss,boss,hmm,individual,group,False,individual,group,Balls_Hmm_2_b,Alex,balls,Quinn,flurp,Drew,zazzo,"Hmm, Alex must like to bounce balls on their heads.","Hmm, Wugs must like to bounce balls on their heads.",alex.png,alex_ball.png,orange11.png,green7.png,Quinn,flurp,individual,2,0,15501,2026-07-17T15:33:39.557Z,Older,1.3528144734642726,-1.0,1.0,-1.0,0,8.476386036960985,DOB
TT044_1784302185968,,owen,8,A,B,A,hmm2_boss,hmm1_close,boss_close,hmm2_boss,boss,hmm,individual,group,False,individual,group,Night_Hmm_2_b,Casey,night,River,flurp,Morgan,zazzo,"Hmm, Casey must like to stay up in the middle of the night.","Hmm, Wugs must like to stay up in the middle of the night.",casey.png,casey_night.png,orange2.png,green10.png,River,flurp,individual,2,0,14788,2026-07-17T15:34:23.972Z,Older,1.3528144734642726,-1.0,1.0,-1.0,0,8.476386036960985,DOB
TT044_1784302185968,,owen,8,A,B,A,hmm2_boss,hmm1_close,boss_close,hmm2_boss,boss,hmm,individual,group,True,group,individual,Whisper_Hmm_2_b,Jordan,whisper,Skyler,flurp,Reese,zazzo,"Hmm, Wugs must like to whisper when they talk.","Hmm, Jordan must like to whisper when they talk.",jordan.png,jordan_whisper.png,orange2.png,green2.png,Reese,zazzo,individual,2,0,12531,2026-07-17T15:35:05.949Z,Older,1.3528144734642726,-1.0,1.0,-1.0,0,8.476386036960985,DOB
TT044_1784302185968,,owen,8,A,B,A,hmm2_boss,hmm1_close,boss_close,hmm2_boss,boss,hmm,individual,group,True,group,individual,Bugs_Hmm_2_b,Rowan,bugs,Emery,flurp,Jules,zazzo,"Hmm, Wugs must like to play with bugs.","Hmm, Rowan must like to play with bugs.",rowan.png,rowan_bugs.png,orange2.png,green1.png,Jules,zazzo,individual,2,0,11596,2026-07-17T15:35:45.204Z,Older,1.3528144734642726,-1.0,1.0,-1.0,0,8.476386036960985,DOB
TT044_1784302185968,,owen,8,B,B,A,hmm2_boss,hmm1_close,boss_close,hmm1_close,close,hmm,group,individual,False,group,individual,Plants_Hmm_1,Sage,plants,Juno,flurp,Reed,zazzo,"Hmm, Wugs must like to talk to plants.","Hmm, Sage must like to talk to plants.",sage.png,sage_plants.png,orange4.png,green2.png,Juno,flurp,group,1,0,19512,2026-07-17T15:36:58.520Z,Older,1.3528144734642726,1.0,1.0,-1.0,0,8.476386036960985,DOB
TT044_1784302185968,,owen,8,B,B,A,hmm2_boss,hmm1_close,boss_close,hmm1_close,close,hmm,group,individual,True,individual,group,Sniffing_Hmm_1,Arlo,sniffing,Cora,flurp,Beau,zazzo,"Hmm, Arlo must like to sniff things before touching them.","Hmm, Wugs must like to sniff things before touching them.",arlo.png,arlo_sniffing.png,orange13.png,green2.png,Cora,flurp,individual,2,1,17798,2026-07-17T15:37:33.877Z,Older,1.3528144734642726,1.0,1.0,-1.0,1,8.476386036960985,DOB
TT044_1784302185968,,owen,8,B,B,A,hmm2_boss,hmm1_close,boss_close,hmm1_close,close,hmm,group,individual,False,group,individual,Rocks_Hmm_1,Sam,rocks,Nova,flurp,Finn,zazzo,"Hmm, Wugs must like to pick up rocks and put them in their pocket.","Hmm, Sam must like to pick up rocks and put them in their pocket.",sam.png,sam_rocks.png,orange6.png,green10.png,Nova,flurp,group,1,0,12517,2026-07-17T15:38:14.480Z,Older,1.3528144734642726,1.0,1.0,-1.0,0,8.476386036960985,DOB
TT044_1784302185968,,owen,8,B,B,A,hmm2_boss,hmm1_close,boss_close,hmm1_close,close,hmm,group,individual,False,group,individual,Backwards_Hmm_1,Theo,backwards,Cleo,flurp,Moss,zazzo,"Hmm, Wugs must like to walk backwards.","Hmm, Theo must like to walk backwards.",theo.png,theo_backwards.png,orange9.png,green11.png,Moss,zazzo,individual,2,1,13651,2026-07-17T15:38:55.648Z,Older,1.3528144734642726,1.0,1.0,-1.0,1,8.476386036960985,DOB
TT044_1784302185968,,owen,8,B,B,A,hmm2_boss,hmm1_close,boss_close,hmm1_close,close,hmm,group,individual,True,individual,group,Pinecones_Hmm_1,Blake,pinecones,Zara,flurp,Bryn,zazzo,"Hmm, Blake must like to pile up pinecones into a tall tower.","Hmm, Wugs must like to pile up pinecones into a tall tower.",blake.png,blake_pinecones.png,orange8.png,green.png,Zara,flurp,individual,2,1,13660,2026-07-17T15:39:37.472Z,Older,1.3528144734642726,1.0,1.0,-1.0,1,8.476386036960985,DOB
TT044_1784302185968,,owen,8,B,B,A,hmm2_boss,hmm1_close,boss_close,hmm1_close,close,hmm,group,individual,True,individual,group,Spinning_Hmm_1,Wren,spinning,Lumi,flurp,Flint,zazzo,"Hmm, Wren must like to spin around before sitting down.","Hmm, Wugs must like to spin around before sitting down.",wren.png,wren_spinning.png,orange7.png,green.png,Lumi,flurp,individual,2,1,13160,2026-07-17T15:40:09.200Z,Older,1.3528144734642726,1.0,1.0,-1.0,1,8.476386036960985,DOB
TT045_1782502684181,,Asher,5,A,A,B,hmm1_boss,hmm2_close,close_boss,hmm2_close,close,hmm,individual,group,True,group,individual,Bugs_Hmm_2,Rowan,bugs,Emery,flurp,Jules,zazzo,"Hmm, Wugs must like to play with bugs.","Hmm, Rowan must like to play with bugs.",rowan.png,rowan_bugs.png,orange3.png,green6.png,Emery,flurp,group,1,0,37622,2026-06-26T19:44:59.399Z,Younger,-1.5383559577472257,1.0,1.0,1.0,0,5.585215605749487,DOB
TT045_1782502684181,,Asher,5,A,A,B,hmm1_boss,hmm2_close,close_boss,hmm2_close,close,hmm,individual,group,False,individual,group,Walls_Hmm_2,Taylor,walls,Finley,flurp,Robin,zazzo,"Hmm, Taylor must like to climb tall buildings.","Hmm, Wugs must like to climb tall buildings.",taylor.png,taylor_walls.png,orange9.png,green1.png,Finley,flurp,individual,2,1,25819,2026-06-26T19:45:53.983Z,Younger,-1.5383559577472257,1.0,1.0,1.0,1,5.585215605749487,DOB
TT045_1782502684181,,Asher,5,A,A,B,hmm1_boss,hmm2_close,close_boss,hmm2_close,close,hmm,individual,group,True,group,individual,Whisper_Hmm_2,Jordan,whisper,Skyler,flurp,Reese,zazzo,"Hmm, Wugs must like to whisper when they talk.","Hmm, Jordan must like to whisper when they talk.",jordan.png,jordan_whisper.png,orange13.png,green6.png,Reese,zazzo,individual,2,1,23608,2026-06-26T19:46:59.676Z,Younger,-1.5383559577472257,1.0,1.0,1.0,1,5.585215605749487,DOB
TT045_1782502684181,,Asher,5,A,A,B,hmm1_boss,hmm2_close,close_boss,hmm2_close,close,hmm,individual,group,True,group,individual,Balls_Hmm_2,Alex,balls,Quinn,flurp,Drew,zazzo,"Hmm, Wugs must like to bounce balls on their heads.","Hmm, Alex must like to bounce balls on their heads.",alex.png,alex_ball.png,orange14.png,green7.png,Quinn,flurp,group,1,0,16430,2026-06-26T19:47:45.176Z,Younger,-1.5383559577472257,1.0,1.0,1.0,0,5.585215605749487,DOB
TT045_1782502684181,,Asher,5,A,A,B,hmm1_boss,hmm2_close,close_boss,hmm2_close,close,hmm,individual,group,True,group,individual,Flowers_Hmm_2,Riley,flowers,Ash,flurp,Charlie,zazzo,"Hmm, Wugs must like to eat flowers.","Hmm, Riley must like to eat flowers.",riley.png,riley_flowers.png,orange15.png,green10.png,Ash,flurp,group,1,0,12289,2026-06-26T19:48:29.180Z,Younger,-1.5383559577472257,1.0,1.0,1.0,0,5.585215605749487,DOB
TT045_1782502684181,,Asher,5,A,A,B,hmm1_boss,hmm2_close,close_boss,hmm2_close,close,hmm,individual,group,True,group,individual,Night_Hmm_2,Casey,night,River,flurp,Morgan,zazzo,"Hmm, Wugs must like to stay up in the middle of the night.","Hmm, Casey must like to stay up in the middle of the night.",casey.png,casey_night.png,orange9.png,green.png,Morgan,zazzo,individual,2,1,24373,2026-06-26T19:49:34.563Z,Younger,-1.5383559577472257,1.0,1.0,1.0,1,5.585215605749487,DOB
TT045_1782502684181,,Asher,5,B,A,B,hmm1_boss,hmm2_close,close_boss,hmm1_boss,boss,hmm,group,individual,True,individual,group,Pinecones_Hmm_1_b,Blake,pinecones,Zara,flurp,Bryn,zazzo,"Hmm, Blake must like to pile up pinecones into a tall tower.","Hmm, Wugs must like to pile up pinecones into a tall tower.",blake.png,blake_pinecones.png,orange14.png,green7.png,Zara,flurp,individual,2,0,48942,2026-06-26T19:51:28.275Z,Younger,-1.5383559577472257,-1.0,1.0,1.0,0,5.585215605749487,DOB
TT045_1782502684181,,Asher,5,B,A,B,hmm1_boss,hmm2_close,close_boss,hmm1_boss,boss,hmm,group,individual,False,group,individual,Rocks_Hmm_1_b,Sam,rocks,Nova,flurp,Finn,zazzo,"Hmm, Wugs must like to pick up rocks and put them in their pocket.","Hmm, Sam must like to pick up rocks and put them in their pocket.",sam.png,sam_rocks.png,orange10.png,green7.png,Finn,zazzo,individual,2,0,23050,2026-06-26T19:52:21.500Z,Younger,-1.5383559577472257,-1.0,1.0,1.0,0,5.585215605749487,DOB
TT045_1782502684181,,Asher,5,B,A,B,hmm1_boss,hmm2_close,close_boss,hmm1_boss,boss,hmm,group,individual,False,group,individual,Sniffing_Hmm_1_b,Arlo,sniffing,Cora,flurp,Beau,zazzo,"Hmm, Wugs must like to sniff things before touching them.","Hmm, Arlo must like to sniff things before touching them.",arlo.png,arlo_sniffing.png,orange14.png,green9.png,Beau,zazzo,individual,2,0,18351,2026-06-26T19:53:10.690Z,Younger,-1.5383559577472257,-1.0,1.0,1.0,0,5.585215605749487,DOB
TT045_1782502684181,,Asher,5,B,A,B,hmm1_boss,hmm2_close,close_boss,hmm1_boss,boss,hmm,group,individual,False,group,individual,Plants_Hmm_1_b,Sage,plants,Juno,flurp,Reed,zazzo,"Hmm, Wugs must like to talk to plants.","Hmm, Sage must like to talk to plants.",sage.png,sage_plants.png,orange14.png,green10.png,Juno,flurp,group,1,1,21674,2026-06-26T19:54:23.617Z,Younger,-1.5383559577472257,-1.0,1.0,1.0,1,5.585215605749487,DOB
TT045_1782502684181,,Asher,5,B,A,B,hmm1_boss,hmm2_close,close_boss,hmm1_boss,boss,hmm,group,individual,True,individual,group,Backwards_Hmm_1_b,Theo,backwards,Cleo,flurp,Moss,zazzo,"Hmm, Theo must like to walk backwards.","Hmm, Wugs must like to walk backwards.",theo.png,theo_backwards.png,orange10.png,green6.png,Moss,zazzo,group,1,1,18781,2026-06-26T19:55:39.266Z,Younger,-1.5383559577472257,-1.0,1.0,1.0,1,5.585215605749487,DOB
TT045_1782502684181,,Asher,5,B,A,B,hmm1_boss,hmm2_close,close_boss,hmm1_boss,boss,hmm,group,individual,False,group,individual,Spinning_Hmm_1_b,Wren,spinning,Lumi,flurp,Flint,zazzo,"Hmm, Wugs must like to spin around before sitting down.","Hmm, Wren must like to spin around before sitting down.",wren.png,wren_spinning.png,orange6.png,green7.png,Lumi,flurp,group,1,1,16333,2026-06-26T19:56:21.600Z,Younger,-1.5383559577472257,-1.0,1.0,1.0,1,5.585215605749487,DOB
TT045_1784314883089,,dillon,8,B,B,A,hmm2_boss,yes1_close,close_boss,yes1_close,close,yes,group,individual,True,individual,group,Pinecones_Yes_1,Blake,pinecones,Zara,flurp,Bryn,zazzo,"Yes, Blake likes to pile up pinecones into a tall tower.","Yes, Wugs like to pile up pinecones into a tall tower.",blake.png,blake_pinecones.png,orange15.png,green10.png,Zara,flurp,individual,2,1,38017,2026-07-17T19:04:55.577Z,Older,0.9147583475231365,1.0,-1.0,-1.0,1,8.038329911019849,DOB
TT045_1784314883089,,dillon,8,B,B,A,hmm2_boss,yes1_close,close_boss,yes1_close,close,yes,group,individual,True,individual,group,Rocks_Yes_1,Sam,rocks,Nova,flurp,Finn,zazzo,"Yes, Sam likes to pick up rocks and put them in their pocket.","Yes, Wugs like to pick up rocks and put them in their pocket.",sam.png,sam_rocks.png,orange13.png,green1.png,Nova,flurp,individual,2,1,19099,2026-07-17T19:05:47.425Z,Older,0.9147583475231365,1.0,-1.0,-1.0,1,8.038329911019849,DOB
TT045_1784314883089,,dillon,8,B,B,A,hmm2_boss,yes1_close,close_boss,yes1_close,close,yes,group,individual,False,group,individual,Sniffing_Yes_1,Arlo,sniffing,Cora,flurp,Beau,zazzo,"Yes, Wugs like to sniff things before touching them.","Yes, Arlo likes to sniff things before touching them.",arlo.png,arlo_sniffing.png,orange6.png,green2.png,Cora,flurp,group,1,0,13334,2026-07-17T19:06:39.892Z,Older,0.9147583475231365,1.0,-1.0,-1.0,0,8.038329911019849,DOB
TT045_1784314883089,,dillon,8,B,B,A,hmm2_boss,yes1_close,close_boss,yes1_close,close,yes,group,individual,True,individual,group,Plants_Yes_1,Sage,plants,Juno,flurp,Reed,zazzo,"Yes, Sage likes to talk to plants.","Yes, Wugs like to talk to plants.",sage.png,sage_plants.png,orange9.png,green1.png,Juno,flurp,individual,2,1,17049,2026-07-17T19:07:21.358Z,Older,0.9147583475231365,1.0,-1.0,-1.0,1,8.038329911019849,DOB
TT045_1784314883089,,dillon,8,B,B,A,hmm2_boss,yes1_close,close_boss,yes1_close,close,yes,group,individual,True,individual,group,Backwards_Yes_1,Theo,backwards,Cleo,flurp,Moss,zazzo,"Yes, Theo likes to walk backwards.","Yes, Wugs like to walk backwards.",theo.png,theo_backwards.png,orange10.png,green9.png,Cleo,flurp,individual,2,1,8850,2026-07-17T19:08:04.208Z,Older,0.9147583475231365,1.0,-1.0,-1.0,1,8.038329911019849,DOB
TT045_1784314883089,,dillon,8,B,B,A,hmm2_boss,yes1_close,close_boss,yes1_close,close,yes,group,individual,False,group,individual,Spinning_Yes_1,Wren,spinning,Lumi,flurp,Flint,zazzo,"Yes, Wugs like to spin around before sitting down.","Yes, Wren likes to spin around before sitting down.",wren.png,wren_spinning.png,orange15.png,green7.png,Flint,zazzo,individual,2,1,10850,2026-07-17T19:08:41.224Z,Older,0.9147583475231365,1.0,-1.0,-1.0,1,8.038329911019849,DOB
TT045_1784314883089,,dillon,8,A,B,A,hmm2_boss,yes1_close,close_boss,hmm2_boss,boss,hmm,individual,group,True,group,individual,Bugs_Hmm_2_b,Rowan,bugs,Emery,flurp,Jules,zazzo,"Hmm, Wugs must like to play with bugs.","Hmm, Rowan must like to play with bugs.",rowan.png,rowan_bugs.png,orange13.png,green1.png,Jules,zazzo,individual,2,0,12416,2026-07-17T19:09:59.789Z,Older,0.9147583475231365,-1.0,1.0,-1.0,0,8.038329911019849,DOB
TT045_1784314883089,,dillon,8,A,B,A,hmm2_boss,yes1_close,close_boss,hmm2_boss,boss,hmm,individual,group,False,individual,group,Walls_Hmm_2_b,Taylor,walls,Finley,flurp,Robin,zazzo,"Hmm, Taylor must like to climb tall buildings.","Hmm, Wugs must like to climb tall buildings.",taylor.png,taylor_walls.png,orange15.png,green2.png,Finley,flurp,individual,2,0,10483,2026-07-17T19:10:23.506Z,Older,0.9147583475231365,-1.0,1.0,-1.0,0,8.038329911019849,DOB
TT045_1784314883089,,dillon,8,A,B,A,hmm2_boss,yes1_close,close_boss,hmm2_boss,boss,hmm,individual,group,False,individual,group,Night_Hmm_2_b,Casey,night,River,flurp,Morgan,zazzo,"Hmm, Casey must like to stay up in the middle of the night.","Hmm, Wugs must like to stay up in the middle of the night.",casey.png,casey_night.png,orange15.png,green12.png,River,flurp,individual,2,0,13000,2026-07-17T19:10:58.872Z,Older,0.9147583475231365,-1.0,1.0,-1.0,0,8.038329911019849,DOB
TT045_1784314883089,,dillon,8,A,B,A,hmm2_boss,yes1_close,close_boss,hmm2_boss,boss,hmm,individual,group,True,group,individual,Whisper_Hmm_2_b,Jordan,whisper,Skyler,flurp,Reese,zazzo,"Hmm, Wugs must like to whisper when they talk.","Hmm, Jordan must like to whisper when they talk.",jordan.png,jordan_whisper.png,orange2.png,green10.png,Reese,zazzo,individual,2,0,9900,2026-07-17T19:11:17.405Z,Older,0.9147583475231365,-1.0,1.0,-1.0,0,8.038329911019849,DOB
TT045_1784314883089,,dillon,8,A,B,A,hmm2_boss,yes1_close,close_boss,hmm2_boss,boss,hmm,individual,group,True,group,individual,Flowers_Hmm_2_b,Riley,flowers,Ash,flurp,Charlie,zazzo,"Hmm, Wugs must like to eat flowers.","Hmm, Riley must like to eat flowers.",riley.png,riley_flowers.png,orange4.png,green6.png,Charlie,zazzo,individual,2,0,37533,2026-07-17T19:12:14.138Z,Older,0.9147583475231365,-1.0,1.0,-1.0,0,8.038329911019849,DOB
TT045_1784314883089,,dillon,8,A,B,A,hmm2_boss,yes1_close,close_boss,hmm2_boss,boss,hmm,individual,group,False,individual,group,Balls_Hmm_2_b,Alex,balls,Quinn,flurp,Drew,zazzo,"Hmm, Alex must like to bounce balls on their heads.","Hmm, Wugs must like to bounce balls on their heads.",alex.png,alex_ball.png,orange4.png,green12.png,Quinn,flurp,individual,2,0,11016,2026-07-17T19:12:40.137Z,Older,0.9147583475231365,-1.0,1.0,-1.0,0,8.038329911019849,DOB
TT046_1785183206786,,lyla,5,B,A,B,hmm1_boss,yes2_close,boss_close,hmm1_boss,boss,hmm,group,individual,True,individual,group,Sniffing_Hmm_1_b,Arlo,sniffing,Cora,flurp,Beau,zazzo,"Hmm, Arlo must like to sniff things before touching them.","Hmm, Wugs must like to sniff things before touching them.",arlo.png,arlo_sniffing.png,orange14.png,green7.png,Beau,zazzo,group,1,1,32833,2026-07-27T20:18:03.577Z,Younger,-1.6971513034008874,-1.0,1.0,1.0,1,5.426420260095825,DOB
TT046_1785183206786,,lyla,5,B,A,B,hmm1_boss,yes2_close,boss_close,hmm1_boss,boss,hmm,group,individual,True,individual,group,Backwards_Hmm_1_b,Theo,backwards,Cleo,flurp,Moss,zazzo,"Hmm, Theo must like to walk backwards.","Hmm, Wugs must like to walk backwards.",theo.png,theo_backwards.png,orange13.png,green1.png,Moss,zazzo,group,1,1,27417,2026-07-27T20:19:02.294Z,Younger,-1.6971513034008874,-1.0,1.0,1.0,1,5.426420260095825,DOB
TT046_1785183206786,,lyla,5,B,A,B,hmm1_boss,yes2_close,boss_close,hmm1_boss,boss,hmm,group,individual,False,group,individual,Plants_Hmm_1_b,Sage,plants,Juno,flurp,Reed,zazzo,"Hmm, Wugs must like to talk to plants.","Hmm, Sage must like to talk to plants.",sage.png,sage_plants.png,orange10.png,green11.png,Juno,flurp,group,1,1,23400,2026-07-27T20:19:55.743Z,Younger,-1.6971513034008874,-1.0,1.0,1.0,1,5.426420260095825,DOB
TT046_1785183206786,,lyla,5,B,A,B,hmm1_boss,yes2_close,boss_close,hmm1_boss,boss,hmm,group,individual,True,individual,group,Pinecones_Hmm_1_b,Blake,pinecones,Zara,flurp,Bryn,zazzo,"Hmm, Blake must like to pile up pinecones into a tall tower.","Hmm, Wugs must like to pile up pinecones into a tall tower.",blake.png,blake_pinecones.png,orange14.png,green7.png,Bryn,zazzo,group,1,1,23633,2026-07-27T20:20:46.126Z,Younger,-1.6971513034008874,-1.0,1.0,1.0,1,5.426420260095825,DOB
TT046_1785183206786,,lyla,5,B,A,B,hmm1_boss,yes2_close,boss_close,hmm1_boss,boss,hmm,group,individual,False,group,individual,Rocks_Hmm_1_b,Sam,rocks,Nova,flurp,Finn,zazzo,"Hmm, Wugs must like to pick up rocks and put them in their pocket.","Hmm, Sam must like to pick up rocks and put them in their pocket.",sam.png,sam_rocks.png,orange11.png,green12.png,Finn,zazzo,individual,2,0,18084,2026-07-27T20:21:32.760Z,Younger,-1.6971513034008874,-1.0,1.0,1.0,0,5.426420260095825,DOB
TT046_1785183206786,,lyla,5,B,A,B,hmm1_boss,yes2_close,boss_close,hmm1_boss,boss,hmm,group,individual,True,individual,group,Spinning_Hmm_1_b,Wren,spinning,Lumi,flurp,Flint,zazzo,"Hmm, Wren must like to spin around before sitting down.","Hmm, Wugs must like to spin around before sitting down.",wren.png,wren_spinning.png,orange9.png,green.png,Flint,zazzo,group,1,1,17667,2026-07-27T20:22:15.176Z,Younger,-1.6971513034008874,-1.0,1.0,1.0,1,5.426420260095825,DOB
TT046_1785183206786,,lyla,5,A,A,B,hmm1_boss,yes2_close,boss_close,yes2_close,close,yes,individual,group,True,group,individual,Bugs_Yes_2,Rowan,bugs,Emery,flurp,Jules,zazzo,"Yes, Wugs like to play with bugs.","Yes, Rowan likes to play with bugs.",rowan.png,rowan_bugs.png,orange7.png,green6.png,Emery,flurp,group,1,0,18300,2026-07-27T20:23:39.309Z,Younger,-1.6971513034008874,1.0,-1.0,1.0,0,5.426420260095825,DOB
TT046_1785183206786,,lyla,5,A,A,B,hmm1_boss,yes2_close,boss_close,yes2_close,close,yes,individual,group,False,individual,group,Flowers_Yes_2,Riley,flowers,Ash,flurp,Charlie,zazzo,"Yes, Riley likes to eat flowers.","Yes, Wugs like to eat flowers.",riley.png,riley_flowers.png,orange7.png,green.png,Charlie,zazzo,group,1,0,15584,2026-07-27T20:24:20.409Z,Younger,-1.6971513034008874,1.0,-1.0,1.0,0,5.426420260095825,DOB
TT046_1785183206786,,lyla,5,A,A,B,hmm1_boss,yes2_close,boss_close,yes2_close,close,yes,individual,group,True,group,individual,Whisper_Yes_2,Jordan,whisper,Skyler,flurp,Reese,zazzo,"Yes, Wugs like to whisper when they talk.","Yes, Jordan likes to whisper when they talk.",jordan.png,jordan_whisper.png,orange7.png,green10.png,Skyler,flurp,group,1,0,12516,2026-07-27T20:25:02.908Z,Younger,-1.6971513034008874,1.0,-1.0,1.0,0,5.426420260095825,DOB
TT046_1785183206786,,lyla,5,A,A,B,hmm1_boss,yes2_close,boss_close,yes2_close,close,yes,individual,group,True,group,individual,Night_Yes_2,Casey,night,River,flurp,Morgan,zazzo,"Yes, Wugs like to stay up in the middle of the night.","Yes, Casey likes to stay up in the middle of the night.",casey.png,casey_night.png,orange8.png,green11.png,River,flurp,group,1,0,14633,2026-07-27T20:25:44.608Z,Younger,-1.6971513034008874,1.0,-1.0,1.0,0,5.426420260095825,DOB
TT046_1785183206786,,lyla,5,A,A,B,hmm1_boss,yes2_close,boss_close,yes2_close,close,yes,individual,group,True,group,individual,Climb_Yes_2,Taylor,walls,Finley,flurp,Robin,zazzo,"Yes, Wugs like to climb tall buildings.","Yes, Taylor likes to climb tall buildings.",taylor.png,taylor_walls.png,orange13.png,green7.png,Robin,zazzo,individual,2,1,13783,2026-07-27T20:26:27.324Z,Younger,-1.6971513034008874,1.0,-1.0,1.0,1,5.426420260095825,DOB
TT046_1785183206786,,lyla,5,A,A,B,hmm1_boss,yes2_close,boss_close,yes2_close,close,yes,individual,group,False,individual,group,Ball_Yes_2,Alex,balls,Quinn,flurp,Drew,zazzo,"Yes, Alex likes to bounce balls on their heads.","Yes, Wugs like to bounce balls on their heads.",alex.png,alex_ball.png,orange8.png,green7.png,Drew,zazzo,group,1,0,16400,2026-07-27T20:27:09.424Z,Younger,-1.6971513034008874,1.0,-1.0,1.0,0,5.426420260095825,DOB
TT047_1782245917301,,ALLISON,6,A,A,B,yes1_boss,yes1_close,close_boss,yes1_close,close,yes,group,individual,True,individual,group,Climb_Yes_1,Taylor,walls,Finley,flurp,Robin,zazzo,"Yes, Taylor likes to climb tall buildings.","Yes, Wugs like to climb tall buildings.",taylor.png,taylor_walls.png,orange3.png,green12.png,Robin,zazzo,group,1,0,16249,2026-06-23T20:20:52.909Z,Younger,-0.6567680042906892,1.0,-1.0,1.0,0,6.466803559206023,DOB
TT047_1782245917301,,ALLISON,6,A,A,B,yes1_boss,yes1_close,close_boss,yes1_close,close,yes,group,individual,False,group,individual,Night_Yes_1,Casey,night,River,flurp,Morgan,zazzo,"Yes, Wugs like to stay up in the middle of the night.","Yes, Casey likes to stay up in the middle of the night.",casey.png,casey_night.png,orange9.png,green10.png,Morgan,zazzo,individual,2,1,16650,2026-06-23T20:21:26.343Z,Younger,-0.6567680042906892,1.0,-1.0,1.0,1,6.466803559206023,DOB
TT047_1782245917301,,ALLISON,6,A,A,B,yes1_boss,yes1_close,close_boss,yes1_close,close,yes,group,individual,False,group,individual,Whisper_Yes_1,Jordan,whisper,Skyler,flurp,Reese,zazzo,"Yes, Wugs like to whisper when they talk.","Yes, Jordan likes to whisper when they talk.",jordan.png,jordan_whisper.png,orange13.png,green11.png,Reese,zazzo,individual,2,1,13316,2026-06-23T20:22:05.759Z,Younger,-0.6567680042906892,1.0,-1.0,1.0,1,6.466803559206023,DOB
TT047_1782245917301,,ALLISON,6,A,A,B,yes1_boss,yes1_close,close_boss,yes1_close,close,yes,group,individual,False,group,individual,Balls_Yes_1,Alex,balls,Quinn,flurp,Drew,zazzo,"Yes, Wugs like to bounce balls on their heads.","Yes, Alex likes to bounce balls on their heads.",alex.png,alex_ball.png,orange6.png,green6.png,Drew,zazzo,individual,2,1,15667,2026-06-23T20:22:33.659Z,Younger,-0.6567680042906892,1.0,-1.0,1.0,1,6.466803559206023,DOB
TT047_1782245917301,,ALLISON,6,A,A,B,yes1_boss,yes1_close,close_boss,yes1_close,close,yes,group,individual,True,individual,group,Flowers_Yes_1,Riley,flowers,Ash,flurp,Charlie,zazzo,"Yes, Riley likes to eat flowers.","Yes, Wugs like to eat flowers.",riley.png,riley_flowers.png,orange10.png,green12.png,Charlie,zazzo,group,1,0,11915,2026-06-23T20:22:57.441Z,Younger,-0.6567680042906892,1.0,-1.0,1.0,0,6.466803559206023,DOB
TT047_1782245917301,,ALLISON,6,A,A,B,yes1_boss,yes1_close,close_boss,yes1_close,close,yes,group,individual,True,individual,group,Bugs_Yes_1,Rowan,bugs,Emery,flurp,Jules,zazzo,"Yes, Rowan likes to play with bugs.","Yes, Wugs like to play with bugs.",rowan.png,rowan_bugs.png,orange11.png,green9.png,Emery,flurp,individual,2,1,9566,2026-06-23T20:23:14.908Z,Younger,-0.6567680042906892,1.0,-1.0,1.0,1,6.466803559206023,DOB
TT047_1782245917301,,ALLISON,6,B,A,B,yes1_boss,yes1_close,close_boss,yes1_boss,boss,yes,group,individual,False,group,individual,Spinning_Yes_1_b,Wren,spinning,Lumi,flurp,Flint,zazzo,"Yes, Wugs like to spin around before sitting down.","Yes, Wren likes to spin around before sitting down.",wren.png,wren_spinning.png,orange4.png,green2.png,Flint,zazzo,individual,2,0,11016,2026-06-23T20:24:03.625Z,Younger,-0.6567680042906892,-1.0,-1.0,1.0,0,6.466803559206023,DOB
TT047_1782245917301,,ALLISON,6,B,A,B,yes1_boss,yes1_close,close_boss,yes1_boss,boss,yes,group,individual,True,individual,group,Pinecones_Yes_1_b,Blake,pinecones,Zara,flurp,Bryn,zazzo,"Yes, Blake likes to pile up pinecones into a tall tower.","Yes, Wugs like to pile up pinecones into a tall tower.",blake.png,blake_pinecones.png,orange9.png,green.png,Zara,flurp,individual,2,0,11900,2026-06-23T20:24:20.624Z,Younger,-0.6567680042906892,-1.0,-1.0,1.0,0,6.466803559206023,DOB
TT047_1782245917301,,ALLISON,6,B,A,B,yes1_boss,yes1_close,close_boss,yes1_boss,boss,yes,group,individual,True,individual,group,Backwards_Yes_1_b,Theo,backwards,Cleo,flurp,Moss,zazzo,"Yes, Theo likes to walk backwards.","Yes, Wugs like to walk backwards.",theo.png,theo_backwards.png,orange14.png,green1.png,Moss,zazzo,group,1,1,8768,2026-06-23T20:24:40.108Z,Younger,-0.6567680042906892,-1.0,-1.0,1.0,1,6.466803559206023,DOB
TT047_1782245917301,,ALLISON,6,B,A,B,yes1_boss,yes1_close,close_boss,yes1_boss,boss,yes,group,individual,True,individual,group,Sniffing_Yes_1_b,Arlo,sniffing,Cora,flurp,Beau,zazzo,"Yes, Arlo likes to sniff things before touching them.","Yes, Wugs like to sniff things before touching them.",arlo.png,arlo_sniffing.png,orange14.png,green12.png,Cora,flurp,individual,2,0,11200,2026-06-23T20:24:56.357Z,Younger,-0.6567680042906892,-1.0,-1.0,1.0,0,6.466803559206023,DOB
TT047_1782245917301,,ALLISON,6,B,A,B,yes1_boss,yes1_close,close_boss,yes1_boss,boss,yes,group,individual,True,individual,group,Rocks_Yes_1_b,Sam,rocks,Nova,flurp,Finn,zazzo,"Yes, Sam likes to pick up rocks and put them in their pocket.","Yes, Wugs like to pick up rocks and put them in their pocket.",sam.png,sam_rocks.png,orange6.png,green10.png,Nova,flurp,individual,2,0,12750,2026-06-23T20:25:21.757Z,Younger,-0.6567680042906892,-1.0,-1.0,1.0,0,6.466803559206023,DOB
TT047_1782245917301,,ALLISON,6,B,A,B,yes1_boss,yes1_close,close_boss,yes1_boss,boss,yes,group,individual,True,individual,group,Plants_Yes_1_b,Sage,plants,Juno,flurp,Reed,zazzo,"Yes, Sage likes to talk to plants.","Yes, Wugs like to talk to plants.",sage.png,sage_plants.png,orange15.png,green1.png,Juno,flurp,individual,2,0,8584,2026-06-23T20:25:36.674Z,Younger,-0.6567680042906892,-1.0,-1.0,1.0,0,6.466803559206023,DOB
TT047_1783527566133,,Arin,6,A,A,B,hmm1_boss,hmm1_close,close_boss,hmm1_close,close,hmm,group,individual,False,group,individual,Walls_Hmm_1,Taylor,walls,Finley,flurp,Robin,zazzo,"Hmm, Wugs must like to climb tall buildings.","Hmm, Taylor must like to climb tall buildings.",taylor.png,taylor_walls.png,orange14.png,green6.png,Robin,zazzo,individual,2,1,22025,2026-07-08T16:23:57.480Z,Younger,-0.33643946219623366,1.0,1.0,1.0,1,6.787132101300479,DOB
TT047_1783527566133,,Arin,6,A,A,B,hmm1_boss,hmm1_close,close_boss,hmm1_close,close,hmm,group,individual,True,individual,group,Bugs_Hmm_1,Rowan,bugs,Emery,flurp,Jules,zazzo,"Hmm, Rowan must like to play with bugs.","Hmm, Wugs must like to play with bugs.",rowan.png,rowan_bugs.png,orange2.png,green11.png,Emery,flurp,individual,2,1,21795,2026-07-08T16:25:04.033Z,Younger,-0.33643946219623366,1.0,1.0,1.0,1,6.787132101300479,DOB
TT047_1783527566133,,Arin,6,A,A,B,hmm1_boss,hmm1_close,close_boss,hmm1_close,close,hmm,group,individual,True,individual,group,Whisper_Hmm_1,Jordan,whisper,Skyler,flurp,Reese,zazzo,"Hmm, Jordan must like to whisper when they talk.","Hmm, Wugs must like to whisper when they talk.",jordan.png,jordan_whisper.png,orange15.png,green10.png,Reese,zazzo,group,1,0,17712,2026-07-08T16:26:08.121Z,Younger,-0.33643946219623366,1.0,1.0,1.0,0,6.787132101300479,DOB
TT047_1783527566133,,Arin,6,A,A,B,hmm1_boss,hmm1_close,close_boss,hmm1_close,close,hmm,group,individual,True,individual,group,Flowers_Hmm_1,Riley,flowers,Ash,flurp,Charlie,zazzo,"Hmm, Riley must like to eat flowers.","Hmm, Wugs must like to eat flowers.",riley.png,riley_flowers.png,orange13.png,green6.png,Ash,flurp,individual,2,1,14904,2026-07-08T16:26:59.894Z,Younger,-0.33643946219623366,1.0,1.0,1.0,1,6.787132101300479,DOB
TT047_1783527566133,,Arin,6,A,A,B,hmm1_boss,hmm1_close,close_boss,hmm1_close,close,hmm,group,individual,False,group,individual,Balls_Hmm_1,Alex,balls,Quinn,flurp,Drew,zazzo,"Hmm, Wugs must like to bounce balls on their heads.","Hmm, Alex must like to bounce balls on their heads.",alex.png,alex_ball.png,orange10.png,green9.png,Drew,zazzo,individual,2,1,16105,2026-07-08T16:28:03.062Z,Younger,-0.33643946219623366,1.0,1.0,1.0,1,6.787132101300479,DOB
TT047_1783527566133,,Arin,6,A,A,B,hmm1_boss,hmm1_close,close_boss,hmm1_close,close,hmm,group,individual,False,group,individual,Night_Hmm_1,Casey,night,River,flurp,Morgan,zazzo,"Hmm, Wugs must like to stay up in the middle of the night.","Hmm, Casey must like to stay up in the middle of the night.",casey.png,casey_night.png,orange13.png,green11.png,Morgan,zazzo,individual,2,1,15913,2026-07-08T16:28:56.772Z,Younger,-0.33643946219623366,1.0,1.0,1.0,1,6.787132101300479,DOB
TT047_1783527566133,,Arin,6,B,A,B,hmm1_boss,hmm1_close,close_boss,hmm1_boss,boss,hmm,group,individual,False,group,individual,Plants_Hmm_1_b,Sage,plants,Juno,flurp,Reed,zazzo,"Hmm, Wugs must like to talk to plants.","Hmm, Sage must like to talk to plants.",sage.png,sage_plants.png,orange14.png,green.png,Reed,zazzo,individual,2,0,14734,2026-07-08T16:30:36.827Z,Younger,-0.33643946219623366,-1.0,1.0,1.0,0,6.787132101300479,DOB
TT047_1783527566133,,Arin,6,B,A,B,hmm1_boss,hmm1_close,close_boss,hmm1_boss,boss,hmm,group,individual,True,individual,group,Pinecones_Hmm_1_b,Blake,pinecones,Zara,flurp,Bryn,zazzo,"Hmm, Blake must like to pile up pinecones into a tall tower.","Hmm, Wugs must like to pile up pinecones into a tall tower.",blake.png,blake_pinecones.png,orange9.png,green11.png,Zara,flurp,individual,2,0,16960,2026-07-08T16:31:27.014Z,Younger,-0.33643946219623366,-1.0,1.0,1.0,0,6.787132101300479,DOB
TT047_1783527566133,,Arin,6,B,A,B,hmm1_boss,hmm1_close,close_boss,hmm1_boss,boss,hmm,group,individual,True,individual,group,Spinning_Hmm_1_b,Wren,spinning,Lumi,flurp,Flint,zazzo,"Hmm, Wren must like to spin around before sitting down.","Hmm, Wugs must like to spin around before sitting down.",wren.png,wren_spinning.png,orange15.png,green12.png,Lumi,flurp,individual,2,0,17393,2026-07-08T16:32:21.443Z,Younger,-0.33643946219623366,-1.0,1.0,1.0,0,6.787132101300479,DOB
TT047_1783527566133,,Arin,6,B,A,B,hmm1_boss,hmm1_close,close_boss,hmm1_boss,boss,hmm,group,individual,False,group,individual,Backwards_Hmm_1_b,Theo,backwards,Cleo,flurp,Moss,zazzo,"Hmm, Wugs must like to walk backwards.","Hmm, Theo must like to walk backwards.",theo.png,theo_backwards.png,orange14.png,green1.png,Moss,zazzo,individual,2,0,14471,2026-07-08T16:33:14.641Z,Younger,-0.33643946219623366,-1.0,1.0,1.0,0,6.787132101300479,DOB
TT047_1783527566133,,Arin,6,B,A,B,hmm1_boss,hmm1_close,close_boss,hmm1_boss,boss,hmm,group,individual,True,individual,group,Sniffing_Hmm_1_b,Arlo,sniffing,Cora,flurp,Beau,zazzo,"Hmm, Arlo must like to sniff things before touching them.","Hmm, Wugs must like to sniff things before touching them.",arlo.png,arlo_sniffing.png,orange3.png,green9.png,Beau,zazzo,group,1,1,19717,2026-07-08T16:34:06.030Z,Younger,-0.33643946219623366,-1.0,1.0,1.0,1,6.787132101300479,DOB
TT047_1783527566133,,Arin,6,B,A,B,hmm1_boss,hmm1_close,close_boss,hmm1_boss,boss,hmm,group,individual,True,individual,group,Rocks_Hmm_1_b,Sam,rocks,Nova,flurp,Finn,zazzo,"Hmm, Sam must like to pick up rocks and put them in their pocket.","Hmm, Wugs must like to pick up rocks and put them in their pocket.",sam.png,sam_rocks.png,orange15.png,green11.png,Nova,flurp,individual,2,0,16390,2026-07-08T16:34:54.214Z,Younger,-0.33643946219623366,-1.0,1.0,1.0,0,6.787132101300479,DOB
TT047_1784681144384,,emmy,5,A,A,B,hmm2_boss,yes2_close,close_boss,yes2_close,close,yes,individual,group,True,group,individual,Night_Yes_2,Casey,night,River,flurp,Morgan,zazzo,"Yes, Wugs like to stay up in the middle of the night.","Yes, Casey likes to stay up in the middle of the night.",casey.png,casey_night.png,orange4.png,green2.png,River,flurp,group,1,0,53133,2026-07-22T00:49:30.784Z,Younger,-1.8176167380347001,1.0,-1.0,1.0,0,5.305954825462012,DOB
TT047_1784681144384,,emmy,5,A,A,B,hmm2_boss,yes2_close,close_boss,yes2_close,close,yes,individual,group,False,individual,group,Flowers_Yes_2,Riley,flowers,Ash,flurp,Charlie,zazzo,"Yes, Riley likes to eat flowers.","Yes, Wugs like to eat flowers.",riley.png,riley_flowers.png,orange15.png,green2.png,Ash,flurp,individual,2,1,27484,2026-07-22T00:50:26.669Z,Younger,-1.8176167380347001,1.0,-1.0,1.0,1,5.305954825462012,DOB
TT047_1784681144384,,emmy,5,A,A,B,hmm2_boss,yes2_close,close_boss,yes2_close,close,yes,individual,group,True,group,individual,Whisper_Yes_2,Jordan,whisper,Skyler,flurp,Reese,zazzo,"Yes, Wugs like to whisper when they talk.","Yes, Jordan likes to whisper when they talk.",jordan.png,jordan_whisper.png,orange14.png,green6.png,Reese,zazzo,individual,2,1,24655,2026-07-22T00:51:23.481Z,Younger,-1.8176167380347001,1.0,-1.0,1.0,1,5.305954825462012,DOB
TT047_1784681144384,,emmy,5,A,A,B,hmm2_boss,yes2_close,close_boss,yes2_close,close,yes,individual,group,True,group,individual,Bugs_Yes_2,Rowan,bugs,Emery,flurp,Jules,zazzo,"Yes, Wugs like to play with bugs.","Yes, Rowan likes to play with bugs.",rowan.png,rowan_bugs.png,orange15.png,green.png,Jules,zazzo,individual,2,1,17186,2026-07-22T00:52:07.007Z,Younger,-1.8176167380347001,1.0,-1.0,1.0,1,5.305954825462012,DOB
TT047_1784681144384,,emmy,5,A,A,B,hmm2_boss,yes2_close,close_boss,yes2_close,close,yes,individual,group,True,group,individual,Ball_Yes_2,Alex,balls,Quinn,flurp,Drew,zazzo,"Yes, Wugs like to bounce balls on their heads.","Yes, Alex likes to bounce balls on their heads.",alex.png,alex_ball.png,orange4.png,green9.png,Quinn,flurp,group,1,0,16526,2026-07-22T00:52:49.087Z,Younger,-1.8176167380347001,1.0,-1.0,1.0,0,5.305954825462012,DOB
TT047_1784681144384,,emmy,5,A,A,B,hmm2_boss,yes2_close,close_boss,yes2_close,close,yes,individual,group,True,group,individual,Climb_Yes_2,Taylor,walls,Finley,flurp,Robin,zazzo,"Yes, Wugs like to climb tall buildings.","Yes, Taylor likes to climb tall buildings.",taylor.png,taylor_walls.png,orange11.png,green7.png,Finley,flurp,group,1,0,17094,2026-07-22T00:53:31.184Z,Younger,-1.8176167380347001,1.0,-1.0,1.0,0,5.305954825462012,DOB
TT047_1784681144384,,emmy,5,B,A,B,hmm2_boss,yes2_close,close_boss,hmm2_boss,boss,hmm,individual,group,True,group,individual,Plants_Hmm_2_b,Sage,plants,Juno,flurp,Reed,zazzo,"Hmm, Wugs must like to talk to plants.","Hmm, Sage must like to talk to plants.",sage.png,sage_plants.png,orange11.png,green.png,Juno,flurp,group,1,1,31878,2026-07-22T00:55:08.383Z,Younger,-1.8176167380347001,-1.0,1.0,1.0,1,5.305954825462012,DOB
TT047_1784681144384,,emmy,5,B,A,B,hmm2_boss,yes2_close,close_boss,hmm2_boss,boss,hmm,individual,group,True,group,individual,Spinning_Hmm_2_b,Wren,spinning,Lumi,flurp,Flint,zazzo,"Hmm, Wugs must like to spin around before sitting down.","Hmm, Wren must like to spin around before sitting down.",wren.png,wren_spinning.png,orange4.png,green1.png,Lumi,flurp,group,1,1,25212,2026-07-22T00:55:58.725Z,Younger,-1.8176167380347001,-1.0,1.0,1.0,1,5.305954825462012,DOB
TT047_1784681144384,,emmy,5,B,A,B,hmm2_boss,yes2_close,close_boss,hmm2_boss,boss,hmm,individual,group,False,individual,group,Sniffing_Hmm_2_b,Arlo,sniffing,Cora,flurp,Beau,zazzo,"Hmm, Arlo must like to sniff things before touching them.","Hmm, Wugs must like to sniff things before touching them.",arlo.png,arlo_sniffing.png,orange3.png,green1.png,Cora,flurp,individual,2,0,25105,2026-07-22T00:56:59.956Z,Younger,-1.8176167380347001,-1.0,1.0,1.0,0,5.305954825462012,DOB
TT047_1784681144384,,emmy,5,B,A,B,hmm2_boss,yes2_close,close_boss,hmm2_boss,boss,hmm,individual,group,False,individual,group,Rocks_Hmm_2_b,Sam,rocks,Nova,flurp,Finn,zazzo,"Hmm, Sam must like to pick up rocks and put them in their pocket.","Hmm, Wugs must like to pick up rocks and put them in their pocket.",sam.png,sam_rocks.png,orange6.png,green1.png,Nova,flurp,individual,2,0,27569,2026-07-22T00:57:57.727Z,Younger,-1.8176167380347001,-1.0,1.0,1.0,0,5.305954825462012,DOB
TT047_1784681144384,,emmy,5,B,A,B,hmm2_boss,yes2_close,close_boss,hmm2_boss,boss,hmm,individual,group,False,individual,group,Backwards_Hmm_2_b,Theo,backwards,Cleo,flurp,Moss,zazzo,"Hmm, Theo must like to walk backwards.","Hmm, Wugs must like to walk backwards.",theo.png,theo_backwards.png,orange11.png,green12.png,Cleo,flurp,individual,2,0,19336,2026-07-22T00:58:57.893Z,Younger,-1.8176167380347001,-1.0,1.0,1.0,0,5.305954825462012,DOB
TT047_1784681144384,,emmy,5,B,A,B,hmm2_boss,yes2_close,close_boss,hmm2_boss,boss,hmm,individual,group,False,individual,group,Pinecones_Hmm_2_b,Blake,pinecones,Zara,flurp,Bryn,zazzo,"Hmm, Blake must like to pile up pinecones into a tall tower.","Hmm, Wugs must like to pile up pinecones into a tall tower.",blake.png,blake_pinecones.png,orange11.png,green.png,Bryn,zazzo,group,1,1,21740,2026-07-22T00:59:53.120Z,Younger,-1.8176167380347001,-1.0,1.0,1.0,1,5.305954825462012,DOB
TT047_1784737183530,,Grant,5,A,B,A,hmm1_boss,hmm2_close,boss_close,hmm1_boss,boss,hmm,group,individual,True,individual,group,Walls_Hmm_1_b,Taylor,walls,Finley,flurp,Robin,zazzo,"Hmm, Taylor must like to climb tall buildings.","Hmm, Wugs must like to climb tall buildings.",taylor.png,taylor_walls.png,orange6.png,green11.png,Robin,zazzo,group,1,1,20246,2026-07-22T16:22:25.851Z,Younger,-1.9764120836883619,-1.0,1.0,1.0,1,5.147159479808351,DOB
TT047_1784737183530,,Grant,5,A,B,A,hmm1_boss,hmm2_close,boss_close,hmm1_boss,boss,hmm,group,individual,False,group,individual,Night_Hmm_1_b,Casey,night,River,flurp,Morgan,zazzo,"Hmm, Wugs must like to stay up in the middle of the night.","Hmm, Casey must like to stay up in the middle of the night.",casey.png,casey_night.png,orange8.png,green10.png,River,flurp,group,1,1,21733,2026-07-22T16:23:20.630Z,Younger,-1.9764120836883619,-1.0,1.0,1.0,1,5.147159479808351,DOB
TT047_1784737183530,,Grant,5,A,B,A,hmm1_boss,hmm2_close,boss_close,hmm1_boss,boss,hmm,group,individual,True,individual,group,Bugs_Hmm_1_b,Rowan,bugs,Emery,flurp,Jules,zazzo,"Hmm, Rowan must like to play with bugs.","Hmm, Wugs must like to play with bugs.",rowan.png,rowan_bugs.png,orange11.png,green12.png,Jules,zazzo,group,1,1,16174,2026-07-22T16:24:10.964Z,Younger,-1.9764120836883619,-1.0,1.0,1.0,1,5.147159479808351,DOB
TT047_1784737183530,,Grant,5,A,B,A,hmm1_boss,hmm2_close,boss_close,hmm1_boss,boss,hmm,group,individual,True,individual,group,Balls_Hmm_1_b,Alex,balls,Quinn,flurp,Drew,zazzo,"Hmm, Alex must like to bounce balls on their heads.","Hmm, Wugs must like to bounce balls on their heads.",alex.png,alex_ball.png,orange8.png,green.png,Drew,zazzo,group,1,1,16520,2026-07-22T16:25:17.248Z,Younger,-1.9764120836883619,-1.0,1.0,1.0,1,5.147159479808351,DOB
TT047_1784737183530,,Grant,5,A,B,A,hmm1_boss,hmm2_close,boss_close,hmm1_boss,boss,hmm,group,individual,True,individual,group,Whisper_Hmm_1_b,Jordan,whisper,Skyler,flurp,Reese,zazzo,"Hmm, Jordan must like to whisper when they talk.","Hmm, Wugs must like to whisper when they talk.",jordan.png,jordan_whisper.png,orange10.png,green.png,Reese,zazzo,group,1,1,18079,2026-07-22T16:26:12.414Z,Younger,-1.9764120836883619,-1.0,1.0,1.0,1,5.147159479808351,DOB
TT047_1784737183530,,Grant,5,A,B,A,hmm1_boss,hmm2_close,boss_close,hmm1_boss,boss,hmm,group,individual,False,group,individual,Flowers_Hmm_1_b,Riley,flowers,Ash,flurp,Charlie,zazzo,"Hmm, Wugs must like to eat flowers.","Hmm, Riley must like to eat flowers.",riley.png,riley_flowers.png,orange14.png,green2.png,Charlie,zazzo,individual,2,0,14487,2026-07-22T16:26:58.660Z,Younger,-1.9764120836883619,-1.0,1.0,1.0,0,5.147159479808351,DOB
TT047_1784737183530,,Grant,5,B,B,A,hmm1_boss,hmm2_close,boss_close,hmm2_close,close,hmm,individual,group,True,group,individual,Backwards_Hmm_2,Theo,backwards,Cleo,flurp,Moss,zazzo,"Hmm, Wugs must like to walk backwards.","Hmm, Theo must like to walk backwards.",theo.png,theo_backwards.png,orange9.png,green12.png,Moss,zazzo,individual,2,1,17050,2026-07-22T16:28:25.085Z,Younger,-1.9764120836883619,1.0,1.0,1.0,1,5.147159479808351,DOB
TT047_1784737183530,,Grant,5,B,B,A,hmm1_boss,hmm2_close,boss_close,hmm2_close,close,hmm,individual,group,True,group,individual,Pinecones_Hmm_2,Blake,pinecones,Zara,flurp,Bryn,zazzo,"Hmm, Wugs must like to pile up pinecones into a tall tower.","Hmm, Blake must like to pile up pinecones into a tall tower.",blake.png,blake_pinecones.png,orange6.png,green2.png,Bryn,zazzo,individual,2,1,16896,2026-07-22T16:29:12.611Z,Younger,-1.9764120836883619,1.0,1.0,1.0,1,5.147159479808351,DOB
TT047_1784737183530,,Grant,5,B,B,A,hmm1_boss,hmm2_close,boss_close,hmm2_close,close,hmm,individual,group,False,individual,group,Rocks_Hmm_2,Sam,rocks,Nova,flurp,Finn,zazzo,"Hmm, Sam must like to pick up rocks and put them in their pocket.","Hmm, Wugs must like to pick up rocks and put them in their pocket.",sam.png,sam_rocks.png,orange4.png,green10.png,Finn,zazzo,group,1,0,19379,2026-07-22T16:30:07.819Z,Younger,-1.9764120836883619,1.0,1.0,1.0,0,5.147159479808351,DOB
TT047_1784737183530,,Grant,5,B,B,A,hmm1_boss,hmm2_close,boss_close,hmm2_close,close,hmm,individual,group,False,individual,group,Plants_Hmm_2,Sage,plants,Juno,flurp,Reed,zazzo,"Hmm, Sage must like to talk to plants.","Hmm, Wugs must like to talk to plants.",sage.png,sage_plants.png,orange14.png,green6.png,Reed,zazzo,group,1,0,14606,2026-07-22T16:30:48.803Z,Younger,-1.9764120836883619,1.0,1.0,1.0,0,5.147159479808351,DOB
TT047_1784737183530,,Grant,5,B,B,A,hmm1_boss,hmm2_close,boss_close,hmm2_close,close,hmm,individual,group,False,individual,group,Spinning_Hmm_2,Wren,spinning,Lumi,flurp,Flint,zazzo,"Hmm, Wren must like to spin around before sitting down.","Hmm, Wugs must like to spin around before sitting down.",wren.png,wren_spinning.png,orange4.png,green2.png,Flint,zazzo,group,1,0,16884,2026-07-22T16:31:38.649Z,Younger,-1.9764120836883619,1.0,1.0,1.0,0,5.147159479808351,DOB
TT047_1784737183530,,Grant,5,B,B,A,hmm1_boss,hmm2_close,boss_close,hmm2_close,close,hmm,individual,group,True,group,individual,Sniffing_Hmm_2,Arlo,sniffing,Cora,flurp,Beau,zazzo,"Hmm, Wugs must like to sniff things before touching them.","Hmm, Arlo must like to sniff things before touching them.",arlo.png,arlo_sniffing.png,orange4.png,green2.png,Beau,zazzo,individual,2,1,14571,2026-07-22T16:32:19.007Z,Younger,-1.9764120836883619,1.0,1.0,1.0,1,5.147159479808351,DOB
TT048_1783098256675,,juliana,7,A,A,B,hmm1_boss,yes2_close,close_boss,yes2_close,close,yes,individual,group,False,individual,group,Climb_Yes_2,Taylor,walls,Finley,flurp,Robin,zazzo,"Yes, Taylor likes to climb tall buildings.","Yes, Wugs like to climb tall buildings.",taylor.png,taylor_walls.png,orange3.png,green10.png,Finley,flurp,individual,2,1,15383,2026-07-03T17:06:35.349Z,Older,1.0571265884540058,1.0,-1.0,-1.0,1,8.180698151950718,DOB
TT048_1783098256675,,juliana,7,A,A,B,hmm1_boss,yes2_close,close_boss,yes2_close,close,yes,individual,group,True,group,individual,Flowers_Yes_2,Riley,flowers,Ash,flurp,Charlie,zazzo,"Yes, Wugs like to eat flowers.","Yes, Riley likes to eat flowers.",riley.png,riley_flowers.png,orange8.png,green12.png,Charlie,zazzo,individual,2,1,10221,2026-07-03T17:07:15.213Z,Older,1.0571265884540058,1.0,-1.0,-1.0,1,8.180698151950718,DOB
TT048_1783098256675,,juliana,7,A,A,B,hmm1_boss,yes2_close,close_boss,yes2_close,close,yes,individual,group,True,group,individual,Ball_Yes_2,Alex,balls,Quinn,flurp,Drew,zazzo,"Yes, Wugs like to bounce balls on their heads.","Yes, Alex likes to bounce balls on their heads.",alex.png,alex_ball.png,orange4.png,green9.png,Quinn,flurp,group,1,0,10678,2026-07-03T17:07:57.618Z,Older,1.0571265884540058,1.0,-1.0,-1.0,0,8.180698151950718,DOB
TT048_1783098256675,,juliana,7,A,A,B,hmm1_boss,yes2_close,close_boss,yes2_close,close,yes,individual,group,False,individual,group,Night_Yes_2,Casey,night,River,flurp,Morgan,zazzo,"Yes, Casey likes to stay up in the middle of the night.","Yes, Wugs like to stay up in the middle of the night.",casey.png,casey_night.png,orange4.png,green9.png,River,flurp,individual,2,1,10992,2026-07-03T17:08:23.208Z,Older,1.0571265884540058,1.0,-1.0,-1.0,1,8.180698151950718,DOB
TT048_1783098256675,,juliana,7,A,A,B,hmm1_boss,yes2_close,close_boss,yes2_close,close,yes,individual,group,False,individual,group,Whisper_Yes_2,Jordan,whisper,Skyler,flurp,Reese,zazzo,"Yes, Jordan likes to whisper when they talk.","Yes, Wugs like to whisper when they talk.",jordan.png,jordan_whisper.png,orange11.png,green6.png,Skyler,flurp,individual,2,1,11233,2026-07-03T17:08:45.645Z,Older,1.0571265884540058,1.0,-1.0,-1.0,1,8.180698151950718,DOB
TT048_1783098256675,,juliana,7,A,A,B,hmm1_boss,yes2_close,close_boss,yes2_close,close,yes,individual,group,True,group,individual,Bugs_Yes_2,Rowan,bugs,Emery,flurp,Jules,zazzo,"Yes, Wugs like to play with bugs.","Yes, Rowan likes to play with bugs.",rowan.png,rowan_bugs.png,orange9.png,green2.png,Jules,zazzo,individual,2,1,9207,2026-07-03T17:09:04.335Z,Older,1.0571265884540058,1.0,-1.0,-1.0,1,8.180698151950718,DOB
TT048_1783098256675,,juliana,7,B,A,B,hmm1_boss,yes2_close,close_boss,hmm1_boss,boss,hmm,group,individual,True,individual,group,Backwards_Hmm_1_b,Theo,backwards,Cleo,flurp,Moss,zazzo,"Hmm, Theo must like to walk backwards.","Hmm, Wugs must like to walk backwards.",theo.png,theo_backwards.png,orange3.png,green10.png,Cleo,flurp,individual,2,0,22214,2026-07-03T17:10:25.610Z,Older,1.0571265884540058,-1.0,1.0,-1.0,0,8.180698151950718,DOB
TT048_1783098256675,,juliana,7,B,A,B,hmm1_boss,yes2_close,close_boss,hmm1_boss,boss,hmm,group,individual,False,group,individual,Spinning_Hmm_1_b,Wren,spinning,Lumi,flurp,Flint,zazzo,"Hmm, Wugs must like to spin around before sitting down.","Hmm, Wren must like to spin around before sitting down.",wren.png,wren_spinning.png,orange6.png,green.png,Flint,zazzo,individual,2,0,11296,2026-07-03T17:10:47.118Z,Older,1.0571265884540058,-1.0,1.0,-1.0,0,8.180698151950718,DOB
TT048_1783098256675,,juliana,7,B,A,B,hmm1_boss,yes2_close,close_boss,hmm1_boss,boss,hmm,group,individual,True,individual,group,Plants_Hmm_1_b,Sage,plants,Juno,flurp,Reed,zazzo,"Hmm, Sage must like to talk to plants.","Hmm, Wugs must like to talk to plants.",sage.png,sage_plants.png,orange7.png,green9.png,Juno,flurp,individual,2,0,9087,2026-07-03T17:11:05.508Z,Older,1.0571265884540058,-1.0,1.0,-1.0,0,8.180698151950718,DOB
TT048_1783098256675,,juliana,7,B,A,B,hmm1_boss,yes2_close,close_boss,hmm1_boss,boss,hmm,group,individual,True,individual,group,Rocks_Hmm_1_b,Sam,rocks,Nova,flurp,Finn,zazzo,"Hmm, Sam must like to pick up rocks and put them in their pocket.","Hmm, Wugs must like to pick up rocks and put them in their pocket.",sam.png,sam_rocks.png,orange6.png,green2.png,Nova,flurp,individual,2,0,12863,2026-07-03T17:11:26.585Z,Older,1.0571265884540058,-1.0,1.0,-1.0,0,8.180698151950718,DOB
TT048_1783098256675,,juliana,7,B,A,B,hmm1_boss,yes2_close,close_boss,hmm1_boss,boss,hmm,group,individual,False,group,individual,Sniffing_Hmm_1_b,Arlo,sniffing,Cora,flurp,Beau,zazzo,"Hmm, Wugs must like to sniff things before touching them.","Hmm, Arlo must like to sniff things before touching them.",arlo.png,arlo_sniffing.png,orange11.png,green12.png,Beau,zazzo,individual,2,0,11501,2026-07-03T17:11:51.406Z,Older,1.0571265884540058,-1.0,1.0,-1.0,0,8.180698151950718,DOB
TT048_1783098256675,,juliana,7,B,A,B,hmm1_boss,yes2_close,close_boss,hmm1_boss,boss,hmm,group,individual,False,group,individual,Pinecones_Hmm_1_b,Blake,pinecones,Zara,flurp,Bryn,zazzo,"Hmm, Wugs must like to pile up pinecones into a tall tower.","Hmm, Blake must like to pile up pinecones into a tall tower.",blake.png,blake_pinecones.png,orange14.png,green10.png,Bryn,zazzo,individual,2,0,11022,2026-07-03T17:12:08.336Z,Older,1.0571265884540058,-1.0,1.0,-1.0,0,8.180698151950718,DOB
TT048_1783376664157,,aariv,6,B,B,A,hmm1_boss,yes2_close,close_boss,yes2_close,close,yes,individual,group,False,individual,group,Spinning_Yes_2,Wren,spinning,Lumi,flurp,Flint,zazzo,"Yes, Wren likes to spin around before sitting down.","Yes, Wugs like to spin around before sitting down.",wren.png,wren_spinning.png,orange6.png,green7.png,Lumi,flurp,individual,2,1,23886,2026-07-06T22:30:46.868Z,Younger,-0.7142628708204635,1.0,-1.0,1.0,1,6.409308692676249,DOB
TT048_1783376664157,,aariv,6,B,B,A,hmm1_boss,yes2_close,close_boss,yes2_close,close,yes,individual,group,True,group,individual,Rocks_Yes_2,Sam,rocks,Nova,flurp,Finn,zazzo,"Yes, Wugs like to pick up rocks and put them in their pocket.","Yes, Sam likes to pick up rocks and put them in their pocket.",sam.png,sam_rocks.png,orange3.png,green2.png,Nova,flurp,group,1,0,21941,2026-07-06T22:31:43.485Z,Younger,-0.7142628708204635,1.0,-1.0,1.0,0,6.409308692676249,DOB
TT048_1783376664157,,aariv,6,B,B,A,hmm1_boss,yes2_close,close_boss,yes2_close,close,yes,individual,group,False,individual,group,Plants_Yes_2,Sage,plants,Juno,flurp,Reed,zazzo,"Yes, Sage likes to talk to plants.","Yes, Wugs like to talk to plants.",sage.png,sage_plants.png,orange8.png,green1.png,Reed,zazzo,group,1,0,17159,2026-07-06T22:32:43.100Z,Younger,-0.7142628708204635,1.0,-1.0,1.0,0,6.409308692676249,DOB
TT048_1783376664157,,aariv,6,B,B,A,hmm1_boss,yes2_close,close_boss,yes2_close,close,yes,individual,group,True,group,individual,Backwards_Yes_2,Theo,backwards,Cleo,flurp,Moss,zazzo,"Yes, Wugs like to walk backwards.","Yes, Theo likes to walk backwards.",theo.png,theo_backwards.png,orange9.png,green12.png,Moss,zazzo,individual,2,1,24141,2026-07-06T22:33:42.193Z,Younger,-0.7142628708204635,1.0,-1.0,1.0,1,6.409308692676249,DOB
TT048_1783376664157,,aariv,6,B,B,A,hmm1_boss,yes2_close,close_boss,yes2_close,close,yes,individual,group,False,individual,group,Pinecones_Yes_2,Blake,pinecones,Zara,flurp,Bryn,zazzo,"Yes, Blake likes to pile up pinecones into a tall tower.","Yes, Wugs like to pile up pinecones into a tall tower.",blake.png,blake_pinecones.png,orange2.png,green6.png,Zara,flurp,individual,2,1,23189,2026-07-06T22:34:50.647Z,Younger,-0.7142628708204635,1.0,-1.0,1.0,1,6.409308692676249,DOB
TT048_1783376664157,,aariv,6,B,B,A,hmm1_boss,yes2_close,close_boss,yes2_close,close,yes,individual,group,False,individual,group,Sniffing_Yes_2,Arlo,sniffing,Cora,flurp,Beau,zazzo,"Yes, Arlo likes to sniff things before touching them.","Yes, Wugs like to sniff things before touching them.",arlo.png,arlo_sniffing.png,orange2.png,green12.png,Cora,flurp,individual,2,1,25552,2026-07-06T22:35:54.530Z,Younger,-0.7142628708204635,1.0,-1.0,1.0,1,6.409308692676249,DOB
TT048_1783376664157,,aariv,6,A,B,A,hmm1_boss,yes2_close,close_boss,hmm1_boss,boss,hmm,group,individual,False,group,individual,Whisper_Hmm_1_b,Jordan,whisper,Skyler,flurp,Reese,zazzo,"Hmm, Wugs must like to whisper when they talk.","Hmm, Jordan must like to whisper when they talk.",jordan.png,jordan_whisper.png,orange10.png,green10.png,Reese,zazzo,individual,2,0,19321,2026-07-06T22:37:30.413Z,Younger,-0.7142628708204635,-1.0,1.0,1.0,0,6.409308692676249,DOB
TT048_1783376664157,,aariv,6,A,B,A,hmm1_boss,yes2_close,close_boss,hmm1_boss,boss,hmm,group,individual,False,group,individual,Night_Hmm_1_b,Casey,night,River,flurp,Morgan,zazzo,"Hmm, Wugs must like to stay up in the middle of the night.","Hmm, Casey must like to stay up in the middle of the night.",casey.png,casey_night.png,orange15.png,green11.png,Morgan,zazzo,individual,2,0,32268,2026-07-06T22:38:37.461Z,Younger,-0.7142628708204635,-1.0,1.0,1.0,0,6.409308692676249,DOB
TT048_1783376664157,,aariv,6,A,B,A,hmm1_boss,yes2_close,close_boss,hmm1_boss,boss,hmm,group,individual,False,group,individual,Bugs_Hmm_1_b,Rowan,bugs,Emery,flurp,Jules,zazzo,"Hmm, Wugs must like to play with bugs.","Hmm, Rowan must like to play with bugs.",rowan.png,rowan_bugs.png,orange4.png,green1.png,Emery,flurp,group,1,1,29283,2026-07-06T22:39:45.920Z,Younger,-0.7142628708204635,-1.0,1.0,1.0,1,6.409308692676249,DOB
TT048_1783376664157,,aariv,6,A,B,A,hmm1_boss,yes2_close,close_boss,hmm1_boss,boss,hmm,group,individual,False,group,individual,Balls_Hmm_1_b,Alex,balls,Quinn,flurp,Drew,zazzo,"Hmm, Wugs must like to bounce balls on their heads.","Hmm, Alex must like to bounce balls on their heads.",alex.png,alex_ball.png,orange4.png,green9.png,Drew,zazzo,individual,2,0,14959,2026-07-06T22:40:36.706Z,Younger,-0.7142628708204635,-1.0,1.0,1.0,0,6.409308692676249,DOB
TT048_1783376664157,,aariv,6,A,B,A,hmm1_boss,yes2_close,close_boss,hmm1_boss,boss,hmm,group,individual,False,group,individual,Walls_Hmm_1_b,Taylor,walls,Finley,flurp,Robin,zazzo,"Hmm, Wugs must like to climb tall buildings.","Hmm, Taylor must like to climb tall buildings.",taylor.png,taylor_walls.png,orange11.png,green10.png,Robin,zazzo,individual,2,0,33638,2026-07-06T22:41:52.241Z,Younger,-0.7142628708204635,-1.0,1.0,1.0,0,6.409308692676249,DOB
TT048_1783376664157,,aariv,6,A,B,A,hmm1_boss,yes2_close,close_boss,hmm1_boss,boss,hmm,group,individual,False,group,individual,Flowers_Hmm_1_b,Riley,flowers,Ash,flurp,Charlie,zazzo,"Hmm, Wugs must like to eat flowers.","Hmm, Riley must like to eat flowers.",riley.png,riley_flowers.png,orange11.png,green2.png,Charlie,zazzo,individual,2,0,19813,2026-07-06T22:42:44.808Z,Younger,-0.7142628708204635,-1.0,1.0,1.0,0,6.409308692676249,DOB
TT048_1784160342959,,ava,7,A,B,A,hmm1_boss,hmm1_close,boss_close,hmm1_boss,boss,hmm,group,individual,False,group,individual,Bugs_Hmm_1_b,Rowan,bugs,Emery,flurp,Jules,zazzo,"Hmm, Wugs must like to play with bugs.","Hmm, Rowan must like to play with bugs.",rowan.png,rowan_bugs.png,orange8.png,green7.png,Emery,flurp,group,1,1,26607,2026-07-16T00:09:39.321Z,Older,0.20017929208165874,-1.0,1.0,-1.0,1,7.323750855578371,DOB
TT048_1784160342959,,ava,7,A,B,A,hmm1_boss,hmm1_close,boss_close,hmm1_boss,boss,hmm,group,individual,True,individual,group,Whisper_Hmm_1_b,Jordan,whisper,Skyler,flurp,Reese,zazzo,"Hmm, Jordan must like to whisper when they talk.","Hmm, Wugs must like to whisper when they talk.",jordan.png,jordan_whisper.png,orange13.png,green9.png,Skyler,flurp,individual,2,0,24660,2026-07-16T00:10:33.701Z,Older,0.20017929208165874,-1.0,1.0,-1.0,0,7.323750855578371,DOB
TT048_1784160342959,,ava,7,A,B,A,hmm1_boss,hmm1_close,boss_close,hmm1_boss,boss,hmm,group,individual,True,individual,group,Flowers_Hmm_1_b,Riley,flowers,Ash,flurp,Charlie,zazzo,"Hmm, Riley must like to eat flowers.","Hmm, Wugs must like to eat flowers.",riley.png,riley_flowers.png,orange4.png,green7.png,Charlie,zazzo,group,1,1,29454,2026-07-16T00:11:38.565Z,Older,0.20017929208165874,-1.0,1.0,-1.0,1,7.323750855578371,DOB
TT048_1784160342959,,ava,7,A,B,A,hmm1_boss,hmm1_close,boss_close,hmm1_boss,boss,hmm,group,individual,False,group,individual,Balls_Hmm_1_b,Alex,balls,Quinn,flurp,Drew,zazzo,"Hmm, Wugs must like to bounce balls on their heads.","Hmm, Alex must like to bounce balls on their heads.",alex.png,alex_ball.png,orange6.png,green12.png,Quinn,flurp,group,1,1,14430,2026-07-16T00:12:26.195Z,Older,0.20017929208165874,-1.0,1.0,-1.0,1,7.323750855578371,DOB
TT048_1784160342959,,ava,7,A,B,A,hmm1_boss,hmm1_close,boss_close,hmm1_boss,boss,hmm,group,individual,False,group,individual,Walls_Hmm_1_b,Taylor,walls,Finley,flurp,Robin,zazzo,"Hmm, Wugs must like to climb tall buildings.","Hmm, Taylor must like to climb tall buildings.",taylor.png,taylor_walls.png,orange9.png,green2.png,Robin,zazzo,individual,2,0,17392,2026-07-16T00:13:25.053Z,Older,0.20017929208165874,-1.0,1.0,-1.0,0,7.323750855578371,DOB
TT048_1784160342959,,ava,7,A,B,A,hmm1_boss,hmm1_close,boss_close,hmm1_boss,boss,hmm,group,individual,False,group,individual,Night_Hmm_1_b,Casey,night,River,flurp,Morgan,zazzo,"Hmm, Wugs must like to stay up in the middle of the night.","Hmm, Casey must like to stay up in the middle of the night.",casey.png,casey_night.png,orange13.png,green9.png,Morgan,zazzo,individual,2,0,22926,2026-07-16T00:14:23.940Z,Older,0.20017929208165874,-1.0,1.0,-1.0,0,7.323750855578371,DOB
TT048_1784160342959,,ava,7,B,B,A,hmm1_boss,hmm1_close,boss_close,hmm1_close,close,hmm,group,individual,False,group,individual,Rocks_Hmm_1,Sam,rocks,Nova,flurp,Finn,zazzo,"Hmm, Wugs must like to pick up rocks and put them in their pocket.","Hmm, Sam must like to pick up rocks and put them in their pocket.",sam.png,sam_rocks.png,orange6.png,green12.png,Nova,flurp,group,1,0,16470,2026-07-16T00:15:43.639Z,Older,0.20017929208165874,1.0,1.0,-1.0,0,7.323750855578371,DOB
TT048_1784160342959,,ava,7,B,B,A,hmm1_boss,hmm1_close,boss_close,hmm1_close,close,hmm,group,individual,False,group,individual,Spinning_Hmm_1,Wren,spinning,Lumi,flurp,Flint,zazzo,"Hmm, Wugs must like to spin around before sitting down.","Hmm, Wren must like to spin around before sitting down.",wren.png,wren_spinning.png,orange6.png,green7.png,Flint,zazzo,individual,2,1,32412,2026-07-16T00:16:53.118Z,Older,0.20017929208165874,1.0,1.0,-1.0,1,7.323750855578371,DOB
TT048_1784160342959,,ava,7,B,B,A,hmm1_boss,hmm1_close,boss_close,hmm1_close,close,hmm,group,individual,True,individual,group,Backwards_Hmm_1,Theo,backwards,Cleo,flurp,Moss,zazzo,"Hmm, Theo must like to walk backwards.","Hmm, Wugs must like to walk backwards.",theo.png,theo_backwards.png,orange14.png,green9.png,Cleo,flurp,individual,2,1,12853,2026-07-16T00:17:50.129Z,Older,0.20017929208165874,1.0,1.0,-1.0,1,7.323750855578371,DOB
TT048_1784160342959,,ava,7,B,B,A,hmm1_boss,hmm1_close,boss_close,hmm1_close,close,hmm,group,individual,False,group,individual,Plants_Hmm_1,Sage,plants,Juno,flurp,Reed,zazzo,"Hmm, Wugs must like to talk to plants.","Hmm, Sage must like to talk to plants.",sage.png,sage_plants.png,orange14.png,green10.png,Reed,zazzo,individual,2,1,12623,2026-07-16T00:18:18.667Z,Older,0.20017929208165874,1.0,1.0,-1.0,1,7.323750855578371,DOB
TT048_1784160342959,,ava,7,B,B,A,hmm1_boss,hmm1_close,boss_close,hmm1_close,close,hmm,group,individual,True,individual,group,Sniffing_Hmm_1,Arlo,sniffing,Cora,flurp,Beau,zazzo,"Hmm, Arlo must like to sniff things before touching them.","Hmm, Wugs must like to sniff things before touching them.",arlo.png,arlo_sniffing.png,orange4.png,green.png,Beau,zazzo,group,1,0,13428,2026-07-16T00:19:10.948Z,Older,0.20017929208165874,1.0,1.0,-1.0,0,7.323750855578371,DOB
TT048_1784160342959,,ava,7,B,B,A,hmm1_boss,hmm1_close,boss_close,hmm1_close,close,hmm,group,individual,True,individual,group,Pinecones_Hmm_1,Blake,pinecones,Zara,flurp,Bryn,zazzo,"Hmm, Blake must like to pile up pinecones into a tall tower.","Hmm, Wugs must like to pile up pinecones into a tall tower.",blake.png,blake_pinecones.png,orange14.png,green11.png,Bryn,zazzo,group,1,0,15037,2026-07-16T00:19:57.644Z,Older,0.20017929208165874,1.0,1.0,-1.0,0,7.323750855578371,DOB
TT048_1784396357246,,Kelsey,6,B,B,A,hmm1_boss,yes1_close,close_boss,yes1_close,close,yes,group,individual,True,individual,group,Sniffing_Yes_1,Arlo,sniffing,Cora,flurp,Beau,zazzo,"Yes, Arlo likes to sniff things before touching them.","Yes, Wugs like to sniff things before touching them.",arlo.png,arlo_sniffing.png,orange3.png,green12.png,Cora,flurp,individual,2,1,37591,2026-07-18T17:46:05.374Z,Younger,-0.7991362452215585,1.0,-1.0,1.0,1,6.324435318275154,DOB
TT048_1784396357246,,Kelsey,6,B,B,A,hmm1_boss,yes1_close,close_boss,yes1_close,close,yes,group,individual,True,individual,group,Plants_Yes_1,Sage,plants,Juno,flurp,Reed,zazzo,"Yes, Sage likes to talk to plants.","Yes, Wugs like to talk to plants.",sage.png,sage_plants.png,orange3.png,green1.png,Juno,flurp,individual,2,1,31973,2026-07-18T17:47:41.034Z,Younger,-0.7991362452215585,1.0,-1.0,1.0,1,6.324435318275154,DOB
TT048_1784396357246,,Kelsey,6,B,B,A,hmm1_boss,yes1_close,close_boss,yes1_close,close,yes,group,individual,True,individual,group,Spinning_Yes_1,Wren,spinning,Lumi,flurp,Flint,zazzo,"Yes, Wren likes to spin around before sitting down.","Yes, Wugs like to spin around before sitting down.",wren.png,wren_spinning.png,orange4.png,green.png,Flint,zazzo,group,1,0,26682,2026-07-18T17:48:59.568Z,Younger,-0.7991362452215585,1.0,-1.0,1.0,0,6.324435318275154,DOB
TT048_1784396357246,,Kelsey,6,B,B,A,hmm1_boss,yes1_close,close_boss,yes1_close,close,yes,group,individual,False,group,individual,Backwards_Yes_1,Theo,backwards,Cleo,flurp,Moss,zazzo,"Yes, Wugs like to walk backwards.","Yes, Theo likes to walk backwards.",theo.png,theo_backwards.png,orange15.png,green10.png,Moss,zazzo,individual,2,1,14871,2026-07-18T17:49:48.833Z,Younger,-0.7991362452215585,1.0,-1.0,1.0,1,6.324435318275154,DOB
TT048_1784396357246,,Kelsey,6,B,B,A,hmm1_boss,yes1_close,close_boss,yes1_close,close,yes,group,individual,False,group,individual,Pinecones_Yes_1,Blake,pinecones,Zara,flurp,Bryn,zazzo,"Yes, Wugs like to pile up pinecones into a tall tower.","Yes, Blake likes to pile up pinecones into a tall tower.",blake.png,blake_pinecones.png,orange13.png,green1.png,Bryn,zazzo,individual,2,1,28465,2026-07-18T17:51:05.502Z,Younger,-0.7991362452215585,1.0,-1.0,1.0,1,6.324435318275154,DOB
TT048_1784396357246,,Kelsey,6,B,B,A,hmm1_boss,yes1_close,close_boss,yes1_close,close,yes,group,individual,False,group,individual,Rocks_Yes_1,Sam,rocks,Nova,flurp,Finn,zazzo,"Yes, Wugs like to pick up rocks and put them in their pocket.","Yes, Sam likes to pick up rocks and put them in their pocket.",sam.png,sam_rocks.png,orange11.png,green11.png,Nova,flurp,group,1,0,13335,2026-07-18T17:51:50.809Z,Younger,-0.7991362452215585,1.0,-1.0,1.0,0,6.324435318275154,DOB
TT048_1784396357246,,Kelsey,6,A,B,A,hmm1_boss,yes1_close,close_boss,hmm1_boss,boss,hmm,group,individual,False,group,individual,Night_Hmm_1_b,Casey,night,River,flurp,Morgan,zazzo,"Hmm, Wugs must like to stay up in the middle of the night.","Hmm, Casey must like to stay up in the middle of the night.",casey.png,casey_night.png,orange15.png,green11.png,River,flurp,group,1,1,24005,2026-07-18T17:53:42.758Z,Younger,-0.7991362452215585,-1.0,1.0,1.0,1,6.324435318275154,DOB
TT048_1784396357246,,Kelsey,6,A,B,A,hmm1_boss,yes1_close,close_boss,hmm1_boss,boss,hmm,group,individual,True,individual,group,Whisper_Hmm_1_b,Jordan,whisper,Skyler,flurp,Reese,zazzo,"Hmm, Jordan must like to whisper when they talk.","Hmm, Wugs must like to whisper when they talk.",jordan.png,jordan_whisper.png,orange15.png,green7.png,Reese,zazzo,group,1,1,32222,2026-07-18T17:55:11.373Z,Younger,-0.7991362452215585,-1.0,1.0,1.0,1,6.324435318275154,DOB
TT048_1784396357246,,Kelsey,6,A,B,A,hmm1_boss,yes1_close,close_boss,hmm1_boss,boss,hmm,group,individual,False,group,individual,Flowers_Hmm_1_b,Riley,flowers,Ash,flurp,Charlie,zazzo,"Hmm, Wugs must like to eat flowers.","Hmm, Riley must like to eat flowers.",riley.png,riley_flowers.png,orange8.png,green9.png,Ash,flurp,group,1,1,19038,2026-07-18T17:56:58.453Z,Younger,-0.7991362452215585,-1.0,1.0,1.0,1,6.324435318275154,DOB
TT048_1784396357246,,Kelsey,6,A,B,A,hmm1_boss,yes1_close,close_boss,hmm1_boss,boss,hmm,group,individual,True,individual,group,Bugs_Hmm_1_b,Rowan,bugs,Emery,flurp,Jules,zazzo,"Hmm, Rowan must like to play with bugs.","Hmm, Wugs must like to play with bugs.",rowan.png,rowan_bugs.png,orange4.png,green1.png,Emery,flurp,individual,2,0,18873,2026-07-18T17:58:03.460Z,Younger,-0.7991362452215585,-1.0,1.0,1.0,0,6.324435318275154,DOB
TT048_1784396357246,,Kelsey,6,A,B,A,hmm1_boss,yes1_close,close_boss,hmm1_boss,boss,hmm,group,individual,True,individual,group,Walls_Hmm_1_b,Taylor,walls,Finley,flurp,Robin,zazzo,"Hmm, Taylor must like to climb tall buildings.","Hmm, Wugs must like to climb tall buildings.",taylor.png,taylor_walls.png,orange4.png,green11.png,Finley,flurp,individual,2,0,22689,2026-07-18T17:59:07.059Z,Younger,-0.7991362452215585,-1.0,1.0,1.0,0,6.324435318275154,DOB
TT048_1784396357246,,Kelsey,6,A,B,A,hmm1_boss,yes1_close,close_boss,hmm1_boss,boss,hmm,group,individual,True,individual,group,Balls_Hmm_1_b,Alex,balls,Quinn,flurp,Drew,zazzo,"Hmm, Alex must like to bounce balls on their heads.","Hmm, Wugs must like to bounce balls on their heads.",alex.png,alex_ball.png,orange6.png,green1.png,Drew,zazzo,group,1,1,13316,2026-07-18T18:00:11.249Z,Younger,-0.7991362452215585,-1.0,1.0,1.0,1,6.324435318275154,DOB
TT049_1782164415760,,sofia,6,A,B,A,hmm1_boss,hmm2_close,boss_close,hmm1_boss,boss,hmm,group,individual,False,group,individual,Night_Hmm_1_b,Casey,night,River,flurp,Morgan,zazzo,"Hmm, Wugs must like to stay up in the middle of the night.","Hmm, Casey must like to stay up in the middle of the night.",casey.png,casey_night.png,orange7.png,green9.png,River,flurp,group,1,1,22817,2026-06-22T21:42:44.057Z,Younger,-1.0564942192119764,-1.0,1.0,1.0,1,6.067077344284736,DOB
TT049_1782164415760,,sofia,6,A,B,A,hmm1_boss,hmm2_close,boss_close,hmm1_boss,boss,hmm,group,individual,False,group,individual,Bugs_Hmm_1_b,Rowan,bugs,Emery,flurp,Jules,zazzo,"Hmm, Wugs must like to play with bugs.","Hmm, Rowan must like to play with bugs.",rowan.png,rowan_bugs.png,orange7.png,green.png,Emery,flurp,group,1,1,15966,2026-06-22T21:43:27.623Z,Younger,-1.0564942192119764,-1.0,1.0,1.0,1,6.067077344284736,DOB
TT049_1782164415760,,sofia,6,A,B,A,hmm1_boss,hmm2_close,boss_close,hmm1_boss,boss,hmm,group,individual,True,individual,group,Balls_Hmm_1_b,Alex,balls,Quinn,flurp,Drew,zazzo,"Hmm, Alex must like to bounce balls on their heads.","Hmm, Wugs must like to bounce balls on their heads.",alex.png,alex_ball.png,orange11.png,green2.png,Quinn,flurp,individual,2,0,18283,2026-06-22T21:44:28.506Z,Younger,-1.0564942192119764,-1.0,1.0,1.0,0,6.067077344284736,DOB
TT049_1782164415760,,sofia,6,A,B,A,hmm1_boss,hmm2_close,boss_close,hmm1_boss,boss,hmm,group,individual,True,individual,group,Whisper_Hmm_1_b,Jordan,whisper,Skyler,flurp,Reese,zazzo,"Hmm, Jordan must like to whisper when they talk.","Hmm, Wugs must like to whisper when they talk.",jordan.png,jordan_whisper.png,orange3.png,green11.png,Skyler,flurp,individual,2,0,16156,2026-06-22T21:45:16.105Z,Younger,-1.0564942192119764,-1.0,1.0,1.0,0,6.067077344284736,DOB
TT049_1782164415760,,sofia,6,A,B,A,hmm1_boss,hmm2_close,boss_close,hmm1_boss,boss,hmm,group,individual,True,individual,group,Flowers_Hmm_1_b,Riley,flowers,Ash,flurp,Charlie,zazzo,"Hmm, Riley must like to eat flowers.","Hmm, Wugs must like to eat flowers.",riley.png,riley_flowers.png,orange2.png,green11.png,Ash,flurp,individual,2,0,14967,2026-06-22T21:46:09.809Z,Younger,-1.0564942192119764,-1.0,1.0,1.0,0,6.067077344284736,DOB
TT049_1782164415760,,sofia,6,A,B,A,hmm1_boss,hmm2_close,boss_close,hmm1_boss,boss,hmm,group,individual,False,group,individual,Walls_Hmm_1_b,Taylor,walls,Finley,flurp,Robin,zazzo,"Hmm, Wugs must like to climb tall buildings.","Hmm, Taylor must like to climb tall buildings.",taylor.png,taylor_walls.png,orange15.png,green7.png,Finley,flurp,group,1,1,14617,2026-06-22T21:46:51.609Z,Younger,-1.0564942192119764,-1.0,1.0,1.0,1,6.067077344284736,DOB
TT049_1782164415760,,sofia,6,B,B,A,hmm1_boss,hmm2_close,boss_close,hmm2_close,close,hmm,individual,group,True,group,individual,Backwards_Hmm_2,Theo,backwards,Cleo,flurp,Moss,zazzo,"Hmm, Wugs must like to walk backwards.","Hmm, Theo must like to walk backwards.",theo.png,theo_backwards.png,orange7.png,green10.png,Cleo,flurp,group,1,0,11733,2026-06-22T21:48:17.976Z,Younger,-1.0564942192119764,1.0,1.0,1.0,0,6.067077344284736,DOB
TT049_1782164415760,,sofia,6,B,B,A,hmm1_boss,hmm2_close,boss_close,hmm2_close,close,hmm,individual,group,True,group,individual,Rocks_Hmm_2,Sam,rocks,Nova,flurp,Finn,zazzo,"Hmm, Wugs must like to pick up rocks and put them in their pocket.","Hmm, Sam must like to pick up rocks and put them in their pocket.",sam.png,sam_rocks.png,orange2.png,green11.png,Nova,flurp,group,1,0,25150,2026-06-22T21:49:10.909Z,Younger,-1.0564942192119764,1.0,1.0,1.0,0,6.067077344284736,DOB
TT049_1782164415760,,sofia,6,B,B,A,hmm1_boss,hmm2_close,boss_close,hmm2_close,close,hmm,individual,group,True,group,individual,Plants_Hmm_2,Sage,plants,Juno,flurp,Reed,zazzo,"Hmm, Wugs must like to talk to plants.","Hmm, Sage must like to talk to plants.",sage.png,sage_plants.png,orange2.png,green1.png,Reed,zazzo,individual,2,1,13055,2026-06-22T21:50:01.864Z,Younger,-1.0564942192119764,1.0,1.0,1.0,1,6.067077344284736,DOB
TT049_1782164415760,,sofia,6,B,B,A,hmm1_boss,hmm2_close,boss_close,hmm2_close,close,hmm,individual,group,True,group,individual,Sniffing_Hmm_2,Arlo,sniffing,Cora,flurp,Beau,zazzo,"Hmm, Wugs must like to sniff things before touching them.","Hmm, Arlo must like to sniff things before touching them.",arlo.png,arlo_sniffing.png,orange14.png,green12.png,Cora,flurp,group,1,0,17750,2026-06-22T21:50:45.342Z,Younger,-1.0564942192119764,1.0,1.0,1.0,0,6.067077344284736,DOB
TT049_1782164415760,,sofia,6,B,B,A,hmm1_boss,hmm2_close,boss_close,hmm2_close,close,hmm,individual,group,False,individual,group,Spinning_Hmm_2,Wren,spinning,Lumi,flurp,Flint,zazzo,"Hmm, Wren must like to spin around before sitting down.","Hmm, Wugs must like to spin around before sitting down.",wren.png,wren_spinning.png,orange3.png,green2.png,Lumi,flurp,individual,2,1,24134,2026-06-22T21:51:48.676Z,Younger,-1.0564942192119764,1.0,1.0,1.0,1,6.067077344284736,DOB
TT049_1782164415760,,sofia,6,B,B,A,hmm1_boss,hmm2_close,boss_close,hmm2_close,close,hmm,individual,group,False,individual,group,Pinecones_Hmm_2,Blake,pinecones,Zara,flurp,Bryn,zazzo,"Hmm, Blake must like to pile up pinecones into a tall tower.","Hmm, Wugs must like to pile up pinecones into a tall tower.",blake.png,blake_pinecones.png,orange9.png,green11.png,Zara,flurp,individual,2,1,16550,2026-06-22T21:52:35.742Z,Younger,-1.0564942192119764,1.0,1.0,1.0,1,6.067077344284736,DOB
TT050_1784726863251,,Val,7,A,A,B,hmm1_boss,hmm2_close,close_boss,hmm2_close,close,hmm,individual,group,False,individual,group,Bugs_Hmm_2,Rowan,bugs,Emery,flurp,Jules,zazzo,"Hmm, Rowan must like to play with bugs.","Hmm, Wugs must like to play with bugs.",rowan.png,rowan_bugs.png,orange4.png,green2.png,Emery,flurp,individual,2,1,36807,2026-07-22T13:32:58.036Z,Older,0.3764284365032875,1.0,1.0,-1.0,1,7.5,reported+0.5
TT050_1784726863251,,Val,7,A,A,B,hmm1_boss,hmm2_close,close_boss,hmm2_close,close,hmm,individual,group,True,group,individual,Walls_Hmm_2,Taylor,walls,Finley,flurp,Robin,zazzo,"Hmm, Wugs must like to climb tall buildings.","Hmm, Taylor must like to climb tall buildings.",taylor.png,taylor_walls.png,orange3.png,green7.png,Robin,zazzo,individual,2,1,28920,2026-07-22T13:33:56.289Z,Older,0.3764284365032875,1.0,1.0,-1.0,1,7.5,reported+0.5
TT050_1784726863251,,Val,7,A,A,B,hmm1_boss,hmm2_close,close_boss,hmm2_close,close,hmm,individual,group,True,group,individual,Balls_Hmm_2,Alex,balls,Quinn,flurp,Drew,zazzo,"Hmm, Wugs must like to bounce balls on their heads.","Hmm, Alex must like to bounce balls on their heads.",alex.png,alex_ball.png,orange2.png,green2.png,Drew,zazzo,individual,2,1,26255,2026-07-22T13:35:11.695Z,Older,0.3764284365032875,1.0,1.0,-1.0,1,7.5,reported+0.5
TT050_1784726863251,,Val,7,A,A,B,hmm1_boss,hmm2_close,close_boss,hmm2_close,close,hmm,individual,group,False,individual,group,Night_Hmm_2,Casey,night,River,flurp,Morgan,zazzo,"Hmm, Casey must like to stay up in the middle of the night.","Hmm, Wugs must like to stay up in the middle of the night.",casey.png,casey_night.png,orange9.png,green2.png,River,flurp,individual,2,1,22970,2026-07-22T13:36:21.872Z,Older,0.3764284365032875,1.0,1.0,-1.0,1,7.5,reported+0.5
TT050_1784726863251,,Val,7,A,A,B,hmm1_boss,hmm2_close,close_boss,hmm2_close,close,hmm,individual,group,False,individual,group,Whisper_Hmm_2,Jordan,whisper,Skyler,flurp,Reese,zazzo,"Hmm, Jordan must like to whisper when they talk.","Hmm, Wugs must like to whisper when they talk.",jordan.png,jordan_whisper.png,orange10.png,green11.png,Reese,zazzo,group,1,0,15071,2026-07-22T13:37:15.806Z,Older,0.3764284365032875,1.0,1.0,-1.0,0,7.5,reported+0.5
TT050_1784726863251,,Val,7,A,A,B,hmm1_boss,hmm2_close,close_boss,hmm2_close,close,hmm,individual,group,True,group,individual,Flowers_Hmm_2,Riley,flowers,Ash,flurp,Charlie,zazzo,"Hmm, Wugs must like to eat flowers.","Hmm, Riley must like to eat flowers.",riley.png,riley_flowers.png,orange4.png,green11.png,Ash,flurp,group,1,0,13892,2026-07-22T13:38:02.466Z,Older,0.3764284365032875,1.0,1.0,-1.0,0,7.5,reported+0.5
TT050_1784726863251,,Val,7,B,A,B,hmm1_boss,hmm2_close,close_boss,hmm1_boss,boss,hmm,group,individual,True,individual,group,Backwards_Hmm_1_b,Theo,backwards,Cleo,flurp,Moss,zazzo,"Hmm, Theo must like to walk backwards.","Hmm, Wugs must like to walk backwards.",theo.png,theo_backwards.png,orange13.png,green2.png,Cleo,flurp,individual,2,0,19183,2026-07-22T13:39:34.812Z,Older,0.3764284365032875,-1.0,1.0,-1.0,0,7.5,reported+0.5
TT050_1784726863251,,Val,7,B,A,B,hmm1_boss,hmm2_close,close_boss,hmm1_boss,boss,hmm,group,individual,True,individual,group,Spinning_Hmm_1_b,Wren,spinning,Lumi,flurp,Flint,zazzo,"Hmm, Wren must like to spin around before sitting down.","Hmm, Wugs must like to spin around before sitting down.",wren.png,wren_spinning.png,orange14.png,green10.png,Flint,zazzo,group,1,1,16492,2026-07-22T13:40:08.564Z,Older,0.3764284365032875,-1.0,1.0,-1.0,1,7.5,reported+0.5
TT050_1784726863251,,Val,7,B,A,B,hmm1_boss,hmm2_close,close_boss,hmm1_boss,boss,hmm,group,individual,True,individual,group,Plants_Hmm_1_b,Sage,plants,Juno,flurp,Reed,zazzo,"Hmm, Sage must like to talk to plants.","Hmm, Wugs must like to talk to plants.",sage.png,sage_plants.png,orange15.png,green7.png,Juno,flurp,individual,2,0,14692,2026-07-22T13:40:35.093Z,Older,0.3764284365032875,-1.0,1.0,-1.0,0,7.5,reported+0.5
TT050_1784726863251,,Val,7,B,A,B,hmm1_boss,hmm2_close,close_boss,hmm1_boss,boss,hmm,group,individual,True,individual,group,Sniffing_Hmm_1_b,Arlo,sniffing,Cora,flurp,Beau,zazzo,"Hmm, Arlo must like to sniff things before touching them.","Hmm, Wugs must like to sniff things before touching them.",arlo.png,arlo_sniffing.png,orange2.png,green10.png,Beau,zazzo,group,1,1,19235,2026-07-22T13:41:07.648Z,Older,0.3764284365032875,-1.0,1.0,-1.0,1,7.5,reported+0.5
TT050_1784726863251,,Val,7,B,A,B,hmm1_boss,hmm2_close,close_boss,hmm1_boss,boss,hmm,group,individual,False,group,individual,Rocks_Hmm_1_b,Sam,rocks,Nova,flurp,Finn,zazzo,"Hmm, Wugs must like to pick up rocks and put them in their pocket.","Hmm, Sam must like to pick up rocks and put them in their pocket.",sam.png,sam_rocks.png,orange7.png,green12.png,Nova,flurp,group,1,1,33173,2026-07-22T13:42:05.692Z,Older,0.3764284365032875,-1.0,1.0,-1.0,1,7.5,reported+0.5
TT050_1784726863251,,Val,7,B,A,B,hmm1_boss,hmm2_close,close_boss,hmm1_boss,boss,hmm,group,individual,False,group,individual,Pinecones_Hmm_1_b,Blake,pinecones,Zara,flurp,Bryn,zazzo,"Hmm, Wugs must like to pile up pinecones into a tall tower.","Hmm, Blake must like to pile up pinecones into a tall tower.",blake.png,blake_pinecones.png,orange10.png,green10.png,Bryn,zazzo,individual,2,0,29908,2026-07-22T13:42:52.071Z,Older,0.3764284365032875,-1.0,1.0,-1.0,0,7.5,reported+0.5
TT051_1782682822350,,Phillip,6,B,A,B,hmm1_boss,yes2_close,boss_close,hmm1_boss,boss,hmm,group,individual,True,individual,group,Plants_Hmm_1_b,Sage,plants,Juno,flurp,Reed,zazzo,"Hmm, Sage must like to talk to plants.","Hmm, Wugs must like to talk to plants.",sage.png,sage_plants.png,orange7.png,green12.png,Reed,zazzo,group,1,1,25609,2026-06-28T21:43:06.741Z,Younger,-0.8566311117513328,-1.0,1.0,1.0,1,6.26694045174538,DOB
TT051_1782682822350,,Phillip,6,B,A,B,hmm1_boss,yes2_close,boss_close,hmm1_boss,boss,hmm,group,individual,True,individual,group,Pinecones_Hmm_1_b,Blake,pinecones,Zara,flurp,Bryn,zazzo,"Hmm, Blake must like to pile up pinecones into a tall tower.","Hmm, Wugs must like to pile up pinecones into a tall tower.",blake.png,blake_pinecones.png,orange11.png,green.png,Zara,flurp,individual,2,0,16580,2026-06-28T21:43:51.888Z,Younger,-0.8566311117513328,-1.0,1.0,1.0,0,6.26694045174538,DOB
TT051_1782682822350,,Phillip,6,B,A,B,hmm1_boss,yes2_close,boss_close,hmm1_boss,boss,hmm,group,individual,True,individual,group,Backwards_Hmm_1_b,Theo,backwards,Cleo,flurp,Moss,zazzo,"Hmm, Theo must like to walk backwards.","Hmm, Wugs must like to walk backwards.",theo.png,theo_backwards.png,orange11.png,green7.png,Cleo,flurp,individual,2,0,11243,2026-06-28T21:44:37.009Z,Younger,-0.8566311117513328,-1.0,1.0,1.0,0,6.26694045174538,DOB
TT051_1782682822350,,Phillip,6,B,A,B,hmm1_boss,yes2_close,boss_close,hmm1_boss,boss,hmm,group,individual,True,individual,group,Spinning_Hmm_1_b,Wren,spinning,Lumi,flurp,Flint,zazzo,"Hmm, Wren must like to spin around before sitting down.","Hmm, Wugs must like to spin around before sitting down.",wren.png,wren_spinning.png,orange11.png,green.png,Lumi,flurp,individual,2,0,13953,2026-06-28T21:45:18.340Z,Younger,-0.8566311117513328,-1.0,1.0,1.0,0,6.26694045174538,DOB
TT051_1782682822350,,Phillip,6,B,A,B,hmm1_boss,yes2_close,boss_close,hmm1_boss,boss,hmm,group,individual,True,individual,group,Sniffing_Hmm_1_b,Arlo,sniffing,Cora,flurp,Beau,zazzo,"Hmm, Arlo must like to sniff things before touching them.","Hmm, Wugs must like to sniff things before touching them.",arlo.png,arlo_sniffing.png,orange10.png,green6.png,Cora,flurp,individual,2,0,13086,2026-06-28T21:45:57.070Z,Younger,-0.8566311117513328,-1.0,1.0,1.0,0,6.26694045174538,DOB
TT051_1782682822350,,Phillip,6,B,A,B,hmm1_boss,yes2_close,boss_close,hmm1_boss,boss,hmm,group,individual,False,group,individual,Rocks_Hmm_1_b,Sam,rocks,Nova,flurp,Finn,zazzo,"Hmm, Wugs must like to pick up rocks and put them in their pocket.","Hmm, Sam must like to pick up rocks and put them in their pocket.",sam.png,sam_rocks.png,orange6.png,green12.png,Finn,zazzo,individual,2,0,14336,2026-06-28T21:46:39.470Z,Younger,-0.8566311117513328,-1.0,1.0,1.0,0,6.26694045174538,DOB
TT051_1782682822350,,Phillip,6,A,A,B,hmm1_boss,yes2_close,boss_close,yes2_close,close,yes,individual,group,False,individual,group,Flowers_Yes_2,Riley,flowers,Ash,flurp,Charlie,zazzo,"Yes, Riley likes to eat flowers.","Yes, Wugs like to eat flowers.",riley.png,riley_flowers.png,orange2.png,green6.png,Ash,flurp,individual,2,1,10777,2026-06-28T21:47:50.650Z,Younger,-0.8566311117513328,1.0,-1.0,1.0,1,6.26694045174538,DOB
TT051_1782682822350,,Phillip,6,A,A,B,hmm1_boss,yes2_close,boss_close,yes2_close,close,yes,individual,group,False,individual,group,Whisper_Yes_2,Jordan,whisper,Skyler,flurp,Reese,zazzo,"Yes, Jordan likes to whisper when they talk.","Yes, Wugs like to whisper when they talk.",jordan.png,jordan_whisper.png,orange14.png,green9.png,Skyler,flurp,individual,2,1,10801,2026-06-28T21:48:21.153Z,Younger,-0.8566311117513328,1.0,-1.0,1.0,1,6.26694045174538,DOB
TT051_1782682822350,,Phillip,6,A,A,B,hmm1_boss,yes2_close,boss_close,yes2_close,close,yes,individual,group,True,group,individual,Ball_Yes_2,Alex,balls,Quinn,flurp,Drew,zazzo,"Yes, Wugs like to bounce balls on their heads.","Yes, Alex likes to bounce balls on their heads.",alex.png,alex_ball.png,orange11.png,green11.png,Drew,zazzo,individual,2,1,17661,2026-06-28T21:49:03.932Z,Younger,-0.8566311117513328,1.0,-1.0,1.0,1,6.26694045174538,DOB
TT051_1782682822350,,Phillip,6,A,A,B,hmm1_boss,yes2_close,boss_close,yes2_close,close,yes,individual,group,True,group,individual,Bugs_Yes_2,Rowan,bugs,Emery,flurp,Jules,zazzo,"Yes, Wugs like to play with bugs.","Yes, Rowan likes to play with bugs.",rowan.png,rowan_bugs.png,orange13.png,green12.png,Jules,zazzo,individual,2,1,10391,2026-06-28T21:49:37.570Z,Younger,-0.8566311117513328,1.0,-1.0,1.0,1,6.26694045174538,DOB
TT051_1782682822350,,Phillip,6,A,A,B,hmm1_boss,yes2_close,boss_close,yes2_close,close,yes,individual,group,True,group,individual,Night_Yes_2,Casey,night,River,flurp,Morgan,zazzo,"Yes, Wugs like to stay up in the middle of the night.","Yes, Casey likes to stay up in the middle of the night.",casey.png,casey_night.png,orange15.png,green.png,Morgan,zazzo,individual,2,1,11051,2026-06-28T21:50:19.326Z,Younger,-0.8566311117513328,1.0,-1.0,1.0,1,6.26694045174538,DOB
TT051_1782682822350,,Phillip,6,A,A,B,hmm1_boss,yes2_close,boss_close,yes2_close,close,yes,individual,group,True,group,individual,Climb_Yes_2,Taylor,walls,Finley,flurp,Robin,zazzo,"Yes, Wugs like to climb tall buildings.","Yes, Taylor likes to climb tall buildings.",taylor.png,taylor_walls.png,orange9.png,green.png,Robin,zazzo,individual,2,1,8809,2026-06-28T21:50:53.647Z,Younger,-0.8566311117513328,1.0,-1.0,1.0,1,6.26694045174538,DOB
TT051_1784918286881,,lily,5,B,A,B,hmm1_boss,hmm1_close,boss_close,hmm1_boss,boss,hmm,group,individual,False,group,individual,Sniffing_Hmm_1_b,Arlo,sniffing,Cora,flurp,Beau,zazzo,"Hmm, Wugs must like to sniff things before touching them.","Hmm, Arlo must like to sniff things before touching them.",arlo.png,arlo_sniffing.png,orange9.png,green1.png,Cora,flurp,group,1,1,28607,2026-07-24T18:41:38.084Z,Younger,-1.2262409680141664,-1.0,1.0,1.0,1,5.897330595482546,DOB
TT051_1784918286881,,lily,5,B,A,B,hmm1_boss,hmm1_close,boss_close,hmm1_boss,boss,hmm,group,individual,False,group,individual,Rocks_Hmm_1_b,Sam,rocks,Nova,flurp,Finn,zazzo,"Hmm, Wugs must like to pick up rocks and put them in their pocket.","Hmm, Sam must like to pick up rocks and put them in their pocket.",sam.png,sam_rocks.png,orange6.png,green2.png,Nova,flurp,group,1,1,25247,2026-07-24T18:42:31.284Z,Younger,-1.2262409680141664,-1.0,1.0,1.0,1,5.897330595482546,DOB
TT051_1784918286881,,lily,5,B,A,B,hmm1_boss,hmm1_close,boss_close,hmm1_boss,boss,hmm,group,individual,False,group,individual,Plants_Hmm_1_b,Sage,plants,Juno,flurp,Reed,zazzo,"Hmm, Wugs must like to talk to plants.","Hmm, Sage must like to talk to plants.",sage.png,sage_plants.png,orange15.png,green6.png,Juno,flurp,group,1,1,24466,2026-07-24T18:43:26.616Z,Younger,-1.2262409680141664,-1.0,1.0,1.0,1,5.897330595482546,DOB
TT051_1784918286881,,lily,5,B,A,B,hmm1_boss,hmm1_close,boss_close,hmm1_boss,boss,hmm,group,individual,True,individual,group,Backwards_Hmm_1_b,Theo,backwards,Cleo,flurp,Moss,zazzo,"Hmm, Theo must like to walk backwards.","Hmm, Wugs must like to walk backwards.",theo.png,theo_backwards.png,orange6.png,green1.png,Cleo,flurp,individual,2,0,25388,2026-07-24T18:44:22.830Z,Younger,-1.2262409680141664,-1.0,1.0,1.0,0,5.897330595482546,DOB
TT051_1784918286881,,lily,5,B,A,B,hmm1_boss,hmm1_close,boss_close,hmm1_boss,boss,hmm,group,individual,True,individual,group,Spinning_Hmm_1_b,Wren,spinning,Lumi,flurp,Flint,zazzo,"Hmm, Wren must like to spin around before sitting down.","Hmm, Wugs must like to spin around before sitting down.",wren.png,wren_spinning.png,orange13.png,green.png,Flint,zazzo,group,1,1,25962,2026-07-24T18:45:20.298Z,Younger,-1.2262409680141664,-1.0,1.0,1.0,1,5.897330595482546,DOB
TT051_1784918286881,,lily,5,B,A,B,hmm1_boss,hmm1_close,boss_close,hmm1_boss,boss,hmm,group,individual,False,group,individual,Pinecones_Hmm_1_b,Blake,pinecones,Zara,flurp,Bryn,zazzo,"Hmm, Wugs must like to pile up pinecones into a tall tower.","Hmm, Blake must like to pile up pinecones into a tall tower.",blake.png,blake_pinecones.png,orange10.png,green11.png,Zara,flurp,group,1,1,23700,2026-07-24T18:46:13.640Z,Younger,-1.2262409680141664,-1.0,1.0,1.0,1,5.897330595482546,DOB
TT051_1784918286881,,lily,5,A,A,B,hmm1_boss,hmm1_close,boss_close,hmm1_close,close,hmm,group,individual,True,individual,group,Night_Hmm_1,Casey,night,River,flurp,Morgan,zazzo,"Hmm, Casey must like to stay up in the middle of the night.","Hmm, Wugs must like to stay up in the middle of the night.",casey.png,casey_night.png,orange8.png,green9.png,Morgan,zazzo,group,1,0,23856,2026-07-24T18:47:42.226Z,Younger,-1.2262409680141664,1.0,1.0,1.0,0,5.897330595482546,DOB
TT051_1784918286881,,lily,5,A,A,B,hmm1_boss,hmm1_close,boss_close,hmm1_close,close,hmm,group,individual,True,individual,group,Walls_Hmm_1,Taylor,walls,Finley,flurp,Robin,zazzo,"Hmm, Taylor must like to climb tall buildings.","Hmm, Wugs must like to climb tall buildings.",taylor.png,taylor_walls.png,orange11.png,green7.png,Robin,zazzo,group,1,0,23198,2026-07-24T18:48:34.638Z,Younger,-1.2262409680141664,1.0,1.0,1.0,0,5.897330595482546,DOB
TT051_1784918286881,,lily,5,A,A,B,hmm1_boss,hmm1_close,boss_close,hmm1_close,close,hmm,group,individual,False,group,individual,Balls_Hmm_1,Alex,balls,Quinn,flurp,Drew,zazzo,"Hmm, Wugs must like to bounce balls on their heads.","Hmm, Alex must like to bounce balls on their heads.",alex.png,alex_ball.png,orange4.png,green11.png,Drew,zazzo,individual,2,1,20966,2026-07-24T18:49:28.946Z,Younger,-1.2262409680141664,1.0,1.0,1.0,1,5.897330595482546,DOB
TT051_1784918286881,,lily,5,A,A,B,hmm1_boss,hmm1_close,boss_close,hmm1_close,close,hmm,group,individual,False,group,individual,Flowers_Hmm_1,Riley,flowers,Ash,flurp,Charlie,zazzo,"Hmm, Wugs must like to eat flowers.","Hmm, Riley must like to eat flowers.",riley.png,riley_flowers.png,orange13.png,green2.png,Ash,flurp,group,1,0,20387,2026-07-24T18:50:20.039Z,Younger,-1.2262409680141664,1.0,1.0,1.0,0,5.897330595482546,DOB
TT051_1784918286881,,lily,5,A,A,B,hmm1_boss,hmm1_close,boss_close,hmm1_close,close,hmm,group,individual,False,group,individual,Whisper_Hmm_1,Jordan,whisper,Skyler,flurp,Reese,zazzo,"Hmm, Wugs must like to whisper when they talk.","Hmm, Jordan must like to whisper when they talk.",jordan.png,jordan_whisper.png,orange14.png,green10.png,Skyler,flurp,group,1,0,19330,2026-07-24T18:51:09.734Z,Younger,-1.2262409680141664,1.0,1.0,1.0,0,5.897330595482546,DOB
TT051_1784918286881,,lily,5,A,A,B,hmm1_boss,hmm1_close,boss_close,hmm1_close,close,hmm,group,individual,False,group,individual,Bugs_Hmm_1,Rowan,bugs,Emery,flurp,Jules,zazzo,"Hmm, Wugs must like to play with bugs.","Hmm, Rowan must like to play with bugs.",rowan.png,rowan_bugs.png,orange9.png,green6.png,Emery,flurp,group,1,0,18451,2026-07-24T18:51:56.464Z,Younger,-1.2262409680141664,1.0,1.0,1.0,0,5.897330595482546,DOB
TT052_1782833886614,,Drayson,6,B,B,A,hmm1_boss,hmm2_close,close_boss,hmm2_close,close,hmm,individual,group,False,individual,group,Sniffing_Hmm_2,Arlo,sniffing,Cora,flurp,Beau,zazzo,"Hmm, Arlo must like to sniff things before touching them.","Hmm, Wugs must like to sniff things before touching them.",arlo.png,arlo_sniffing.png,orange15.png,green7.png,Cora,flurp,individual,2,1,21491,2026-06-30T15:43:18.967Z,Younger,-0.3994100303002721,1.0,1.0,1.0,1,6.72416153319644,DOB
TT052_1782833886614,,Drayson,6,B,B,A,hmm1_boss,hmm2_close,close_boss,hmm2_close,close,hmm,individual,group,True,group,individual,Pinecones_Hmm_2,Blake,pinecones,Zara,flurp,Bryn,zazzo,"Hmm, Wugs must like to pile up pinecones into a tall tower.","Hmm, Blake must like to pile up pinecones into a tall tower.",blake.png,blake_pinecones.png,orange9.png,green7.png,Bryn,zazzo,individual,2,1,18874,2026-06-30T15:44:10.670Z,Younger,-0.3994100303002721,1.0,1.0,1.0,1,6.72416153319644,DOB
TT052_1782833886614,,Drayson,6,B,B,A,hmm1_boss,hmm2_close,close_boss,hmm2_close,close,hmm,individual,group,False,individual,group,Rocks_Hmm_2,Sam,rocks,Nova,flurp,Finn,zazzo,"Hmm, Sam must like to pick up rocks and put them in their pocket.","Hmm, Wugs must like to pick up rocks and put them in their pocket.",sam.png,sam_rocks.png,orange10.png,green10.png,Finn,zazzo,group,1,0,13912,2026-06-30T15:45:05.874Z,Younger,-0.3994100303002721,1.0,1.0,1.0,0,6.72416153319644,DOB
TT052_1782833886614,,Drayson,6,B,B,A,hmm1_boss,hmm2_close,close_boss,hmm2_close,close,hmm,individual,group,False,individual,group,Spinning_Hmm_2,Wren,spinning,Lumi,flurp,Flint,zazzo,"Hmm, Wren must like to spin around before sitting down.","Hmm, Wugs must like to spin around before sitting down.",wren.png,wren_spinning.png,orange2.png,green7.png,Flint,zazzo,group,1,0,16687,2026-06-30T15:45:40.146Z,Younger,-0.3994100303002721,1.0,1.0,1.0,0,6.72416153319644,DOB
TT052_1782833886614,,Drayson,6,B,B,A,hmm1_boss,hmm2_close,close_boss,hmm2_close,close,hmm,individual,group,False,individual,group,Plants_Hmm_2,Sage,plants,Juno,flurp,Reed,zazzo,"Hmm, Sage must like to talk to plants.","Hmm, Wugs must like to talk to plants.",sage.png,sage_plants.png,orange13.png,green2.png,Juno,flurp,individual,2,1,11755,2026-06-30T15:46:24.423Z,Younger,-0.3994100303002721,1.0,1.0,1.0,1,6.72416153319644,DOB
TT052_1782833886614,,Drayson,6,B,B,A,hmm1_boss,hmm2_close,close_boss,hmm2_close,close,hmm,individual,group,True,group,individual,Backwards_Hmm_2,Theo,backwards,Cleo,flurp,Moss,zazzo,"Hmm, Wugs must like to walk backwards.","Hmm, Theo must like to walk backwards.",theo.png,theo_backwards.png,orange14.png,green2.png,Moss,zazzo,individual,2,1,14162,2026-06-30T15:47:00.969Z,Younger,-0.3994100303002721,1.0,1.0,1.0,1,6.72416153319644,DOB
TT052_1782833886614,,Drayson,6,A,B,A,hmm1_boss,hmm2_close,close_boss,hmm1_boss,boss,hmm,group,individual,True,individual,group,Balls_Hmm_1_b,Alex,balls,Quinn,flurp,Drew,zazzo,"Hmm, Alex must like to bounce balls on their heads.","Hmm, Wugs must like to bounce balls on their heads.",alex.png,alex_ball.png,orange15.png,green12.png,Quinn,flurp,individual,2,0,18073,2026-06-30T15:48:37.539Z,Younger,-0.3994100303002721,-1.0,1.0,1.0,0,6.72416153319644,DOB
TT052_1782833886614,,Drayson,6,A,B,A,hmm1_boss,hmm2_close,close_boss,hmm1_boss,boss,hmm,group,individual,False,group,individual,Walls_Hmm_1_b,Taylor,walls,Finley,flurp,Robin,zazzo,"Hmm, Wugs must like to climb tall buildings.","Hmm, Taylor must like to climb tall buildings.",taylor.png,taylor_walls.png,orange13.png,green6.png,Robin,zazzo,individual,2,0,15942,2026-06-30T15:49:04.799Z,Younger,-0.3994100303002721,-1.0,1.0,1.0,0,6.72416153319644,DOB
TT052_1782833886614,,Drayson,6,A,B,A,hmm1_boss,hmm2_close,close_boss,hmm1_boss,boss,hmm,group,individual,True,individual,group,Bugs_Hmm_1_b,Rowan,bugs,Emery,flurp,Jules,zazzo,"Hmm, Rowan must like to play with bugs.","Hmm, Wugs must like to play with bugs.",rowan.png,rowan_bugs.png,orange4.png,green12.png,Emery,flurp,individual,2,0,13362,2026-06-30T15:49:34.935Z,Younger,-0.3994100303002721,-1.0,1.0,1.0,0,6.72416153319644,DOB
TT052_1782833886614,,Drayson,6,A,B,A,hmm1_boss,hmm2_close,close_boss,hmm1_boss,boss,hmm,group,individual,False,group,individual,Night_Hmm_1_b,Casey,night,River,flurp,Morgan,zazzo,"Hmm, Wugs must like to stay up in the middle of the night.","Hmm, Casey must like to stay up in the middle of the night.",casey.png,casey_night.png,orange11.png,green6.png,Morgan,zazzo,individual,2,0,13542,2026-06-30T15:50:02.841Z,Younger,-0.3994100303002721,-1.0,1.0,1.0,0,6.72416153319644,DOB
TT052_1782833886614,,Drayson,6,A,B,A,hmm1_boss,hmm2_close,close_boss,hmm1_boss,boss,hmm,group,individual,True,individual,group,Flowers_Hmm_1_b,Riley,flowers,Ash,flurp,Charlie,zazzo,"Hmm, Riley must like to eat flowers.","Hmm, Wugs must like to eat flowers.",riley.png,riley_flowers.png,orange9.png,green7.png,Ash,flurp,individual,2,0,9760,2026-06-30T15:50:35.566Z,Younger,-0.3994100303002721,-1.0,1.0,1.0,0,6.72416153319644,DOB
TT052_1782833886614,,Drayson,6,A,B,A,hmm1_boss,hmm2_close,close_boss,hmm1_boss,boss,hmm,group,individual,True,individual,group,Whisper_Hmm_1_b,Jordan,whisper,Skyler,flurp,Reese,zazzo,"Hmm, Jordan must like to whisper when they talk.","Hmm, Wugs must like to whisper when they talk.",jordan.png,jordan_whisper.png,orange2.png,green10.png,Skyler,flurp,individual,2,0,11169,2026-06-30T15:50:56.558Z,Younger,-0.3994100303002721,-1.0,1.0,1.0,0,6.72416153319644,DOB
TT053_1782647688805,,bennett,8,B,B,A,yes1_boss,yes1_close,close_boss,yes1_close,close,yes,group,individual,True,individual,group,Backwards_Yes_1,Theo,backwards,Cleo,flurp,Moss,zazzo,"Yes, Theo likes to walk backwards.","Yes, Wugs like to walk backwards.",theo.png,theo_backwards.png,orange7.png,green10.png,Cleo,flurp,individual,2,1,18337,2026-06-28T11:57:27.979Z,Older,1.8483654659351831,1.0,-1.0,-1.0,1,8.971937029431896,DOB
TT053_1782647688805,,bennett,8,B,B,A,yes1_boss,yes1_close,close_boss,yes1_close,close,yes,group,individual,False,group,individual,Pinecones_Yes_1,Blake,pinecones,Zara,flurp,Bryn,zazzo,"Yes, Wugs like to pile up pinecones into a tall tower.","Yes, Blake likes to pile up pinecones into a tall tower.",blake.png,blake_pinecones.png,orange11.png,green12.png,Bryn,zazzo,individual,2,1,14197,2026-06-28T11:58:10.698Z,Older,1.8483654659351831,1.0,-1.0,-1.0,1,8.971937029431896,DOB
TT053_1782647688805,,bennett,8,B,B,A,yes1_boss,yes1_close,close_boss,yes1_close,close,yes,group,individual,False,group,individual,Rocks_Yes_1,Sam,rocks,Nova,flurp,Finn,zazzo,"Yes, Wugs like to pick up rocks and put them in their pocket.","Yes, Sam likes to pick up rocks and put them in their pocket.",sam.png,sam_rocks.png,orange10.png,green2.png,Finn,zazzo,individual,2,1,13433,2026-06-28T11:58:57.215Z,Older,1.8483654659351831,1.0,-1.0,-1.0,1,8.971937029431896,DOB
TT053_1782647688805,,bennett,8,B,B,A,yes1_boss,yes1_close,close_boss,yes1_close,close,yes,group,individual,False,group,individual,Spinning_Yes_1,Wren,spinning,Lumi,flurp,Flint,zazzo,"Yes, Wugs like to spin around before sitting down.","Yes, Wren likes to spin around before sitting down.",wren.png,wren_spinning.png,orange10.png,green.png,Flint,zazzo,individual,2,1,10804,2026-06-28T11:59:39.946Z,Older,1.8483654659351831,1.0,-1.0,-1.0,1,8.971937029431896,DOB
TT053_1782647688805,,bennett,8,B,B,A,yes1_boss,yes1_close,close_boss,yes1_close,close,yes,group,individual,False,group,individual,Plants_Yes_1,Sage,plants,Juno,flurp,Reed,zazzo,"Yes, Wugs like to talk to plants.","Yes, Sage likes to talk to plants.",sage.png,sage_plants.png,orange8.png,green12.png,Reed,zazzo,individual,2,1,9414,2026-06-28T12:00:01.990Z,Older,1.8483654659351831,1.0,-1.0,-1.0,1,8.971937029431896,DOB
TT053_1782647688805,,bennett,8,B,B,A,yes1_boss,yes1_close,close_boss,yes1_close,close,yes,group,individual,True,individual,group,Sniffing_Yes_1,Arlo,sniffing,Cora,flurp,Beau,zazzo,"Yes, Arlo likes to sniff things before touching them.","Yes, Wugs like to sniff things before touching them.",arlo.png,arlo_sniffing.png,orange4.png,green.png,Cora,flurp,individual,2,1,9991,2026-06-28T12:00:24.496Z,Older,1.8483654659351831,1.0,-1.0,-1.0,1,8.971937029431896,DOB
TT053_1782647688805,,bennett,8,A,B,A,yes1_boss,yes1_close,close_boss,yes1_boss,boss,yes,group,individual,True,individual,group,Walls_Yes_1_b,Taylor,walls,Finley,flurp,Robin,zazzo,"Yes, Taylor likes to climb tall buildings.","Yes, Wugs like to climb tall buildings.",taylor.png,taylor_walls.png,orange13.png,green12.png,Finley,flurp,individual,2,0,11071,2026-06-28T12:01:24.677Z,Older,1.8483654659351831,-1.0,-1.0,-1.0,0,8.971937029431896,DOB
TT053_1782647688805,,bennett,8,A,B,A,yes1_boss,yes1_close,close_boss,yes1_boss,boss,yes,group,individual,False,group,individual,Flowers_Yes_1_b,Riley,flowers,Ash,flurp,Charlie,zazzo,"Yes, Wugs like to eat flowers.","Yes, Riley likes to eat flowers.",riley.png,riley_flowers.png,orange10.png,green9.png,Charlie,zazzo,individual,2,0,9743,2026-06-28T12:01:43.600Z,Older,1.8483654659351831,-1.0,-1.0,-1.0,0,8.971937029431896,DOB
TT053_1782647688805,,bennett,8,A,B,A,yes1_boss,yes1_close,close_boss,yes1_boss,boss,yes,group,individual,False,group,individual,Night_Yes_1_b,Casey,night,River,flurp,Morgan,zazzo,"Yes, Wugs like to stay up in the middle of the night.","Yes, Casey likes to stay up in the middle of the night.",casey.png,casey_night.png,orange15.png,green1.png,Morgan,zazzo,individual,2,0,10951,2026-06-28T12:02:12.103Z,Older,1.8483654659351831,-1.0,-1.0,-1.0,0,8.971937029431896,DOB
TT053_1782647688805,,bennett,8,A,B,A,yes1_boss,yes1_close,close_boss,yes1_boss,boss,yes,group,individual,True,individual,group,Balls_Yes_1_b,Alex,balls,Quinn,flurp,Drew,zazzo,"Yes, Alex likes to bounce balls on their heads.","Yes, Wugs like to bounce balls on their heads.",alex.png,alex_ball.png,orange15.png,green12.png,Quinn,flurp,individual,2,0,10087,2026-06-28T12:02:31.738Z,Older,1.8483654659351831,-1.0,-1.0,-1.0,0,8.971937029431896,DOB
TT053_1782647688805,,bennett,8,A,B,A,yes1_boss,yes1_close,close_boss,yes1_boss,boss,yes,group,individual,True,individual,group,Whisper_Yes_1_b,Jordan,whisper,Skyler,flurp,Reese,zazzo,"Yes, Jordan likes to whisper when they talk.","Yes, Wugs like to whisper when they talk.",jordan.png,jordan_whisper.png,orange8.png,green12.png,Skyler,flurp,individual,2,0,9082,2026-06-28T12:02:54.867Z,Older,1.8483654659351831,-1.0,-1.0,-1.0,0,8.971937029431896,DOB
TT053_1782647688805,,bennett,8,A,B,A,yes1_boss,yes1_close,close_boss,yes1_boss,boss,yes,group,individual,False,group,individual,Bugs_Yes_1_b,Rowan,bugs,Emery,flurp,Jules,zazzo,"Yes, Wugs like to play with bugs.","Yes, Rowan likes to play with bugs.",rowan.png,rowan_bugs.png,orange8.png,green9.png,Jules,zazzo,individual,2,0,9150,2026-06-28T12:03:11.887Z,Older,1.8483654659351831,-1.0,-1.0,-1.0,0,8.971937029431896,DOB
TT054_1782052225958,,zoonay,5,A,B,A,hmm1_boss,hmm2_close,boss_close,hmm1_boss,boss,hmm,group,individual,True,individual,group,Balls_Hmm_1_b,Alex,balls,Quinn,flurp,Drew,zazzo,"Hmm, Alex must like to bounce balls on their heads.","Hmm, Wugs must like to bounce balls on their heads.",alex.png,alex_ball.png,orange13.png,green11.png,Drew,zazzo,group,1,1,25407,2026-06-21T14:35:36.982Z,Younger,-1.8586844998416812,-1.0,1.0,1.0,1,5.264887063655031,DOB
TT054_1782052225958,,zoonay,5,A,B,A,hmm1_boss,hmm2_close,boss_close,hmm1_boss,boss,hmm,group,individual,True,individual,group,Bugs_Hmm_1_b,Rowan,bugs,Emery,flurp,Jules,zazzo,"Hmm, Rowan must like to play with bugs.","Hmm, Wugs must like to play with bugs.",rowan.png,rowan_bugs.png,orange3.png,green12.png,Emery,flurp,individual,2,0,16090,2026-06-21T14:36:24.436Z,Younger,-1.8586844998416812,-1.0,1.0,1.0,0,5.264887063655031,DOB
TT054_1782052225958,,zoonay,5,A,B,A,hmm1_boss,hmm2_close,boss_close,hmm1_boss,boss,hmm,group,individual,True,individual,group,Flowers_Hmm_1_b,Riley,flowers,Ash,flurp,Charlie,zazzo,"Hmm, Riley must like to eat flowers.","Hmm, Wugs must like to eat flowers.",riley.png,riley_flowers.png,orange9.png,green.png,Ash,flurp,individual,2,0,13252,2026-06-21T14:37:23.250Z,Younger,-1.8586844998416812,-1.0,1.0,1.0,0,5.264887063655031,DOB
TT054_1782052225958,,zoonay,5,A,B,A,hmm1_boss,hmm2_close,boss_close,hmm1_boss,boss,hmm,group,individual,False,group,individual,Night_Hmm_1_b,Casey,night,River,flurp,Morgan,zazzo,"Hmm, Wugs must like to stay up in the middle of the night.","Hmm, Casey must like to stay up in the middle of the night.",casey.png,casey_night.png,orange4.png,green9.png,Morgan,zazzo,individual,2,0,23288,2026-06-21T14:38:16.247Z,Younger,-1.8586844998416812,-1.0,1.0,1.0,0,5.264887063655031,DOB
TT054_1782052225958,,zoonay,5,A,B,A,hmm1_boss,hmm2_close,boss_close,hmm1_boss,boss,hmm,group,individual,True,individual,group,Walls_Hmm_1_b,Taylor,walls,Finley,flurp,Robin,zazzo,"Hmm, Taylor must like to climb tall buildings.","Hmm, Wugs must like to climb tall buildings.",taylor.png,taylor_walls.png,orange3.png,green7.png,Robin,zazzo,group,1,1,11609,2026-06-21T14:39:08.903Z,Younger,-1.8586844998416812,-1.0,1.0,1.0,1,5.264887063655031,DOB
TT054_1782052225958,,zoonay,5,A,B,A,hmm1_boss,hmm2_close,boss_close,hmm1_boss,boss,hmm,group,individual,False,group,individual,Whisper_Hmm_1_b,Jordan,whisper,Skyler,flurp,Reese,zazzo,"Hmm, Wugs must like to whisper when they talk.","Hmm, Jordan must like to whisper when they talk.",jordan.png,jordan_whisper.png,orange7.png,green2.png,Reese,zazzo,individual,2,0,15285,2026-06-21T14:39:52.526Z,Younger,-1.8586844998416812,-1.0,1.0,1.0,0,5.264887063655031,DOB
TT054_1782052225958,,zoonay,5,B,B,A,hmm1_boss,hmm2_close,boss_close,hmm2_close,close,hmm,individual,group,False,individual,group,Rocks_Hmm_2,Sam,rocks,Nova,flurp,Finn,zazzo,"Hmm, Sam must like to pick up rocks and put them in their pocket.","Hmm, Wugs must like to pick up rocks and put them in their pocket.",sam.png,sam_rocks.png,orange15.png,green10.png,Nova,flurp,individual,2,1,13664,2026-06-21T14:41:17.043Z,Younger,-1.8586844998416812,1.0,1.0,1.0,1,5.264887063655031,DOB
TT054_1782052225958,,zoonay,5,B,B,A,hmm1_boss,hmm2_close,boss_close,hmm2_close,close,hmm,individual,group,False,individual,group,Spinning_Hmm_2,Wren,spinning,Lumi,flurp,Flint,zazzo,"Hmm, Wren must like to spin around before sitting down.","Hmm, Wugs must like to spin around before sitting down.",wren.png,wren_spinning.png,orange14.png,green6.png,Flint,zazzo,group,1,0,12237,2026-06-21T14:41:40.216Z,Younger,-1.8586844998416812,1.0,1.0,1.0,0,5.264887063655031,DOB
TT054_1782052225958,,zoonay,5,B,B,A,hmm1_boss,hmm2_close,boss_close,hmm2_close,close,hmm,individual,group,False,individual,group,Backwards_Hmm_2,Theo,backwards,Cleo,flurp,Moss,zazzo,"Hmm, Theo must like to walk backwards.","Hmm, Wugs must like to walk backwards.",theo.png,theo_backwards.png,orange2.png,green6.png,Cleo,flurp,individual,2,1,9830,2026-06-21T14:42:15.810Z,Younger,-1.8586844998416812,1.0,1.0,1.0,1,5.264887063655031,DOB
TT054_1782052225958,,zoonay,5,B,B,A,hmm1_boss,hmm2_close,boss_close,hmm2_close,close,hmm,individual,group,True,group,individual,Pinecones_Hmm_2,Blake,pinecones,Zara,flurp,Bryn,zazzo,"Hmm, Wugs must like to pile up pinecones into a tall tower.","Hmm, Blake must like to pile up pinecones into a tall tower.",blake.png,blake_pinecones.png,orange10.png,green1.png,Zara,flurp,group,1,0,12803,2026-06-21T14:42:37.208Z,Younger,-1.8586844998416812,1.0,1.0,1.0,0,5.264887063655031,DOB
TT054_1782052225958,,zoonay,5,B,B,A,hmm1_boss,hmm2_close,boss_close,hmm2_close,close,hmm,individual,group,False,individual,group,Plants_Hmm_2,Sage,plants,Juno,flurp,Reed,zazzo,"Hmm, Sage must like to talk to plants.","Hmm, Wugs must like to talk to plants.",sage.png,sage_plants.png,orange10.png,green6.png,Reed,zazzo,group,1,0,10720,2026-06-21T14:43:10.495Z,Younger,-1.8586844998416812,1.0,1.0,1.0,0,5.264887063655031,DOB
TT054_1782052225958,,zoonay,5,B,B,A,hmm1_boss,hmm2_close,boss_close,hmm2_close,close,hmm,individual,group,True,group,individual,Sniffing_Hmm_2,Arlo,sniffing,Cora,flurp,Beau,zazzo,"Hmm, Wugs must like to sniff things before touching them.","Hmm, Arlo must like to sniff things before touching them.",arlo.png,arlo_sniffing.png,orange2.png,green9.png,Cora,flurp,group,1,0,12798,2026-06-21T14:43:31.320Z,Younger,-1.8586844998416812,1.0,1.0,1.0,0,5.264887063655031,DOB
TT054_1782318541674,,Aila,5,A,B,A,yes1_boss,yes2_close,boss_close,yes1_boss,boss,yes,group,individual,False,group,individual,Night_Yes_1_b,Casey,night,River,flurp,Morgan,zazzo,"Yes, Wugs like to stay up in the middle of the night.","Yes, Casey likes to stay up in the middle of the night.",casey.png,casey_night.png,orange8.png,green.png,Morgan,zazzo,individual,2,0,34278,2026-06-24T16:33:45.244Z,Younger,-1.812141036460436,-1.0,-1.0,1.0,0,5.3114305270362765,DOB
TT054_1782318541674,,Aila,5,A,B,A,yes1_boss,yes2_close,boss_close,yes1_boss,boss,yes,group,individual,False,group,individual,Whisper_Yes_1_b,Jordan,whisper,Skyler,flurp,Reese,zazzo,"Yes, Wugs like to whisper when they talk.","Yes, Jordan likes to whisper when they talk.",jordan.png,jordan_whisper.png,orange13.png,green10.png,Skyler,flurp,group,1,1,16001,2026-06-24T16:34:31.299Z,Younger,-1.812141036460436,-1.0,-1.0,1.0,1,5.3114305270362765,DOB
TT054_1782318541674,,Aila,5,A,B,A,yes1_boss,yes2_close,boss_close,yes1_boss,boss,yes,group,individual,False,group,individual,Flowers_Yes_1_b,Riley,flowers,Ash,flurp,Charlie,zazzo,"Yes, Wugs like to eat flowers.","Yes, Riley likes to eat flowers.",riley.png,riley_flowers.png,orange2.png,green10.png,Ash,flurp,group,1,1,22932,2026-06-24T16:35:33.332Z,Younger,-1.812141036460436,-1.0,-1.0,1.0,1,5.3114305270362765,DOB
TT054_1782318541674,,Aila,5,A,B,A,yes1_boss,yes2_close,boss_close,yes1_boss,boss,yes,group,individual,True,individual,group,Walls_Yes_1_b,Taylor,walls,Finley,flurp,Robin,zazzo,"Yes, Taylor likes to climb tall buildings.","Yes, Wugs like to climb tall buildings.",taylor.png,taylor_walls.png,orange8.png,green7.png,Robin,zazzo,group,1,1,14901,2026-06-24T16:36:18.866Z,Younger,-1.812141036460436,-1.0,-1.0,1.0,1,5.3114305270362765,DOB
TT054_1782318541674,,Aila,5,A,B,A,yes1_boss,yes2_close,boss_close,yes1_boss,boss,yes,group,individual,True,individual,group,Bugs_Yes_1_b,Rowan,bugs,Emery,flurp,Jules,zazzo,"Yes, Rowan likes to play with bugs.","Yes, Wugs like to play with bugs.",rowan.png,rowan_bugs.png,orange6.png,green11.png,Emery,flurp,individual,2,0,13717,2026-06-24T16:37:04.949Z,Younger,-1.812141036460436,-1.0,-1.0,1.0,0,5.3114305270362765,DOB
TT054_1782318541674,,Aila,5,A,B,A,yes1_boss,yes2_close,boss_close,yes1_boss,boss,yes,group,individual,False,group,individual,Balls_Yes_1_b,Alex,balls,Quinn,flurp,Drew,zazzo,"Yes, Wugs like to bounce balls on their heads.","Yes, Alex likes to bounce balls on their heads.",alex.png,alex_ball.png,orange11.png,green7.png,Quinn,flurp,group,1,1,17600,2026-06-24T16:38:02.482Z,Younger,-1.812141036460436,-1.0,-1.0,1.0,1,5.3114305270362765,DOB
TT054_1782318541674,,Aila,5,B,B,A,yes1_boss,yes2_close,boss_close,yes2_close,close,yes,individual,group,True,group,individual,Pinecones_Yes_2,Blake,pinecones,Zara,flurp,Bryn,zazzo,"Yes, Wugs like to pile up pinecones into a tall tower.","Yes, Blake likes to pile up pinecones into a tall tower.",blake.png,blake_pinecones.png,orange8.png,green2.png,Bryn,zazzo,individual,2,1,17349,2026-06-24T16:39:35.432Z,Younger,-1.812141036460436,1.0,-1.0,1.0,1,5.3114305270362765,DOB
TT054_1782318541674,,Aila,5,B,B,A,yes1_boss,yes2_close,boss_close,yes2_close,close,yes,individual,group,True,group,individual,Spinning_Yes_2,Wren,spinning,Lumi,flurp,Flint,zazzo,"Yes, Wugs like to spin around before sitting down.","Yes, Wren likes to spin around before sitting down.",wren.png,wren_spinning.png,orange14.png,green6.png,Lumi,flurp,group,1,0,13333,2026-06-24T16:40:18.698Z,Younger,-1.812141036460436,1.0,-1.0,1.0,0,5.3114305270362765,DOB
TT054_1782318541674,,Aila,5,B,B,A,yes1_boss,yes2_close,boss_close,yes2_close,close,yes,individual,group,False,individual,group,Backwards_Yes_2,Theo,backwards,Cleo,flurp,Moss,zazzo,"Yes, Theo likes to walk backwards.","Yes, Wugs like to walk backwards.",theo.png,theo_backwards.png,orange9.png,green1.png,Moss,zazzo,group,1,0,10833,2026-06-24T16:41:04.098Z,Younger,-1.812141036460436,1.0,-1.0,1.0,0,5.3114305270362765,DOB
TT054_1782318541674,,Aila,5,B,B,A,yes1_boss,yes2_close,boss_close,yes2_close,close,yes,individual,group,True,group,individual,Rocks_Yes_2,Sam,rocks,Nova,flurp,Finn,zazzo,"Yes, Wugs like to pick up rocks and put them in their pocket.","Yes, Sam likes to pick up rocks and put them in their pocket.",sam.png,sam_rocks.png,orange6.png,green1.png,Nova,flurp,group,1,0,17267,2026-06-24T16:41:49.099Z,Younger,-1.812141036460436,1.0,-1.0,1.0,0,5.3114305270362765,DOB
TT054_1782318541674,,Aila,5,B,B,A,yes1_boss,yes2_close,boss_close,yes2_close,close,yes,individual,group,True,group,individual,Sniffing_Yes_2,Arlo,sniffing,Cora,flurp,Beau,zazzo,"Yes, Wugs like to sniff things before touching them.","Yes, Arlo likes to sniff things before touching them.",arlo.png,arlo_sniffing.png,orange14.png,green11.png,Beau,zazzo,individual,2,1,14884,2026-06-24T16:42:39.482Z,Younger,-1.812141036460436,1.0,-1.0,1.0,1,5.3114305270362765,DOB
TT054_1782318541674,,Aila,5,B,B,A,yes1_boss,yes2_close,boss_close,yes2_close,close,yes,individual,group,True,group,individual,Plants_Yes_2,Sage,plants,Juno,flurp,Reed,zazzo,"Yes, Wugs like to talk to plants.","Yes, Sage likes to talk to plants.",sage.png,sage_plants.png,orange14.png,green9.png,Juno,flurp,group,1,0,13016,2026-06-24T16:43:21.115Z,Younger,-1.812141036460436,1.0,-1.0,1.0,0,5.3114305270362765,DOB
TT054_1783172779527,,stellan,7,B,A,B,yes2_boss,hmm2_close,boss_close,yes2_boss,boss,yes,individual,group,True,group,individual,Backwards_Yes_2_b,Theo,backwards,Cleo,flurp,Moss,zazzo,"Yes, Wugs like to walk backwards.","Yes, Theo likes to walk backwards.",theo.png,theo_backwards.png,orange6.png,green11.png,Moss,zazzo,individual,2,0,26783,2026-07-04T13:51:09.934Z,Older,-0.013373069314645214,-1.0,-1.0,-1.0,0,7.110198494182067,DOB
TT054_1783172779527,,stellan,7,B,A,B,yes2_boss,hmm2_close,boss_close,yes2_boss,boss,yes,individual,group,False,individual,group,Plants_Yes_2_b,Sage,plants,Juno,flurp,Reed,zazzo,"Yes, Sage likes to talk to plants.","Yes, Wugs like to talk to plants.",sage.png,sage_plants.png,orange9.png,green.png,Juno,flurp,individual,2,0,13381,2026-07-04T13:51:49.317Z,Older,-0.013373069314645214,-1.0,-1.0,-1.0,0,7.110198494182067,DOB
TT054_1783172779527,,stellan,7,B,A,B,yes2_boss,hmm2_close,boss_close,yes2_boss,boss,yes,individual,group,True,group,individual,Sniffing_Yes_2_b,Arlo,sniffing,Cora,flurp,Beau,zazzo,"Yes, Wugs like to sniff things before touching them.","Yes, Arlo likes to sniff things before touching them.",arlo.png,arlo_sniffing.png,orange4.png,green11.png,Beau,zazzo,individual,2,0,13167,2026-07-04T13:52:32.767Z,Older,-0.013373069314645214,-1.0,-1.0,-1.0,0,7.110198494182067,DOB
TT054_1783172779527,,stellan,7,B,A,B,yes2_boss,hmm2_close,boss_close,yes2_boss,boss,yes,individual,group,False,individual,group,Pinecones_Yes_2_b,Blake,pinecones,Zara,flurp,Bryn,zazzo,"Yes, Blake likes to pile up pinecones into a tall tower.","Yes, Wugs like to pile up pinecones into a tall tower.",blake.png,blake_pinecones.png,orange7.png,green12.png,Zara,flurp,individual,2,0,13865,2026-07-04T13:53:34.984Z,Older,-0.013373069314645214,-1.0,-1.0,-1.0,0,7.110198494182067,DOB
TT054_1783172779527,,stellan,7,B,A,B,yes2_boss,hmm2_close,boss_close,yes2_boss,boss,yes,individual,group,False,individual,group,Spinning_Yes_2_b,Wren,spinning,Lumi,flurp,Flint,zazzo,"Yes, Wren likes to spin around before sitting down.","Yes, Wugs like to spin around before sitting down.",wren.png,wren_spinning.png,orange9.png,green.png,Lumi,flurp,individual,2,0,11798,2026-07-04T13:54:16.733Z,Older,-0.013373069314645214,-1.0,-1.0,-1.0,0,7.110198494182067,DOB
TT054_1783172779527,,stellan,7,B,A,B,yes2_boss,hmm2_close,boss_close,yes2_boss,boss,yes,individual,group,True,group,individual,Rocks_Yes_2_b,Sam,rocks,Nova,flurp,Finn,zazzo,"Yes, Wugs like to pick up rocks and put them in their pocket.","Yes, Sam likes to pick up rocks and put them in their pocket.",sam.png,sam_rocks.png,orange4.png,green7.png,Finn,zazzo,individual,2,0,12700,2026-07-04T13:54:59.050Z,Older,-0.013373069314645214,-1.0,-1.0,-1.0,0,7.110198494182067,DOB
TT054_1783172779527,,stellan,7,A,A,B,yes2_boss,hmm2_close,boss_close,hmm2_close,close,hmm,individual,group,False,individual,group,Whisper_Hmm_2,Jordan,whisper,Skyler,flurp,Reese,zazzo,"Hmm, Jordan must like to whisper when they talk.","Hmm, Wugs must like to whisper when they talk.",jordan.png,jordan_whisper.png,orange4.png,green.png,Reese,zazzo,group,1,0,18115,2026-07-04T13:56:20.450Z,Older,-0.013373069314645214,1.0,1.0,-1.0,0,7.110198494182067,DOB
TT054_1783172779527,,stellan,7,A,A,B,yes2_boss,hmm2_close,boss_close,hmm2_close,close,hmm,individual,group,False,individual,group,Flowers_Hmm_2,Riley,flowers,Ash,flurp,Charlie,zazzo,"Hmm, Riley must like to eat flowers.","Hmm, Wugs must like to eat flowers.",riley.png,riley_flowers.png,orange15.png,green6.png,Charlie,zazzo,group,1,0,11931,2026-07-04T13:57:07.501Z,Older,-0.013373069314645214,1.0,1.0,-1.0,0,7.110198494182067,DOB
TT054_1783172779527,,stellan,7,A,A,B,yes2_boss,hmm2_close,boss_close,hmm2_close,close,hmm,individual,group,False,individual,group,Night_Hmm_2,Casey,night,River,flurp,Morgan,zazzo,"Hmm, Casey must like to stay up in the middle of the night.","Hmm, Wugs must like to stay up in the middle of the night.",casey.png,casey_night.png,orange11.png,green12.png,River,flurp,individual,2,1,13383,2026-07-04T13:58:04.667Z,Older,-0.013373069314645214,1.0,1.0,-1.0,1,7.110198494182067,DOB
TT054_1783172779527,,stellan,7,A,A,B,yes2_boss,hmm2_close,boss_close,hmm2_close,close,hmm,individual,group,True,group,individual,Balls_Hmm_2,Alex,balls,Quinn,flurp,Drew,zazzo,"Hmm, Wugs must like to bounce balls on their heads.","Hmm, Alex must like to bounce balls on their heads.",alex.png,alex_ball.png,orange10.png,green2.png,Quinn,flurp,group,1,0,16133,2026-07-04T13:58:38.867Z,Older,-0.013373069314645214,1.0,1.0,-1.0,0,7.110198494182067,DOB
TT054_1783172779527,,stellan,7,A,A,B,yes2_boss,hmm2_close,boss_close,hmm2_close,close,hmm,individual,group,True,group,individual,Walls_Hmm_2,Taylor,walls,Finley,flurp,Robin,zazzo,"Hmm, Wugs must like to climb tall buildings.","Hmm, Taylor must like to climb tall buildings.",taylor.png,taylor_walls.png,orange9.png,green1.png,Robin,zazzo,individual,2,1,12451,2026-07-04T13:59:13.584Z,Older,-0.013373069314645214,1.0,1.0,-1.0,1,7.110198494182067,DOB
TT054_1783172779527,,stellan,7,A,A,B,yes2_boss,hmm2_close,boss_close,hmm2_close,close,hmm,individual,group,True,group,individual,Bugs_Hmm_2,Rowan,bugs,Emery,flurp,Jules,zazzo,"Hmm, Wugs must like to play with bugs.","Hmm, Rowan must like to play with bugs.",rowan.png,rowan_bugs.png,orange9.png,green1.png,Jules,zazzo,individual,2,1,11496,2026-07-04T13:59:47.167Z,Older,-0.013373069314645214,1.0,1.0,-1.0,1,7.110198494182067,DOB
TT056_1783201470796,,gavin,7,B,B,A,yes2_boss,hmm2_close,close_boss,hmm2_close,close,hmm,individual,group,True,group,individual,Sniffing_Hmm_2,Arlo,sniffing,Cora,flurp,Beau,zazzo,"Hmm, Wugs must like to sniff things before touching them.","Hmm, Arlo must like to sniff things before touching them.",arlo.png,arlo_sniffing.png,orange13.png,green11.png,Beau,zazzo,individual,2,1,18996,2026-07-04T21:49:08.262Z,Older,0.8627391825676272,1.0,1.0,-1.0,1,7.98631074606434,DOB
TT056_1783201470796,,gavin,7,B,B,A,yes2_boss,hmm2_close,close_boss,hmm2_close,close,hmm,individual,group,False,individual,group,Spinning_Hmm_2,Wren,spinning,Lumi,flurp,Flint,zazzo,"Hmm, Wren must like to spin around before sitting down.","Hmm, Wugs must like to spin around before sitting down.",wren.png,wren_spinning.png,orange9.png,green2.png,Lumi,flurp,individual,2,1,29802,2026-07-04T21:50:24.228Z,Older,0.8627391825676272,1.0,1.0,-1.0,1,7.98631074606434,DOB
TT056_1783201470796,,gavin,7,B,B,A,yes2_boss,hmm2_close,close_boss,hmm2_close,close,hmm,individual,group,False,individual,group,Pinecones_Hmm_2,Blake,pinecones,Zara,flurp,Bryn,zazzo,"Hmm, Blake must like to pile up pinecones into a tall tower.","Hmm, Wugs must like to pile up pinecones into a tall tower.",blake.png,blake_pinecones.png,orange11.png,green12.png,Zara,flurp,individual,2,1,19071,2026-07-04T21:51:16.561Z,Older,0.8627391825676272,1.0,1.0,-1.0,1,7.98631074606434,DOB
TT056_1783201470796,,gavin,7,B,B,A,yes2_boss,hmm2_close,close_boss,hmm2_close,close,hmm,individual,group,False,individual,group,Plants_Hmm_2,Sage,plants,Juno,flurp,Reed,zazzo,"Hmm, Sage must like to talk to plants.","Hmm, Wugs must like to talk to plants.",sage.png,sage_plants.png,orange7.png,green11.png,Juno,flurp,individual,2,1,17166,2026-07-04T21:52:01.052Z,Older,0.8627391825676272,1.0,1.0,-1.0,1,7.98631074606434,DOB
TT056_1783201470796,,gavin,7,B,B,A,yes2_boss,hmm2_close,close_boss,hmm2_close,close,hmm,individual,group,False,individual,group,Backwards_Hmm_2,Theo,backwards,Cleo,flurp,Moss,zazzo,"Hmm, Theo must like to walk backwards.","Hmm, Wugs must like to walk backwards.",theo.png,theo_backwards.png,orange8.png,green10.png,Cleo,flurp,individual,2,1,14746,2026-07-04T21:52:54.491Z,Older,0.8627391825676272,1.0,1.0,-1.0,1,7.98631074606434,DOB
TT056_1783201470796,,gavin,7,B,B,A,yes2_boss,hmm2_close,close_boss,hmm2_close,close,hmm,individual,group,False,individual,group,Rocks_Hmm_2,Sam,rocks,Nova,flurp,Finn,zazzo,"Hmm, Sam must like to pick up rocks and put them in their pocket.","Hmm, Wugs must like to pick up rocks and put them in their pocket.",sam.png,sam_rocks.png,orange9.png,green10.png,Nova,flurp,individual,2,1,31172,2026-07-04T21:54:04.778Z,Older,0.8627391825676272,1.0,1.0,-1.0,1,7.98631074606434,DOB
TT056_1783201470796,,gavin,7,A,B,A,yes2_boss,hmm2_close,close_boss,yes2_boss,boss,yes,individual,group,True,group,individual,Flowers_Yes_2_b,Riley,flowers,Ash,flurp,Charlie,zazzo,"Yes, Wugs like to eat flowers.","Yes, Riley likes to eat flowers.",riley.png,riley_flowers.png,orange15.png,green1.png,Charlie,zazzo,individual,2,0,13446,2026-07-04T21:55:40.709Z,Older,0.8627391825676272,-1.0,-1.0,-1.0,0,7.98631074606434,DOB
TT056_1783201470796,,gavin,7,A,B,A,yes2_boss,hmm2_close,close_boss,yes2_boss,boss,yes,individual,group,True,group,individual,Whisper_Yes_2_b,Jordan,whisper,Skyler,flurp,Reese,zazzo,"Yes, Wugs like to whisper when they talk.","Yes, Jordan likes to whisper when they talk.",jordan.png,jordan_whisper.png,orange3.png,green.png,Reese,zazzo,individual,2,0,12131,2026-07-04T21:56:24.064Z,Older,0.8627391825676272,-1.0,-1.0,-1.0,0,7.98631074606434,DOB
TT056_1783201470796,,gavin,7,A,B,A,yes2_boss,hmm2_close,close_boss,yes2_boss,boss,yes,individual,group,True,group,individual,Walls_Yes_2_b,Taylor,walls,Finley,flurp,Robin,zazzo,"Yes, Wugs like to climb tall buildings.","Yes, Taylor likes to climb tall buildings.",taylor.png,taylor_walls.png,orange8.png,green7.png,Robin,zazzo,individual,2,0,14584,2026-07-04T21:57:15.420Z,Older,0.8627391825676272,-1.0,-1.0,-1.0,0,7.98631074606434,DOB
TT056_1783201470796,,gavin,7,A,B,A,yes2_boss,hmm2_close,close_boss,yes2_boss,boss,yes,individual,group,True,group,individual,Balls_Yes_2_b,Alex,balls,Quinn,flurp,Drew,zazzo,"Yes, Wugs like to bounce balls on their heads.","Yes, Alex likes to bounce balls on their heads.",alex.png,alex_ball.png,orange2.png,green12.png,Drew,zazzo,individual,2,0,15708,2026-07-04T21:58:02.191Z,Older,0.8627391825676272,-1.0,-1.0,-1.0,0,7.98631074606434,DOB
TT056_1783201470796,,gavin,7,A,B,A,yes2_boss,hmm2_close,close_boss,yes2_boss,boss,yes,individual,group,True,group,individual,Night_Yes_2_b,Casey,night,River,flurp,Morgan,zazzo,"Yes, Wugs like to stay up in the middle of the night.","Yes, Casey likes to stay up in the middle of the night.",casey.png,casey_night.png,orange9.png,green1.png,Morgan,zazzo,individual,2,0,25076,2026-07-04T21:59:01.999Z,Older,0.8627391825676272,-1.0,-1.0,-1.0,0,7.98631074606434,DOB
TT056_1783201470796,,gavin,7,A,B,A,yes2_boss,hmm2_close,close_boss,yes2_boss,boss,yes,individual,group,True,group,individual,Bugs_Yes_2_b,Rowan,bugs,Emery,flurp,Jules,zazzo,"Yes, Wugs like to play with bugs.","Yes, Rowan likes to play with bugs.",rowan.png,rowan_bugs.png,orange13.png,green.png,Jules,zazzo,individual,2,0,12853,2026-07-04T21:59:46.548Z,Older,0.8627391825676272,-1.0,-1.0,-1.0,0,7.98631074606434,DOB
TT057_1782179533945,,everett,8,A,B,A,hmm2_boss,hmm2_close,boss_close,hmm2_boss,boss,hmm,individual,group,True,group,individual,Walls_Hmm_2_b,Taylor,walls,Finley,flurp,Robin,zazzo,"Hmm, Wugs must like to climb tall buildings.","Hmm, Taylor must like to climb tall buildings.",taylor.png,taylor_walls.png,orange6.png,green6.png,Finley,flurp,group,1,1,29290,2026-06-23T01:56:39.217Z,Older,1.3007953085087625,-1.0,1.0,-1.0,1,8.424366872005475,DOB
TT057_1782179533945,,everett,8,A,B,A,hmm2_boss,hmm2_close,boss_close,hmm2_boss,boss,hmm,individual,group,False,individual,group,Night_Hmm_2_b,Casey,night,River,flurp,Morgan,zazzo,"Hmm, Casey must like to stay up in the middle of the night.","Hmm, Wugs must like to stay up in the middle of the night.",casey.png,casey_night.png,orange6.png,green11.png,Morgan,zazzo,group,1,1,13576,2026-06-23T01:57:12.506Z,Older,1.3007953085087625,-1.0,1.0,-1.0,1,8.424366872005475,DOB
TT057_1782179533945,,everett,8,A,B,A,hmm2_boss,hmm2_close,boss_close,hmm2_boss,boss,hmm,individual,group,False,individual,group,Whisper_Hmm_2_b,Jordan,whisper,Skyler,flurp,Reese,zazzo,"Hmm, Jordan must like to whisper when they talk.","Hmm, Wugs must like to whisper when they talk.",jordan.png,jordan_whisper.png,orange4.png,green12.png,Reese,zazzo,group,1,1,11456,2026-06-23T01:57:37.591Z,Older,1.3007953085087625,-1.0,1.0,-1.0,1,8.424366872005475,DOB
TT057_1782179533945,,everett,8,A,B,A,hmm2_boss,hmm2_close,boss_close,hmm2_boss,boss,hmm,individual,group,True,group,individual,Bugs_Hmm_2_b,Rowan,bugs,Emery,flurp,Jules,zazzo,"Hmm, Wugs must like to play with bugs.","Hmm, Rowan must like to play with bugs.",rowan.png,rowan_bugs.png,orange7.png,green9.png,Emery,flurp,group,1,1,12708,2026-06-23T01:57:57.768Z,Older,1.3007953085087625,-1.0,1.0,-1.0,1,8.424366872005475,DOB
TT057_1782179533945,,everett,8,A,B,A,hmm2_boss,hmm2_close,boss_close,hmm2_boss,boss,hmm,individual,group,False,individual,group,Flowers_Hmm_2_b,Riley,flowers,Ash,flurp,Charlie,zazzo,"Hmm, Riley must like to eat flowers.","Hmm, Wugs must like to eat flowers.",riley.png,riley_flowers.png,orange8.png,green10.png,Ash,flurp,individual,2,0,14574,2026-06-23T01:58:21.085Z,Older,1.3007953085087625,-1.0,1.0,-1.0,0,8.424366872005475,DOB
TT057_1782179533945,,everett,8,A,B,A,hmm2_boss,hmm2_close,boss_close,hmm2_boss,boss,hmm,individual,group,True,group,individual,Balls_Hmm_2_b,Alex,balls,Quinn,flurp,Drew,zazzo,"Hmm, Wugs must like to bounce balls on their heads.","Hmm, Alex must like to bounce balls on their heads.",alex.png,alex_ball.png,orange7.png,green1.png,Quinn,flurp,group,1,1,15609,2026-06-23T01:58:50.284Z,Older,1.3007953085087625,-1.0,1.0,-1.0,1,8.424366872005475,DOB
TT057_1782179533945,,everett,8,B,B,A,hmm2_boss,hmm2_close,boss_close,hmm2_close,close,hmm,individual,group,True,group,individual,Backwards_Hmm_2,Theo,backwards,Cleo,flurp,Moss,zazzo,"Hmm, Wugs must like to walk backwards.","Hmm, Theo must like to walk backwards.",theo.png,theo_backwards.png,orange8.png,green12.png,Moss,zazzo,individual,2,1,10170,2026-06-23T01:59:33.148Z,Older,1.3007953085087625,1.0,1.0,-1.0,1,8.424366872005475,DOB
TT057_1782179533945,,everett,8,B,B,A,hmm2_boss,hmm2_close,boss_close,hmm2_close,close,hmm,individual,group,False,individual,group,Pinecones_Hmm_2,Blake,pinecones,Zara,flurp,Bryn,zazzo,"Hmm, Blake must like to pile up pinecones into a tall tower.","Hmm, Wugs must like to pile up pinecones into a tall tower.",blake.png,blake_pinecones.png,orange7.png,green.png,Zara,flurp,individual,2,1,12773,2026-06-23T01:59:52.915Z,Older,1.3007953085087625,1.0,1.0,-1.0,1,8.424366872005475,DOB
TT057_1782179533945,,everett,8,B,B,A,hmm2_boss,hmm2_close,boss_close,hmm2_close,close,hmm,individual,group,False,individual,group,Sniffing_Hmm_2,Arlo,sniffing,Cora,flurp,Beau,zazzo,"Hmm, Arlo must like to sniff things before touching them.","Hmm, Wugs must like to sniff things before touching them.",arlo.png,arlo_sniffing.png,orange2.png,green7.png,Cora,flurp,individual,2,1,13435,2026-06-23T02:00:17.394Z,Older,1.3007953085087625,1.0,1.0,-1.0,1,8.424366872005475,DOB
TT057_1782179533945,,everett,8,B,B,A,hmm2_boss,hmm2_close,boss_close,hmm2_close,close,hmm,individual,group,False,individual,group,Rocks_Hmm_2,Sam,rocks,Nova,flurp,Finn,zazzo,"Hmm, Sam must like to pick up rocks and put them in their pocket.","Hmm, Wugs must like to pick up rocks and put them in their pocket.",sam.png,sam_rocks.png,orange6.png,green9.png,Nova,flurp,individual,2,1,12144,2026-06-23T02:00:37.811Z,Older,1.3007953085087625,1.0,1.0,-1.0,1,8.424366872005475,DOB
TT057_1782179533945,,everett,8,B,B,A,hmm2_boss,hmm2_close,boss_close,hmm2_close,close,hmm,individual,group,True,group,individual,Plants_Hmm_2,Sage,plants,Juno,flurp,Reed,zazzo,"Hmm, Wugs must like to talk to plants.","Hmm, Sage must like to talk to plants.",sage.png,sage_plants.png,orange15.png,green7.png,Juno,flurp,group,1,0,11550,2026-06-23T02:00:58.661Z,Older,1.3007953085087625,1.0,1.0,-1.0,0,8.424366872005475,DOB
TT057_1782179533945,,everett,8,B,B,A,hmm2_boss,hmm2_close,boss_close,hmm2_close,close,hmm,individual,group,True,group,individual,Spinning_Hmm_2,Wren,spinning,Lumi,flurp,Flint,zazzo,"Hmm, Wugs must like to spin around before sitting down.","Hmm, Wren must like to spin around before sitting down.",wren.png,wren_spinning.png,orange15.png,green10.png,Flint,zazzo,individual,2,1,13214,2026-06-23T02:01:19.270Z,Older,1.3007953085087625,1.0,1.0,-1.0,1,8.424366872005475,DOB
TT057_1784572404744,,Benny,5,A,A,B,hmm1_boss,hmm1_close,close_boss,hmm1_close,close,hmm,group,individual,True,individual,group,Whisper_Hmm_1,Jordan,whisper,Skyler,flurp,Reese,zazzo,"Hmm, Jordan must like to whisper when they talk.","Hmm, Wugs must like to whisper when they talk.",jordan.png,jordan_whisper.png,orange8.png,green.png,Skyler,flurp,individual,2,1,17199,2026-07-20T18:35:17.211Z,Younger,-0.5390404204440085,1.0,1.0,1.0,1,6.584531143052704,DOB
TT057_1784572404744,,Benny,5,A,A,B,hmm1_boss,hmm1_close,close_boss,hmm1_close,close,hmm,group,individual,False,group,individual,Night_Hmm_1,Casey,night,River,flurp,Morgan,zazzo,"Hmm, Wugs must like to stay up in the middle of the night.","Hmm, Casey must like to stay up in the middle of the night.",casey.png,casey_night.png,orange8.png,green9.png,Morgan,zazzo,individual,2,1,19450,2026-07-20T18:36:07.544Z,Younger,-0.5390404204440085,1.0,1.0,1.0,1,6.584531143052704,DOB
TT057_1784572404744,,Benny,5,A,A,B,hmm1_boss,hmm1_close,close_boss,hmm1_close,close,hmm,group,individual,False,group,individual,Flowers_Hmm_1,Riley,flowers,Ash,flurp,Charlie,zazzo,"Hmm, Wugs must like to eat flowers.","Hmm, Riley must like to eat flowers.",riley.png,riley_flowers.png,orange9.png,green1.png,Charlie,zazzo,individual,2,1,14234,2026-07-20T18:36:52.260Z,Younger,-0.5390404204440085,1.0,1.0,1.0,1,6.584531143052704,DOB
TT057_1784572404744,,Benny,5,A,A,B,hmm1_boss,hmm1_close,close_boss,hmm1_close,close,hmm,group,individual,True,individual,group,Balls_Hmm_1,Alex,balls,Quinn,flurp,Drew,zazzo,"Hmm, Alex must like to bounce balls on their heads.","Hmm, Wugs must like to bounce balls on their heads.",alex.png,alex_ball.png,orange11.png,green1.png,Drew,zazzo,group,1,0,17650,2026-07-20T18:37:48.493Z,Younger,-0.5390404204440085,1.0,1.0,1.0,0,6.584531143052704,DOB
TT057_1784572404744,,Benny,5,A,A,B,hmm1_boss,hmm1_close,close_boss,hmm1_close,close,hmm,group,individual,False,group,individual,Walls_Hmm_1,Taylor,walls,Finley,flurp,Robin,zazzo,"Hmm, Wugs must like to climb tall buildings.","Hmm, Taylor must like to climb tall buildings.",taylor.png,taylor_walls.png,orange2.png,green10.png,Finley,flurp,group,1,0,15350,2026-07-20T18:38:51.843Z,Younger,-0.5390404204440085,1.0,1.0,1.0,0,6.584531143052704,DOB
TT057_1784572404744,,Benny,5,A,A,B,hmm1_boss,hmm1_close,close_boss,hmm1_close,close,hmm,group,individual,False,group,individual,Bugs_Hmm_1,Rowan,bugs,Emery,flurp,Jules,zazzo,"Hmm, Wugs must like to play with bugs.","Hmm, Rowan must like to play with bugs.",rowan.png,rowan_bugs.png,orange14.png,green10.png,Jules,zazzo,individual,2,1,12369,2026-07-20T18:39:32.594Z,Younger,-0.5390404204440085,1.0,1.0,1.0,1,6.584531143052704,DOB
TT057_1784572404744,,Benny,5,B,A,B,hmm1_boss,hmm1_close,close_boss,hmm1_boss,boss,hmm,group,individual,False,group,individual,Plants_Hmm_1_b,Sage,plants,Juno,flurp,Reed,zazzo,"Hmm, Wugs must like to talk to plants.","Hmm, Sage must like to talk to plants.",sage.png,sage_plants.png,orange6.png,green10.png,Juno,flurp,group,1,1,26382,2026-07-20T18:41:15.426Z,Younger,-0.5390404204440085,-1.0,1.0,1.0,1,6.584531143052704,DOB
TT057_1784572404744,,Benny,5,B,A,B,hmm1_boss,hmm1_close,close_boss,hmm1_boss,boss,hmm,group,individual,False,group,individual,Sniffing_Hmm_1_b,Arlo,sniffing,Cora,flurp,Beau,zazzo,"Hmm, Wugs must like to sniff things before touching them.","Hmm, Arlo must like to sniff things before touching them.",arlo.png,arlo_sniffing.png,orange9.png,green1.png,Beau,zazzo,individual,2,0,20916,2026-07-20T18:42:06.409Z,Younger,-0.5390404204440085,-1.0,1.0,1.0,0,6.584531143052704,DOB
TT057_1784572404744,,Benny,5,B,A,B,hmm1_boss,hmm1_close,close_boss,hmm1_boss,boss,hmm,group,individual,False,group,individual,Rocks_Hmm_1_b,Sam,rocks,Nova,flurp,Finn,zazzo,"Hmm, Wugs must like to pick up rocks and put them in their pocket.","Hmm, Sam must like to pick up rocks and put them in their pocket.",sam.png,sam_rocks.png,orange4.png,green1.png,Nova,flurp,group,1,1,21483,2026-07-20T18:43:04.475Z,Younger,-0.5390404204440085,-1.0,1.0,1.0,1,6.584531143052704,DOB
TT057_1784572404744,,Benny,5,B,A,B,hmm1_boss,hmm1_close,close_boss,hmm1_boss,boss,hmm,group,individual,False,group,individual,Pinecones_Hmm_1_b,Blake,pinecones,Zara,flurp,Bryn,zazzo,"Hmm, Wugs must like to pile up pinecones into a tall tower.","Hmm, Blake must like to pile up pinecones into a tall tower.",blake.png,blake_pinecones.png,orange4.png,green10.png,Bryn,zazzo,individual,2,0,18517,2026-07-20T18:43:54.308Z,Younger,-0.5390404204440085,-1.0,1.0,1.0,0,6.584531143052704,DOB
TT057_1784572404744,,Benny,5,B,A,B,hmm1_boss,hmm1_close,close_boss,hmm1_boss,boss,hmm,group,individual,False,group,individual,Spinning_Hmm_1_b,Wren,spinning,Lumi,flurp,Flint,zazzo,"Hmm, Wugs must like to spin around before sitting down.","Hmm, Wren must like to spin around before sitting down.",wren.png,wren_spinning.png,orange7.png,green7.png,Lumi,flurp,group,1,1,16200,2026-07-20T18:44:46.258Z,Younger,-0.5390404204440085,-1.0,1.0,1.0,1,6.584531143052704,DOB
TT057_1784572404744,,Benny,5,B,A,B,hmm1_boss,hmm1_close,close_boss,hmm1_boss,boss,hmm,group,individual,True,individual,group,Backwards_Hmm_1_b,Theo,backwards,Cleo,flurp,Moss,zazzo,"Hmm, Theo must like to walk backwards.","Hmm, Wugs must like to walk backwards.",theo.png,theo_backwards.png,orange3.png,green9.png,Moss,zazzo,group,1,1,22916,2026-07-20T18:45:39.274Z,Younger,-0.5390404204440085,-1.0,1.0,1.0,1,6.584531143052704,DOB
TT058_1785105414000,,Zachary,6,B,B,A,yes2_boss,hmm1_close,close_boss,hmm1_close,close,hmm,group,individual,True,individual,group,Spinning_Hmm_1,Wren,spinning,Lumi,flurp,Flint,zazzo,"Hmm, Wren must like to spin around before sitting down.","Hmm, Wugs must like to spin around before sitting down.",wren.png,wren_spinning.png,orange11.png,green12.png,Lumi,flurp,individual,2,1,26034,2026-07-26T22:41:03.289Z,Younger,-0.5527296743796697,1.0,1.0,1.0,1,6.570841889117043,DOB
TT058_1785105414000,,Zachary,6,B,B,A,yes2_boss,hmm1_close,close_boss,hmm1_close,close,hmm,group,individual,False,group,individual,Pinecones_Hmm_1,Blake,pinecones,Zara,flurp,Bryn,zazzo,"Hmm, Wugs must like to pile up pinecones into a tall tower.","Hmm, Blake must like to pile up pinecones into a tall tower.",blake.png,blake_pinecones.png,orange8.png,green6.png,Bryn,zazzo,individual,2,1,27853,2026-07-26T22:42:08.077Z,Younger,-0.5527296743796697,1.0,1.0,1.0,1,6.570841889117043,DOB
TT058_1785105414000,,Zachary,6,B,B,A,yes2_boss,hmm1_close,close_boss,hmm1_close,close,hmm,group,individual,False,group,individual,Sniffing_Hmm_1,Arlo,sniffing,Cora,flurp,Beau,zazzo,"Hmm, Wugs must like to sniff things before touching them.","Hmm, Arlo must like to sniff things before touching them.",arlo.png,arlo_sniffing.png,orange10.png,green1.png,Cora,flurp,group,1,0,18329,2026-07-26T22:43:25.896Z,Younger,-0.5527296743796697,1.0,1.0,1.0,0,6.570841889117043,DOB
TT058_1785105414000,,Zachary,6,B,B,A,yes2_boss,hmm1_close,close_boss,hmm1_close,close,hmm,group,individual,True,individual,group,Rocks_Hmm_1,Sam,rocks,Nova,flurp,Finn,zazzo,"Hmm, Sam must like to pick up rocks and put them in their pocket.","Hmm, Wugs must like to pick up rocks and put them in their pocket.",sam.png,sam_rocks.png,orange8.png,green9.png,Finn,zazzo,group,1,0,18121,2026-07-26T22:44:17.666Z,Younger,-0.5527296743796697,1.0,1.0,1.0,0,6.570841889117043,DOB
TT058_1785105414000,,Zachary,6,B,B,A,yes2_boss,hmm1_close,close_boss,hmm1_close,close,hmm,group,individual,True,individual,group,Plants_Hmm_1,Sage,plants,Juno,flurp,Reed,zazzo,"Hmm, Sage must like to talk to plants.","Hmm, Wugs must like to talk to plants.",sage.png,sage_plants.png,orange15.png,green11.png,Juno,flurp,individual,2,1,20724,2026-07-26T22:45:07.895Z,Younger,-0.5527296743796697,1.0,1.0,1.0,1,6.570841889117043,DOB
TT058_1785105414000,,Zachary,6,B,B,A,yes2_boss,hmm1_close,close_boss,hmm1_close,close,hmm,group,individual,True,individual,group,Backwards_Hmm_1,Theo,backwards,Cleo,flurp,Moss,zazzo,"Hmm, Theo must like to walk backwards.","Hmm, Wugs must like to walk backwards.",theo.png,theo_backwards.png,orange3.png,green.png,Moss,zazzo,group,1,0,16743,2026-07-26T22:45:55.972Z,Younger,-0.5527296743796697,1.0,1.0,1.0,0,6.570841889117043,DOB
TT058_1785105414000,,Zachary,6,A,B,A,yes2_boss,hmm1_close,close_boss,yes2_boss,boss,yes,individual,group,False,individual,group,Bugs_Yes_2_b,Rowan,bugs,Emery,flurp,Jules,zazzo,"Yes, Rowan likes to play with bugs.","Yes, Wugs like to play with bugs.",rowan.png,rowan_bugs.png,orange8.png,green6.png,Jules,zazzo,group,1,1,24537,2026-07-26T22:47:38.357Z,Younger,-0.5527296743796697,-1.0,-1.0,1.0,1,6.570841889117043,DOB
TT058_1785105414000,,Zachary,6,A,B,A,yes2_boss,hmm1_close,close_boss,yes2_boss,boss,yes,individual,group,True,group,individual,Flowers_Yes_2_b,Riley,flowers,Ash,flurp,Charlie,zazzo,"Yes, Wugs like to eat flowers.","Yes, Riley likes to eat flowers.",riley.png,riley_flowers.png,orange7.png,green7.png,Ash,flurp,group,1,1,19269,2026-07-26T22:48:26.562Z,Younger,-0.5527296743796697,-1.0,-1.0,1.0,1,6.570841889117043,DOB
TT058_1785105414000,,Zachary,6,A,B,A,yes2_boss,hmm1_close,close_boss,yes2_boss,boss,yes,individual,group,True,group,individual,Balls_Yes_2_b,Alex,balls,Quinn,flurp,Drew,zazzo,"Yes, Wugs like to bounce balls on their heads.","Yes, Alex likes to bounce balls on their heads.",alex.png,alex_ball.png,orange11.png,green.png,Quinn,flurp,group,1,1,22437,2026-07-26T22:50:06.871Z,Younger,-0.5527296743796697,-1.0,-1.0,1.0,1,6.570841889117043,DOB
TT058_1785105414000,,Zachary,6,A,B,A,yes2_boss,hmm1_close,close_boss,yes2_boss,boss,yes,individual,group,True,group,individual,Whisper_Yes_2_b,Jordan,whisper,Skyler,flurp,Reese,zazzo,"Yes, Wugs like to whisper when they talk.","Yes, Jordan likes to whisper when they talk.",jordan.png,jordan_whisper.png,orange8.png,green.png,Skyler,flurp,group,1,1,12888,2026-07-26T22:50:47.931Z,Younger,-0.5527296743796697,-1.0,-1.0,1.0,1,6.570841889117043,DOB
TT058_1785105414000,,Zachary,6,A,B,A,yes2_boss,hmm1_close,close_boss,yes2_boss,boss,yes,individual,group,True,group,individual,Walls_Yes_2_b,Taylor,walls,Finley,flurp,Robin,zazzo,"Yes, Wugs like to climb tall buildings.","Yes, Taylor likes to climb tall buildings.",taylor.png,taylor_walls.png,orange11.png,green7.png,Finley,flurp,group,1,1,14528,2026-07-26T22:51:44.539Z,Younger,-0.5527296743796697,-1.0,-1.0,1.0,1,6.570841889117043,DOB
TT058_1785105414000,,Zachary,6,A,B,A,yes2_boss,hmm1_close,close_boss,yes2_boss,boss,yes,individual,group,True,group,individual,Night_Yes_2_b,Casey,night,River,flurp,Morgan,zazzo,"Yes, Wugs like to stay up in the middle of the night.","Yes, Casey likes to stay up in the middle of the night.",casey.png,casey_night.png,orange4.png,green10.png,Morgan,zazzo,individual,2,0,13119,2026-07-26T22:52:19.437Z,Younger,-0.5527296743796697,-1.0,-1.0,1.0,0,6.570841889117043,DOB
TT059_1782780120849,,Lucas,8,B,B,A,yes1_boss,hmm1_close,close_boss,hmm1_close,close,hmm,group,individual,False,group,individual,Rocks_Hmm_1,Sam,rocks,Nova,flurp,Finn,zazzo,"Hmm, Wugs must like to pick up rocks and put them in their pocket.","Hmm, Sam must like to pick up rocks and put them in their pocket.",sam.png,sam_rocks.png,orange11.png,green7.png,Nova,flurp,group,1,0,20615,2026-06-30T00:44:18.373Z,Older,1.3199602640186878,1.0,1.0,-1.0,0,8.4435318275154,DOB
TT059_1782780120849,,Lucas,8,B,B,A,yes1_boss,hmm1_close,close_boss,hmm1_close,close,hmm,group,individual,True,individual,group,Plants_Hmm_1,Sage,plants,Juno,flurp,Reed,zazzo,"Hmm, Sage must like to talk to plants.","Hmm, Wugs must like to talk to plants.",sage.png,sage_plants.png,orange7.png,green.png,Reed,zazzo,group,1,0,13515,2026-06-30T00:44:58.182Z,Older,1.3199602640186878,1.0,1.0,-1.0,0,8.4435318275154,DOB
TT059_1782780120849,,Lucas,8,B,B,A,yes1_boss,hmm1_close,close_boss,hmm1_close,close,hmm,group,individual,True,individual,group,Spinning_Hmm_1,Wren,spinning,Lumi,flurp,Flint,zazzo,"Hmm, Wren must like to spin around before sitting down.","Hmm, Wugs must like to spin around before sitting down.",wren.png,wren_spinning.png,orange7.png,green12.png,Lumi,flurp,individual,2,1,14170,2026-06-30T00:45:23.668Z,Older,1.3199602640186878,1.0,1.0,-1.0,1,8.4435318275154,DOB
TT059_1782780120849,,Lucas,8,B,B,A,yes1_boss,hmm1_close,close_boss,hmm1_close,close,hmm,group,individual,False,group,individual,Pinecones_Hmm_1,Blake,pinecones,Zara,flurp,Bryn,zazzo,"Hmm, Wugs must like to pile up pinecones into a tall tower.","Hmm, Blake must like to pile up pinecones into a tall tower.",blake.png,blake_pinecones.png,orange7.png,green9.png,Zara,flurp,group,1,0,13436,2026-06-30T00:46:08.282Z,Older,1.3199602640186878,1.0,1.0,-1.0,0,8.4435318275154,DOB
TT059_1782780120849,,Lucas,8,B,B,A,yes1_boss,hmm1_close,close_boss,hmm1_close,close,hmm,group,individual,True,individual,group,Sniffing_Hmm_1,Arlo,sniffing,Cora,flurp,Beau,zazzo,"Hmm, Arlo must like to sniff things before touching them.","Hmm, Wugs must like to sniff things before touching them.",arlo.png,arlo_sniffing.png,orange9.png,green.png,Beau,zazzo,group,1,0,11208,2026-06-30T00:46:34.733Z,Older,1.3199602640186878,1.0,1.0,-1.0,0,8.4435318275154,DOB
TT059_1782780120849,,Lucas,8,B,B,A,yes1_boss,hmm1_close,close_boss,hmm1_close,close,hmm,group,individual,False,group,individual,Backwards_Hmm_1,Theo,backwards,Cleo,flurp,Moss,zazzo,"Hmm, Wugs must like to walk backwards.","Hmm, Theo must like to walk backwards.",theo.png,theo_backwards.png,orange10.png,green12.png,Cleo,flurp,group,1,0,12500,2026-06-30T00:46:55.966Z,Older,1.3199602640186878,1.0,1.0,-1.0,0,8.4435318275154,DOB
TT059_1782780120849,,Lucas,8,A,B,A,yes1_boss,hmm1_close,close_boss,yes1_boss,boss,yes,group,individual,True,individual,group,Whisper_Yes_1_b,Jordan,whisper,Skyler,flurp,Reese,zazzo,"Yes, Jordan likes to whisper when they talk.","Yes, Wugs like to whisper when they talk.",jordan.png,jordan_whisper.png,orange15.png,green.png,Skyler,flurp,individual,2,0,10547,2026-06-30T00:47:56.402Z,Older,1.3199602640186878,-1.0,-1.0,-1.0,0,8.4435318275154,DOB
TT059_1782780120849,,Lucas,8,A,B,A,yes1_boss,hmm1_close,close_boss,yes1_boss,boss,yes,group,individual,True,individual,group,Balls_Yes_1_b,Alex,balls,Quinn,flurp,Drew,zazzo,"Yes, Alex likes to bounce balls on their heads.","Yes, Wugs like to bounce balls on their heads.",alex.png,alex_ball.png,orange10.png,green12.png,Quinn,flurp,individual,2,0,12934,2026-06-30T00:48:20.317Z,Older,1.3199602640186878,-1.0,-1.0,-1.0,0,8.4435318275154,DOB
TT059_1782780120849,,Lucas,8,A,B,A,yes1_boss,hmm1_close,close_boss,yes1_boss,boss,yes,group,individual,True,individual,group,Bugs_Yes_1_b,Rowan,bugs,Emery,flurp,Jules,zazzo,"Yes, Rowan likes to play with bugs.","Yes, Wugs like to play with bugs.",rowan.png,rowan_bugs.png,orange15.png,green10.png,Jules,zazzo,group,1,1,8130,2026-06-30T00:48:57.553Z,Older,1.3199602640186878,-1.0,-1.0,-1.0,1,8.4435318275154,DOB
TT059_1782780120849,,Lucas,8,A,B,A,yes1_boss,hmm1_close,close_boss,yes1_boss,boss,yes,group,individual,True,individual,group,Walls_Yes_1_b,Taylor,walls,Finley,flurp,Robin,zazzo,"Yes, Taylor likes to climb tall buildings.","Yes, Wugs like to climb tall buildings.",taylor.png,taylor_walls.png,orange14.png,green11.png,Robin,zazzo,group,1,1,9436,2026-06-30T00:49:12.547Z,Older,1.3199602640186878,-1.0,-1.0,-1.0,1,8.4435318275154,DOB
TT059_1782780120849,,Lucas,8,A,B,A,yes1_boss,hmm1_close,close_boss,yes1_boss,boss,yes,group,individual,True,individual,group,Night_Yes_1_b,Casey,night,River,flurp,Morgan,zazzo,"Yes, Casey likes to stay up in the middle of the night.","Yes, Wugs like to stay up in the middle of the night.",casey.png,casey_night.png,orange11.png,green6.png,River,flurp,individual,2,0,15121,2026-06-30T00:49:40.746Z,Older,1.3199602640186878,-1.0,-1.0,-1.0,0,8.4435318275154,DOB
TT059_1782780120849,,Lucas,8,A,B,A,yes1_boss,hmm1_close,close_boss,yes1_boss,boss,yes,group,individual,False,group,individual,Flowers_Yes_1_b,Riley,flowers,Ash,flurp,Charlie,zazzo,"Yes, Wugs like to eat flowers.","Yes, Riley likes to eat flowers.",riley.png,riley_flowers.png,orange11.png,green9.png,Ash,flurp,group,1,1,10590,2026-06-30T00:49:55.483Z,Older,1.3199602640186878,-1.0,-1.0,-1.0,1,8.4435318275154,DOB
TT060_1782161192818,,Sylvia,7,A,B,A,yes2_boss,yes2_close,boss_close,yes2_boss,boss,yes,individual,group,False,individual,group,Balls_Yes_2_b,Alex,balls,Quinn,flurp,Drew,zazzo,"Yes, Alex likes to bounce balls on their heads.","Yes, Wugs like to bounce balls on their heads.",alex.png,alex_ball.png,orange10.png,green9.png,Drew,zazzo,group,1,1,34415,2026-06-22T20:50:48.512Z,Older,0.5533620436216999,-1.0,-1.0,-1.0,1,7.676933607118412,DOB
TT060_1782161192818,,Sylvia,7,A,B,A,yes2_boss,yes2_close,boss_close,yes2_boss,boss,yes,individual,group,False,individual,group,Night_Yes_2_b,Casey,night,River,flurp,Morgan,zazzo,"Yes, Casey likes to stay up in the middle of the night.","Yes, Wugs like to stay up in the middle of the night.",casey.png,casey_night.png,orange14.png,green7.png,River,flurp,individual,2,0,19572,2026-06-22T20:51:38.940Z,Older,0.5533620436216999,-1.0,-1.0,-1.0,0,7.676933607118412,DOB
TT060_1782161192818,,Sylvia,7,A,B,A,yes2_boss,yes2_close,boss_close,yes2_boss,boss,yes,individual,group,True,group,individual,Bugs_Yes_2_b,Rowan,bugs,Emery,flurp,Jules,zazzo,"Yes, Wugs like to play with bugs.","Yes, Rowan likes to play with bugs.",rowan.png,rowan_bugs.png,orange7.png,green.png,Emery,flurp,group,1,1,16924,2026-06-22T20:52:30.368Z,Older,0.5533620436216999,-1.0,-1.0,-1.0,1,7.676933607118412,DOB
TT060_1782161192818,,Sylvia,7,A,B,A,yes2_boss,yes2_close,boss_close,yes2_boss,boss,yes,individual,group,True,group,individual,Flowers_Yes_2_b,Riley,flowers,Ash,flurp,Charlie,zazzo,"Yes, Wugs like to eat flowers.","Yes, Riley likes to eat flowers.",riley.png,riley_flowers.png,orange8.png,green7.png,Ash,flurp,group,1,1,13164,2026-06-22T20:52:58.578Z,Older,0.5533620436216999,-1.0,-1.0,-1.0,1,7.676933607118412,DOB
TT060_1782161192818,,Sylvia,7,A,B,A,yes2_boss,yes2_close,boss_close,yes2_boss,boss,yes,individual,group,True,group,individual,Walls_Yes_2_b,Taylor,walls,Finley,flurp,Robin,zazzo,"Yes, Wugs like to climb tall buildings.","Yes, Taylor likes to climb tall buildings.",taylor.png,taylor_walls.png,orange3.png,green11.png,Robin,zazzo,individual,2,0,14753,2026-06-22T20:53:33.083Z,Older,0.5533620436216999,-1.0,-1.0,-1.0,0,7.676933607118412,DOB
TT060_1782161192818,,Sylvia,7,A,B,A,yes2_boss,yes2_close,boss_close,yes2_boss,boss,yes,individual,group,True,group,individual,Whisper_Yes_2_b,Jordan,whisper,Skyler,flurp,Reese,zazzo,"Yes, Wugs like to whisper when they talk.","Yes, Jordan likes to whisper when they talk.",jordan.png,jordan_whisper.png,orange6.png,green10.png,Skyler,flurp,group,1,1,14338,2026-06-22T20:54:16.370Z,Older,0.5533620436216999,-1.0,-1.0,-1.0,1,7.676933607118412,DOB
TT060_1782161192818,,Sylvia,7,B,B,A,yes2_boss,yes2_close,boss_close,yes2_close,close,yes,individual,group,False,individual,group,Plants_Yes_2,Sage,plants,Juno,flurp,Reed,zazzo,"Yes, Sage likes to talk to plants.","Yes, Wugs like to talk to plants.",sage.png,sage_plants.png,orange2.png,green10.png,Juno,flurp,individual,2,1,17028,2026-06-22T20:55:38.602Z,Older,0.5533620436216999,1.0,-1.0,-1.0,1,7.676933607118412,DOB
TT060_1782161192818,,Sylvia,7,B,B,A,yes2_boss,yes2_close,boss_close,yes2_close,close,yes,individual,group,True,group,individual,Rocks_Yes_2,Sam,rocks,Nova,flurp,Finn,zazzo,"Yes, Wugs like to pick up rocks and put them in their pocket.","Yes, Sam likes to pick up rocks and put them in their pocket.",sam.png,sam_rocks.png,orange11.png,green2.png,Finn,zazzo,individual,2,1,18003,2026-06-22T20:56:24.528Z,Older,0.5533620436216999,1.0,-1.0,-1.0,1,7.676933607118412,DOB
TT060_1782161192818,,Sylvia,7,B,B,A,yes2_boss,yes2_close,boss_close,yes2_close,close,yes,individual,group,True,group,individual,Pinecones_Yes_2,Blake,pinecones,Zara,flurp,Bryn,zazzo,"Yes, Wugs like to pile up pinecones into a tall tower.","Yes, Blake likes to pile up pinecones into a tall tower.",blake.png,blake_pinecones.png,orange4.png,green2.png,Zara,flurp,group,1,0,16530,2026-06-22T20:57:17.203Z,Older,0.5533620436216999,1.0,-1.0,-1.0,0,7.676933607118412,DOB
TT060_1782161192818,,Sylvia,7,B,B,A,yes2_boss,yes2_close,boss_close,yes2_close,close,yes,individual,group,True,group,individual,Sniffing_Yes_2,Arlo,sniffing,Cora,flurp,Beau,zazzo,"Yes, Wugs like to sniff things before touching them.","Yes, Arlo likes to sniff things before touching them.",arlo.png,arlo_sniffing.png,orange14.png,green1.png,Cora,flurp,group,1,0,15818,2026-06-22T20:57:47.433Z,Older,0.5533620436216999,1.0,-1.0,-1.0,0,7.676933607118412,DOB
TT060_1782161192818,,Sylvia,7,B,B,A,yes2_boss,yes2_close,boss_close,yes2_close,close,yes,individual,group,True,group,individual,Backwards_Yes_2,Theo,backwards,Cleo,flurp,Moss,zazzo,"Yes, Wugs like to walk backwards.","Yes, Theo likes to walk backwards.",theo.png,theo_backwards.png,orange2.png,green12.png,Moss,zazzo,individual,2,1,13745,2026-06-22T20:58:31.879Z,Older,0.5533620436216999,1.0,-1.0,-1.0,1,7.676933607118412,DOB
TT060_1782161192818,,Sylvia,7,B,B,A,yes2_boss,yes2_close,boss_close,yes2_close,close,yes,individual,group,False,individual,group,Spinning_Yes_2,Wren,spinning,Lumi,flurp,Flint,zazzo,"Yes, Wren likes to spin around before sitting down.","Yes, Wugs like to spin around before sitting down.",wren.png,wren_spinning.png,orange7.png,green6.png,Flint,zazzo,group,1,0,20901,2026-06-22T20:59:18.704Z,Older,0.5533620436216999,1.0,-1.0,-1.0,0,7.676933607118412,DOB
TT060_1782174130013,,LUNA,5,A,A,B,yes2_boss,hmm2_close,close_boss,hmm2_close,close,hmm,individual,group,False,individual,group,Flowers_Hmm_2,Riley,flowers,Ash,flurp,Charlie,zazzo,"Hmm, Riley must like to eat flowers.","Hmm, Wugs must like to eat flowers.",riley.png,riley_flowers.png,orange11.png,green1.png,Ash,flurp,individual,2,1,17651,2026-06-23T00:24:25.336Z,Younger,-1.4151526723262817,1.0,1.0,1.0,1,5.708418891170431,DOB
TT060_1782174130013,,LUNA,5,A,A,B,yes2_boss,hmm2_close,close_boss,hmm2_close,close,hmm,individual,group,True,group,individual,Whisper_Hmm_2,Jordan,whisper,Skyler,flurp,Reese,zazzo,"Hmm, Wugs must like to whisper when they talk.","Hmm, Jordan must like to whisper when they talk.",jordan.png,jordan_whisper.png,orange8.png,green1.png,Reese,zazzo,individual,2,1,17542,2026-06-23T00:25:18.176Z,Younger,-1.4151526723262817,1.0,1.0,1.0,1,5.708418891170431,DOB
TT060_1782174130013,,LUNA,5,A,A,B,yes2_boss,hmm2_close,close_boss,hmm2_close,close,hmm,individual,group,True,group,individual,Walls_Hmm_2,Taylor,walls,Finley,flurp,Robin,zazzo,"Hmm, Wugs must like to climb tall buildings.","Hmm, Taylor must like to climb tall buildings.",taylor.png,taylor_walls.png,orange4.png,green7.png,Finley,flurp,group,1,0,15784,2026-06-23T00:25:59.078Z,Younger,-1.4151526723262817,1.0,1.0,1.0,0,5.708418891170431,DOB
TT060_1782174130013,,LUNA,5,A,A,B,yes2_boss,hmm2_close,close_boss,hmm2_close,close,hmm,individual,group,False,individual,group,Bugs_Hmm_2,Rowan,bugs,Emery,flurp,Jules,zazzo,"Hmm, Rowan must like to play with bugs.","Hmm, Wugs must like to play with bugs.",rowan.png,rowan_bugs.png,orange10.png,green11.png,Jules,zazzo,group,1,0,10763,2026-06-23T00:26:19.539Z,Younger,-1.4151526723262817,1.0,1.0,1.0,0,5.708418891170431,DOB
TT060_1782174130013,,LUNA,5,A,A,B,yes2_boss,hmm2_close,close_boss,hmm2_close,close,hmm,individual,group,True,group,individual,Balls_Hmm_2,Alex,balls,Quinn,flurp,Drew,zazzo,"Hmm, Wugs must like to bounce balls on their heads.","Hmm, Alex must like to bounce balls on their heads.",alex.png,alex_ball.png,orange4.png,green.png,Quinn,flurp,group,1,0,14490,2026-06-23T00:26:58.401Z,Younger,-1.4151526723262817,1.0,1.0,1.0,0,5.708418891170431,DOB
TT060_1782174130013,,LUNA,5,A,A,B,yes2_boss,hmm2_close,close_boss,hmm2_close,close,hmm,individual,group,False,individual,group,Night_Hmm_2,Casey,night,River,flurp,Morgan,zazzo,"Hmm, Casey must like to stay up in the middle of the night.","Hmm, Wugs must like to stay up in the middle of the night.",casey.png,casey_night.png,orange15.png,green7.png,River,flurp,individual,2,1,14853,2026-06-23T00:27:23.930Z,Younger,-1.4151526723262817,1.0,1.0,1.0,1,5.708418891170431,DOB
TT060_1782174130013,,LUNA,5,B,A,B,yes2_boss,hmm2_close,close_boss,yes2_boss,boss,yes,individual,group,True,group,individual,Plants_Yes_2_b,Sage,plants,Juno,flurp,Reed,zazzo,"Yes, Wugs like to talk to plants.","Yes, Sage likes to talk to plants.",sage.png,sage_plants.png,orange10.png,green.png,Reed,zazzo,individual,2,0,10065,2026-06-23T00:28:18.622Z,Younger,-1.4151526723262817,-1.0,-1.0,1.0,0,5.708418891170431,DOB
TT060_1782174130013,,LUNA,5,B,A,B,yes2_boss,hmm2_close,close_boss,yes2_boss,boss,yes,individual,group,False,individual,group,Spinning_Yes_2_b,Wren,spinning,Lumi,flurp,Flint,zazzo,"Yes, Wren likes to spin around before sitting down.","Yes, Wugs like to spin around before sitting down.",wren.png,wren_spinning.png,orange11.png,green6.png,Lumi,flurp,individual,2,0,15528,2026-06-23T00:28:44.109Z,Younger,-1.4151526723262817,-1.0,-1.0,1.0,0,5.708418891170431,DOB
TT060_1782174130013,,LUNA,5,B,A,B,yes2_boss,hmm2_close,close_boss,yes2_boss,boss,yes,individual,group,True,group,individual,Backwards_Yes_2_b,Theo,backwards,Cleo,flurp,Moss,zazzo,"Yes, Wugs like to walk backwards.","Yes, Theo likes to walk backwards.",theo.png,theo_backwards.png,orange9.png,green1.png,Moss,zazzo,individual,2,0,9688,2026-06-23T00:29:09.579Z,Younger,-1.4151526723262817,-1.0,-1.0,1.0,0,5.708418891170431,DOB
TT060_1782174130013,,LUNA,5,B,A,B,yes2_boss,hmm2_close,close_boss,yes2_boss,boss,yes,individual,group,False,individual,group,Rocks_Yes_2_b,Sam,rocks,Nova,flurp,Finn,zazzo,"Yes, Sam likes to pick up rocks and put them in their pocket.","Yes, Wugs like to pick up rocks and put them in their pocket.",sam.png,sam_rocks.png,orange7.png,green12.png,Nova,flurp,individual,2,0,15369,2026-06-23T00:29:37.338Z,Younger,-1.4151526723262817,-1.0,-1.0,1.0,0,5.708418891170431,DOB
TT060_1782174130013,,LUNA,5,B,A,B,yes2_boss,hmm2_close,close_boss,yes2_boss,boss,yes,individual,group,False,individual,group,Sniffing_Yes_2_b,Arlo,sniffing,Cora,flurp,Beau,zazzo,"Yes, Arlo likes to sniff things before touching them.","Yes, Wugs like to sniff things before touching them.",arlo.png,arlo_sniffing.png,orange6.png,green2.png,Beau,zazzo,group,1,1,11595,2026-06-23T00:30:03.437Z,Younger,-1.4151526723262817,-1.0,-1.0,1.0,1,5.708418891170431,DOB
TT060_1782174130013,,LUNA,5,B,A,B,yes2_boss,hmm2_close,close_boss,yes2_boss,boss,yes,individual,group,False,individual,group,Pinecones_Yes_2_b,Blake,pinecones,Zara,flurp,Bryn,zazzo,"Yes, Blake likes to pile up pinecones into a tall tower.","Yes, Wugs like to pile up pinecones into a tall tower.",blake.png,blake_pinecones.png,orange15.png,green9.png,Zara,flurp,individual,2,0,12193,2026-06-23T00:30:24.844Z,Younger,-1.4151526723262817,-1.0,-1.0,1.0,0,5.708418891170431,DOB
TT061_1782573741330,,andrew,8,A,B,A,hmm2_boss,hmm2_close,boss_close,hmm2_boss,boss,hmm,individual,group,False,individual,group,Flowers_Hmm_2_b,Riley,flowers,Ash,flurp,Charlie,zazzo,"Hmm, Riley must like to eat flowers.","Hmm, Wugs must like to eat flowers.",riley.png,riley_flowers.png,orange6.png,green9.png,Ash,flurp,individual,2,0,32963,2026-06-27T15:26:34.418Z,Older,0.8928555412260799,-1.0,1.0,-1.0,0,8.016427104722792,DOB
TT061_1782573741330,,andrew,8,A,B,A,hmm2_boss,hmm2_close,boss_close,hmm2_boss,boss,hmm,individual,group,True,group,individual,Walls_Hmm_2_b,Taylor,walls,Finley,flurp,Robin,zazzo,"Hmm, Wugs must like to climb tall buildings.","Hmm, Taylor must like to climb tall buildings.",taylor.png,taylor_walls.png,orange6.png,green.png,Finley,flurp,group,1,1,23096,2026-06-27T15:27:26.068Z,Older,0.8928555412260799,-1.0,1.0,-1.0,1,8.016427104722792,DOB
TT061_1782573741330,,andrew,8,A,B,A,hmm2_boss,hmm2_close,boss_close,hmm2_boss,boss,hmm,individual,group,True,group,individual,Night_Hmm_2_b,Casey,night,River,flurp,Morgan,zazzo,"Hmm, Wugs must like to stay up in the middle of the night.","Hmm, Casey must like to stay up in the middle of the night.",casey.png,casey_night.png,orange14.png,green6.png,River,flurp,group,1,1,18587,2026-06-27T15:28:21.399Z,Older,0.8928555412260799,-1.0,1.0,-1.0,1,8.016427104722792,DOB
TT061_1782573741330,,andrew,8,A,B,A,hmm2_boss,hmm2_close,boss_close,hmm2_boss,boss,hmm,individual,group,False,individual,group,Whisper_Hmm_2_b,Jordan,whisper,Skyler,flurp,Reese,zazzo,"Hmm, Jordan must like to whisper when they talk.","Hmm, Wugs must like to whisper when they talk.",jordan.png,jordan_whisper.png,orange10.png,green2.png,Skyler,flurp,individual,2,0,39534,2026-06-27T15:29:46.578Z,Older,0.8928555412260799,-1.0,1.0,-1.0,0,8.016427104722792,DOB
TT061_1782573741330,,andrew,8,A,B,A,hmm2_boss,hmm2_close,boss_close,hmm2_boss,boss,hmm,individual,group,False,individual,group,Balls_Hmm_2_b,Alex,balls,Quinn,flurp,Drew,zazzo,"Hmm, Alex must like to bounce balls on their heads.","Hmm, Wugs must like to bounce balls on their heads.",alex.png,alex_ball.png,orange10.png,green6.png,Quinn,flurp,individual,2,0,18105,2026-06-27T15:30:43.276Z,Older,0.8928555412260799,-1.0,1.0,-1.0,0,8.016427104722792,DOB
TT061_1782573741330,,andrew,8,A,B,A,hmm2_boss,hmm2_close,boss_close,hmm2_boss,boss,hmm,individual,group,False,individual,group,Bugs_Hmm_2_b,Rowan,bugs,Emery,flurp,Jules,zazzo,"Hmm, Rowan must like to play with bugs.","Hmm, Wugs must like to play with bugs.",rowan.png,rowan_bugs.png,orange11.png,green.png,Emery,flurp,individual,2,0,22947,2026-06-27T15:31:33.083Z,Older,0.8928555412260799,-1.0,1.0,-1.0,0,8.016427104722792,DOB
TT061_1782573741330,,andrew,8,B,B,A,hmm2_boss,hmm2_close,boss_close,hmm2_close,close,hmm,individual,group,True,group,individual,Spinning_Hmm_2,Wren,spinning,Lumi,flurp,Flint,zazzo,"Hmm, Wugs must like to spin around before sitting down.","Hmm, Wren must like to spin around before sitting down.",wren.png,wren_spinning.png,orange15.png,green12.png,Lumi,flurp,group,1,0,24394,2026-06-27T15:33:04.738Z,Older,0.8928555412260799,1.0,1.0,-1.0,0,8.016427104722792,DOB
TT061_1782573741330,,andrew,8,B,B,A,hmm2_boss,hmm2_close,boss_close,hmm2_close,close,hmm,individual,group,False,individual,group,Pinecones_Hmm_2,Blake,pinecones,Zara,flurp,Bryn,zazzo,"Hmm, Blake must like to pile up pinecones into a tall tower.","Hmm, Wugs must like to pile up pinecones into a tall tower.",blake.png,blake_pinecones.png,orange3.png,green.png,Bryn,zazzo,group,1,0,26707,2026-06-27T15:34:04.948Z,Older,0.8928555412260799,1.0,1.0,-1.0,0,8.016427104722792,DOB
TT061_1782573741330,,andrew,8,B,B,A,hmm2_boss,hmm2_close,boss_close,hmm2_close,close,hmm,individual,group,False,individual,group,Rocks_Hmm_2,Sam,rocks,Nova,flurp,Finn,zazzo,"Hmm, Sam must like to pick up rocks and put them in their pocket.","Hmm, Wugs must like to pick up rocks and put them in their pocket.",sam.png,sam_rocks.png,orange13.png,green2.png,Finn,zazzo,group,1,0,15978,2026-06-27T15:34:55.182Z,Older,0.8928555412260799,1.0,1.0,-1.0,0,8.016427104722792,DOB
TT061_1782573741330,,andrew,8,B,B,A,hmm2_boss,hmm2_close,boss_close,hmm2_close,close,hmm,individual,group,False,individual,group,Plants_Hmm_2,Sage,plants,Juno,flurp,Reed,zazzo,"Hmm, Sage must like to talk to plants.","Hmm, Wugs must like to talk to plants.",sage.png,sage_plants.png,orange14.png,green.png,Juno,flurp,individual,2,1,35988,2026-06-27T15:35:57.156Z,Older,0.8928555412260799,1.0,1.0,-1.0,1,8.016427104722792,DOB
TT061_1782573741330,,andrew,8,B,B,A,hmm2_boss,hmm2_close,boss_close,hmm2_close,close,hmm,individual,group,False,individual,group,Sniffing_Hmm_2,Arlo,sniffing,Cora,flurp,Beau,zazzo,"Hmm, Arlo must like to sniff things before touching them.","Hmm, Wugs must like to sniff things before touching them.",arlo.png,arlo_sniffing.png,orange10.png,green10.png,Beau,zazzo,group,1,0,16318,2026-06-27T15:36:48.300Z,Older,0.8928555412260799,1.0,1.0,-1.0,0,8.016427104722792,DOB
TT061_1782573741330,,andrew,8,B,B,A,hmm2_boss,hmm2_close,boss_close,hmm2_close,close,hmm,individual,group,True,group,individual,Backwards_Hmm_2,Theo,backwards,Cleo,flurp,Moss,zazzo,"Hmm, Wugs must like to walk backwards.","Hmm, Theo must like to walk backwards.",theo.png,theo_backwards.png,orange10.png,green9.png,Cleo,flurp,group,1,0,28130,2026-06-27T15:37:51.178Z,Older,0.8928555412260799,1.0,1.0,-1.0,0,8.016427104722792,DOB
TT062_1782343308733,,solara,7,B,A,B,yes1_boss,hmm1_close,boss_close,yes1_boss,boss,yes,group,individual,True,individual,group,Spinning_Yes_1_b,Wren,spinning,Lumi,flurp,Flint,zazzo,"Yes, Wren likes to spin around before sitting down.","Yes, Wugs like to spin around before sitting down.",wren.png,wren_spinning.png,orange14.png,green.png,Lumi,flurp,individual,2,0,23381,2026-06-24T23:24:30.596Z,Older,-0.10372214529000434,-1.0,-1.0,-1.0,0,7.019849418206708,DOB
TT062_1782343308733,,solara,7,B,A,B,yes1_boss,hmm1_close,boss_close,yes1_boss,boss,yes,group,individual,False,group,individual,Rocks_Yes_1_b,Sam,rocks,Nova,flurp,Finn,zazzo,"Yes, Wugs like to pick up rocks and put them in their pocket.","Yes, Sam likes to pick up rocks and put them in their pocket.",sam.png,sam_rocks.png,orange13.png,green.png,Nova,flurp,group,1,1,24253,2026-06-24T23:25:24.423Z,Older,-0.10372214529000434,-1.0,-1.0,-1.0,1,7.019849418206708,DOB
TT062_1782343308733,,solara,7,B,A,B,yes1_boss,hmm1_close,boss_close,yes1_boss,boss,yes,group,individual,False,group,individual,Pinecones_Yes_1_b,Blake,pinecones,Zara,flurp,Bryn,zazzo,"Yes, Wugs like to pile up pinecones into a tall tower.","Yes, Blake likes to pile up pinecones into a tall tower.",blake.png,blake_pinecones.png,orange2.png,green12.png,Bryn,zazzo,individual,2,0,23076,2026-06-24T23:26:31.220Z,Older,-0.10372214529000434,-1.0,-1.0,-1.0,0,7.019849418206708,DOB
TT062_1782343308733,,solara,7,B,A,B,yes1_boss,hmm1_close,boss_close,yes1_boss,boss,yes,group,individual,False,group,individual,Sniffing_Yes_1_b,Arlo,sniffing,Cora,flurp,Beau,zazzo,"Yes, Wugs like to sniff things before touching them.","Yes, Arlo likes to sniff things before touching them.",arlo.png,arlo_sniffing.png,orange15.png,green.png,Beau,zazzo,individual,2,0,20830,2026-06-24T23:27:24.208Z,Older,-0.10372214529000434,-1.0,-1.0,-1.0,0,7.019849418206708,DOB
TT062_1782343308733,,solara,7,B,A,B,yes1_boss,hmm1_close,boss_close,yes1_boss,boss,yes,group,individual,False,group,individual,Backwards_Yes_1_b,Theo,backwards,Cleo,flurp,Moss,zazzo,"Yes, Wugs like to walk backwards.","Yes, Theo likes to walk backwards.",theo.png,theo_backwards.png,orange9.png,green2.png,Cleo,flurp,group,1,1,12938,2026-06-24T23:28:17.475Z,Older,-0.10372214529000434,-1.0,-1.0,-1.0,1,7.019849418206708,DOB
TT062_1782343308733,,solara,7,B,A,B,yes1_boss,hmm1_close,boss_close,yes1_boss,boss,yes,group,individual,False,group,individual,Plants_Yes_1_b,Sage,plants,Juno,flurp,Reed,zazzo,"Yes, Wugs like to talk to plants.","Yes, Sage likes to talk to plants.",sage.png,sage_plants.png,orange15.png,green7.png,Juno,flurp,group,1,1,13979,2026-06-24T23:29:06.705Z,Older,-0.10372214529000434,-1.0,-1.0,-1.0,1,7.019849418206708,DOB
TT062_1782343308733,,solara,7,A,A,B,yes1_boss,hmm1_close,boss_close,hmm1_close,close,hmm,group,individual,False,group,individual,Whisper_Hmm_1,Jordan,whisper,Skyler,flurp,Reese,zazzo,"Hmm, Wugs must like to whisper when they talk.","Hmm, Jordan must like to whisper when they talk.",jordan.png,jordan_whisper.png,orange10.png,green6.png,Skyler,flurp,group,1,0,16831,2026-06-24T23:30:36.877Z,Older,-0.10372214529000434,1.0,1.0,-1.0,0,7.019849418206708,DOB
TT062_1782343308733,,solara,7,A,A,B,yes1_boss,hmm1_close,boss_close,hmm1_close,close,hmm,group,individual,False,group,individual,Walls_Hmm_1,Taylor,walls,Finley,flurp,Robin,zazzo,"Hmm, Wugs must like to climb tall buildings.","Hmm, Taylor must like to climb tall buildings.",taylor.png,taylor_walls.png,orange8.png,green6.png,Robin,zazzo,individual,2,1,15685,2026-06-24T23:31:20.401Z,Older,-0.10372214529000434,1.0,1.0,-1.0,1,7.019849418206708,DOB
TT062_1782343308733,,solara,7,A,A,B,yes1_boss,hmm1_close,boss_close,hmm1_close,close,hmm,group,individual,True,individual,group,Flowers_Hmm_1,Riley,flowers,Ash,flurp,Charlie,zazzo,"Hmm, Riley must like to eat flowers.","Hmm, Wugs must like to eat flowers.",riley.png,riley_flowers.png,orange3.png,green12.png,Ash,flurp,individual,2,1,18136,2026-06-24T23:32:19.506Z,Older,-0.10372214529000434,1.0,1.0,-1.0,1,7.019849418206708,DOB
TT062_1782343308733,,solara,7,A,A,B,yes1_boss,hmm1_close,boss_close,hmm1_close,close,hmm,group,individual,True,individual,group,Night_Hmm_1,Casey,night,River,flurp,Morgan,zazzo,"Hmm, Casey must like to stay up in the middle of the night.","Hmm, Wugs must like to stay up in the middle of the night.",casey.png,casey_night.png,orange2.png,green6.png,River,flurp,individual,2,1,23104,2026-06-24T23:33:24.969Z,Older,-0.10372214529000434,1.0,1.0,-1.0,1,7.019849418206708,DOB
TT062_1782343308733,,solara,7,A,A,B,yes1_boss,hmm1_close,boss_close,hmm1_close,close,hmm,group,individual,False,group,individual,Balls_Hmm_1,Alex,balls,Quinn,flurp,Drew,zazzo,"Hmm, Wugs must like to bounce balls on their heads.","Hmm, Alex must like to bounce balls on their heads.",alex.png,alex_ball.png,orange15.png,green1.png,Drew,zazzo,individual,2,1,18792,2026-06-24T23:34:24.674Z,Older,-0.10372214529000434,1.0,1.0,-1.0,1,7.019849418206708,DOB
TT062_1782343308733,,solara,7,A,A,B,yes1_boss,hmm1_close,boss_close,hmm1_close,close,hmm,group,individual,False,group,individual,Bugs_Hmm_1,Rowan,bugs,Emery,flurp,Jules,zazzo,"Hmm, Wugs must like to play with bugs.","Hmm, Rowan must like to play with bugs.",rowan.png,rowan_bugs.png,orange14.png,green6.png,Jules,zazzo,individual,2,1,14877,2026-06-24T23:35:14.357Z,Older,-0.10372214529000434,1.0,1.0,-1.0,1,7.019849418206708,DOB
TT062_1782438070117,,Arul,5,B,B,A,hmm1_boss,yes2_close,close_boss,yes2_close,close,yes,individual,group,False,individual,group,Rocks_Yes_2,Sam,rocks,Nova,flurp,Finn,zazzo,"Yes, Sam likes to pick up rocks and put them in their pocket.","Yes, Wugs like to pick up rocks and put them in their pocket.",sam.png,sam_rocks.png,orange6.png,green12.png,Nova,flurp,individual,2,1,27039,2026-06-26T01:46:06.469Z,Younger,-1.4480068817718665,1.0,-1.0,1.0,1,5.675564681724846,DOB
TT062_1782438070117,,Arul,5,B,B,A,hmm1_boss,yes2_close,close_boss,yes2_close,close,yes,individual,group,True,group,individual,Spinning_Yes_2,Wren,spinning,Lumi,flurp,Flint,zazzo,"Yes, Wugs like to spin around before sitting down.","Yes, Wren likes to spin around before sitting down.",wren.png,wren_spinning.png,orange4.png,green11.png,Flint,zazzo,individual,2,1,23154,2026-06-26T01:47:05.918Z,Younger,-1.4480068817718665,1.0,-1.0,1.0,1,5.675564681724846,DOB
TT062_1782438070117,,Arul,5,B,B,A,hmm1_boss,yes2_close,close_boss,yes2_close,close,yes,individual,group,False,individual,group,Sniffing_Yes_2,Arlo,sniffing,Cora,flurp,Beau,zazzo,"Yes, Arlo likes to sniff things before touching them.","Yes, Wugs like to sniff things before touching them.",arlo.png,arlo_sniffing.png,orange3.png,green11.png,Cora,flurp,individual,2,1,29644,2026-06-26T01:48:16.183Z,Younger,-1.4480068817718665,1.0,-1.0,1.0,1,5.675564681724846,DOB
TT062_1782438070117,,Arul,5,B,B,A,hmm1_boss,yes2_close,close_boss,yes2_close,close,yes,individual,group,True,group,individual,Plants_Yes_2,Sage,plants,Juno,flurp,Reed,zazzo,"Yes, Wugs like to talk to plants.","Yes, Sage likes to talk to plants.",sage.png,sage_plants.png,orange10.png,green.png,Reed,zazzo,individual,2,1,38808,2026-06-26T01:49:24.707Z,Younger,-1.4480068817718665,1.0,-1.0,1.0,1,5.675564681724846,DOB
TT062_1782438070117,,Arul,5,B,B,A,hmm1_boss,yes2_close,close_boss,yes2_close,close,yes,individual,group,False,individual,group,Pinecones_Yes_2,Blake,pinecones,Zara,flurp,Bryn,zazzo,"Yes, Blake likes to pile up pinecones into a tall tower.","Yes, Wugs like to pile up pinecones into a tall tower.",blake.png,blake_pinecones.png,orange6.png,green1.png,Zara,flurp,individual,2,1,20638,2026-06-26T01:50:26.330Z,Younger,-1.4480068817718665,1.0,-1.0,1.0,1,5.675564681724846,DOB
TT062_1782438070117,,Arul,5,B,B,A,hmm1_boss,yes2_close,close_boss,yes2_close,close,yes,individual,group,True,group,individual,Backwards_Yes_2,Theo,backwards,Cleo,flurp,Moss,zazzo,"Yes, Wugs like to walk backwards.","Yes, Theo likes to walk backwards.",theo.png,theo_backwards.png,orange10.png,green2.png,Moss,zazzo,individual,2,1,15120,2026-06-26T01:51:14.827Z,Younger,-1.4480068817718665,1.0,-1.0,1.0,1,5.675564681724846,DOB
TT062_1782438070117,,Arul,5,A,B,A,hmm1_boss,yes2_close,close_boss,hmm1_boss,boss,hmm,group,individual,False,group,individual,Flowers_Hmm_1_b,Riley,flowers,Ash,flurp,Charlie,zazzo,"Hmm, Wugs must like to eat flowers.","Hmm, Riley must like to eat flowers.",riley.png,riley_flowers.png,orange8.png,green2.png,Charlie,zazzo,individual,2,0,55771,2026-06-26T01:53:45.977Z,Younger,-1.4480068817718665,-1.0,1.0,1.0,0,5.675564681724846,DOB
TT062_1782438070117,,Arul,5,A,B,A,hmm1_boss,yes2_close,close_boss,hmm1_boss,boss,hmm,group,individual,True,individual,group,Walls_Hmm_1_b,Taylor,walls,Finley,flurp,Robin,zazzo,"Hmm, Taylor must like to climb tall buildings.","Hmm, Wugs must like to climb tall buildings.",taylor.png,taylor_walls.png,orange3.png,green12.png,Finley,flurp,individual,2,0,22161,2026-06-26T01:54:22.070Z,Younger,-1.4480068817718665,-1.0,1.0,1.0,0,5.675564681724846,DOB
TT062_1782438070117,,Arul,5,A,B,A,hmm1_boss,yes2_close,close_boss,hmm1_boss,boss,hmm,group,individual,True,individual,group,Whisper_Hmm_1_b,Jordan,whisper,Skyler,flurp,Reese,zazzo,"Hmm, Jordan must like to whisper when they talk.","Hmm, Wugs must like to whisper when they talk.",jordan.png,jordan_whisper.png,orange11.png,green7.png,Skyler,flurp,individual,2,0,178225,2026-06-26T01:57:29.140Z,Younger,-1.4480068817718665,-1.0,1.0,1.0,0,5.675564681724846,DOB
TT062_1782438070117,,Arul,5,A,B,A,hmm1_boss,yes2_close,close_boss,hmm1_boss,boss,hmm,group,individual,True,individual,group,Bugs_Hmm_1_b,Rowan,bugs,Emery,flurp,Jules,zazzo,"Hmm, Rowan must like to play with bugs.","Hmm, Wugs must like to play with bugs.",rowan.png,rowan_bugs.png,orange8.png,green7.png,Emery,flurp,individual,2,0,38445,2026-06-26T01:58:41.796Z,Younger,-1.4480068817718665,-1.0,1.0,1.0,0,5.675564681724846,DOB
TT062_1782438070117,,Arul,5,A,B,A,hmm1_boss,yes2_close,close_boss,hmm1_boss,boss,hmm,group,individual,True,individual,group,Night_Hmm_1_b,Casey,night,River,flurp,Morgan,zazzo,"Hmm, Casey must like to stay up in the middle of the night.","Hmm, Wugs must like to stay up in the middle of the night.",casey.png,casey_night.png,orange13.png,green12.png,River,flurp,individual,2,0,19826,2026-06-26T01:59:43.287Z,Younger,-1.4480068817718665,-1.0,1.0,1.0,0,5.675564681724846,DOB
TT063_1783095012390,,TAYLOR,6,B,A,B,hmm2_boss,yes1_close,boss_close,hmm2_boss,boss,hmm,individual,group,False,individual,group,Sniffing_Hmm_2_b,Arlo,sniffing,Cora,flurp,Beau,zazzo,"Hmm, Arlo must like to sniff things before touching them.","Hmm, Wugs must like to sniff things before touching them.",arlo.png,arlo_sniffing.png,orange2.png,green9.png,Cora,flurp,individual,2,0,33829,2026-07-03T16:14:32.625Z,Younger,-0.7991362452215585,-1.0,1.0,1.0,0,6.324435318275154,DOB
TT063_1783095012390,,TAYLOR,6,B,A,B,hmm2_boss,yes1_close,boss_close,hmm2_boss,boss,hmm,individual,group,True,group,individual,Backwards_Hmm_2_b,Theo,backwards,Cleo,flurp,Moss,zazzo,"Hmm, Wugs must like to walk backwards.","Hmm, Theo must like to walk backwards.",theo.png,theo_backwards.png,orange9.png,green12.png,Moss,zazzo,individual,2,0,33746,2026-07-03T16:15:47.027Z,Younger,-0.7991362452215585,-1.0,1.0,1.0,0,6.324435318275154,DOB
TT063_1783095012390,,TAYLOR,6,B,A,B,hmm2_boss,yes1_close,boss_close,hmm2_boss,boss,hmm,individual,group,False,individual,group,Pinecones_Hmm_2_b,Blake,pinecones,Zara,flurp,Bryn,zazzo,"Hmm, Blake must like to pile up pinecones into a tall tower.","Hmm, Wugs must like to pile up pinecones into a tall tower.",blake.png,blake_pinecones.png,orange9.png,green.png,Zara,flurp,individual,2,0,19496,2026-07-03T16:17:01.779Z,Younger,-0.7991362452215585,-1.0,1.0,1.0,0,6.324435318275154,DOB
TT063_1783095012390,,TAYLOR,6,B,A,B,hmm2_boss,yes1_close,boss_close,hmm2_boss,boss,hmm,individual,group,True,group,individual,Rocks_Hmm_2_b,Sam,rocks,Nova,flurp,Finn,zazzo,"Hmm, Wugs must like to pick up rocks and put them in their pocket.","Hmm, Sam must like to pick up rocks and put them in their pocket.",sam.png,sam_rocks.png,orange14.png,green11.png,Finn,zazzo,individual,2,0,18648,2026-07-03T16:18:03.224Z,Younger,-0.7991362452215585,-1.0,1.0,1.0,0,6.324435318275154,DOB
TT063_1783095012390,,TAYLOR,6,B,A,B,hmm2_boss,yes1_close,boss_close,hmm2_boss,boss,hmm,individual,group,False,individual,group,Spinning_Hmm_2_b,Wren,spinning,Lumi,flurp,Flint,zazzo,"Hmm, Wren must like to spin around before sitting down.","Hmm, Wugs must like to spin around before sitting down.",wren.png,wren_spinning.png,orange10.png,green6.png,Lumi,flurp,individual,2,0,13589,2026-07-03T16:19:00.785Z,Younger,-0.7991362452215585,-1.0,1.0,1.0,0,6.324435318275154,DOB
TT063_1783095012390,,TAYLOR,6,B,A,B,hmm2_boss,yes1_close,boss_close,hmm2_boss,boss,hmm,individual,group,True,group,individual,Plants_Hmm_2_b,Sage,plants,Juno,flurp,Reed,zazzo,"Hmm, Wugs must like to talk to plants.","Hmm, Sage must like to talk to plants.",sage.png,sage_plants.png,orange11.png,green10.png,Reed,zazzo,individual,2,0,14690,2026-07-03T16:19:47.675Z,Younger,-0.7991362452215585,-1.0,1.0,1.0,0,6.324435318275154,DOB
TT063_1783095012390,,TAYLOR,6,A,A,B,hmm2_boss,yes1_close,boss_close,yes1_close,close,yes,group,individual,False,group,individual,Bugs_Yes_1,Rowan,bugs,Emery,flurp,Jules,zazzo,"Yes, Wugs like to play with bugs.","Yes, Rowan likes to play with bugs.",rowan.png,rowan_bugs.png,orange6.png,green11.png,Jules,zazzo,individual,2,1,23320,2026-07-03T16:21:26.149Z,Younger,-0.7991362452215585,1.0,-1.0,1.0,1,6.324435318275154,DOB
TT063_1783095012390,,TAYLOR,6,A,A,B,hmm2_boss,yes1_close,boss_close,yes1_close,close,yes,group,individual,True,individual,group,Balls_Yes_1,Alex,balls,Quinn,flurp,Drew,zazzo,"Yes, Alex likes to bounce balls on their heads.","Yes, Wugs like to bounce balls on their heads.",alex.png,alex_ball.png,orange7.png,green11.png,Quinn,flurp,individual,2,1,24760,2026-07-03T16:22:39.716Z,Younger,-0.7991362452215585,1.0,-1.0,1.0,1,6.324435318275154,DOB
TT063_1783095012390,,TAYLOR,6,A,A,B,hmm2_boss,yes1_close,boss_close,yes1_close,close,yes,group,individual,False,group,individual,Whisper_Yes_1,Jordan,whisper,Skyler,flurp,Reese,zazzo,"Yes, Wugs like to whisper when they talk.","Yes, Jordan likes to whisper when they talk.",jordan.png,jordan_whisper.png,orange14.png,green6.png,Reese,zazzo,individual,2,1,24033,2026-07-03T16:23:45.922Z,Younger,-0.7991362452215585,1.0,-1.0,1.0,1,6.324435318275154,DOB
TT063_1783095012390,,TAYLOR,6,A,A,B,hmm2_boss,yes1_close,boss_close,yes1_close,close,yes,group,individual,False,group,individual,Night_Yes_1,Casey,night,River,flurp,Morgan,zazzo,"Yes, Wugs like to stay up in the middle of the night.","Yes, Casey likes to stay up in the middle of the night.",casey.png,casey_night.png,orange3.png,green9.png,Morgan,zazzo,individual,2,1,18672,2026-07-03T16:24:46.788Z,Younger,-0.7991362452215585,1.0,-1.0,1.0,1,6.324435318275154,DOB
TT063_1783095012390,,TAYLOR,6,A,A,B,hmm2_boss,yes1_close,boss_close,yes1_close,close,yes,group,individual,True,individual,group,Climb_Yes_1,Taylor,walls,Finley,flurp,Robin,zazzo,"Yes, Taylor likes to climb tall buildings.","Yes, Wugs like to climb tall buildings.",taylor.png,taylor_walls.png,orange10.png,green7.png,Finley,flurp,individual,2,1,13803,2026-07-03T16:26:40.776Z,Younger,-0.7991362452215585,1.0,-1.0,1.0,1,6.324435318275154,DOB
TT063_1783095012390,,TAYLOR,6,A,A,B,hmm2_boss,yes1_close,boss_close,yes1_close,close,yes,group,individual,True,individual,group,Flowers_Yes_1,Riley,flowers,Ash,flurp,Charlie,zazzo,"Yes, Riley likes to eat flowers.","Yes, Wugs like to eat flowers.",riley.png,riley_flowers.png,orange7.png,green.png,Ash,flurp,individual,2,1,14346,2026-07-03T16:27:45.391Z,Younger,-0.7991362452215585,1.0,-1.0,1.0,1,6.324435318275154,DOB
TT064_1782491874816,,Theo,7,A,B,A,yes2_boss,hmm1_close,boss_close,yes2_boss,boss,yes,individual,group,True,group,individual,Whisper_Yes_2_b,Jordan,whisper,Skyler,flurp,Reese,zazzo,"Yes, Wugs like to whisper when they talk.","Yes, Jordan likes to whisper when they talk.",jordan.png,jordan_whisper.png,orange6.png,green2.png,Skyler,flurp,group,1,1,49192,2026-06-26T16:42:15.606Z,Older,0.25767415861143217,-1.0,-1.0,-1.0,1,7.381245722108145,DOB
TT064_1782491874816,,Theo,7,A,B,A,yes2_boss,hmm1_close,boss_close,yes2_boss,boss,yes,individual,group,True,group,individual,Night_Yes_2_b,Casey,night,River,flurp,Morgan,zazzo,"Yes, Wugs like to stay up in the middle of the night.","Yes, Casey likes to stay up in the middle of the night.",casey.png,casey_night.png,orange14.png,green1.png,River,flurp,group,1,1,16634,2026-06-26T16:43:15.984Z,Older,0.25767415861143217,-1.0,-1.0,-1.0,1,7.381245722108145,DOB
TT064_1782491874816,,Theo,7,A,B,A,yes2_boss,hmm1_close,boss_close,yes2_boss,boss,yes,individual,group,True,group,individual,Balls_Yes_2_b,Alex,balls,Quinn,flurp,Drew,zazzo,"Yes, Wugs like to bounce balls on their heads.","Yes, Alex likes to bounce balls on their heads.",alex.png,alex_ball.png,orange14.png,green2.png,Quinn,flurp,group,1,1,17258,2026-06-26T16:44:19.280Z,Older,0.25767415861143217,-1.0,-1.0,-1.0,1,7.381245722108145,DOB
TT064_1782491874816,,Theo,7,A,B,A,yes2_boss,hmm1_close,boss_close,yes2_boss,boss,yes,individual,group,False,individual,group,Walls_Yes_2_b,Taylor,walls,Finley,flurp,Robin,zazzo,"Yes, Taylor likes to climb tall buildings.","Yes, Wugs like to climb tall buildings.",taylor.png,taylor_walls.png,orange3.png,green11.png,Robin,zazzo,group,1,1,14236,2026-06-26T16:45:13.856Z,Older,0.25767415861143217,-1.0,-1.0,-1.0,1,7.381245722108145,DOB
TT064_1782491874816,,Theo,7,A,B,A,yes2_boss,hmm1_close,boss_close,yes2_boss,boss,yes,individual,group,True,group,individual,Bugs_Yes_2_b,Rowan,bugs,Emery,flurp,Jules,zazzo,"Yes, Wugs like to play with bugs.","Yes, Rowan likes to play with bugs.",rowan.png,rowan_bugs.png,orange3.png,green12.png,Emery,flurp,group,1,1,13300,2026-06-26T16:45:52.104Z,Older,0.25767415861143217,-1.0,-1.0,-1.0,1,7.381245722108145,DOB
TT064_1782491874816,,Theo,7,A,B,A,yes2_boss,hmm1_close,boss_close,yes2_boss,boss,yes,individual,group,False,individual,group,Flowers_Yes_2_b,Riley,flowers,Ash,flurp,Charlie,zazzo,"Yes, Riley likes to eat flowers.","Yes, Wugs like to eat flowers.",riley.png,riley_flowers.png,orange2.png,green6.png,Charlie,zazzo,group,1,1,14631,2026-06-26T16:46:26.880Z,Older,0.25767415861143217,-1.0,-1.0,-1.0,1,7.381245722108145,DOB
TT064_1782491874816,,Theo,7,B,B,A,yes2_boss,hmm1_close,boss_close,hmm1_close,close,hmm,group,individual,True,individual,group,Backwards_Hmm_1,Theo,backwards,Cleo,flurp,Moss,zazzo,"Hmm, Theo must like to walk backwards.","Hmm, Wugs must like to walk backwards.",theo.png,theo_backwards.png,orange8.png,green1.png,Cleo,flurp,individual,2,1,13855,2026-06-26T16:47:52.389Z,Older,0.25767415861143217,1.0,1.0,-1.0,1,7.381245722108145,DOB
TT064_1782491874816,,Theo,7,B,B,A,yes2_boss,hmm1_close,boss_close,hmm1_close,close,hmm,group,individual,True,individual,group,Plants_Hmm_1,Sage,plants,Juno,flurp,Reed,zazzo,"Hmm, Sage must like to talk to plants.","Hmm, Wugs must like to talk to plants.",sage.png,sage_plants.png,orange15.png,green9.png,Reed,zazzo,group,1,0,34664,2026-06-26T16:48:44.581Z,Older,0.25767415861143217,1.0,1.0,-1.0,0,7.381245722108145,DOB
TT064_1782491874816,,Theo,7,B,B,A,yes2_boss,hmm1_close,boss_close,hmm1_close,close,hmm,group,individual,True,individual,group,Spinning_Hmm_1,Wren,spinning,Lumi,flurp,Flint,zazzo,"Hmm, Wren must like to spin around before sitting down.","Hmm, Wugs must like to spin around before sitting down.",wren.png,wren_spinning.png,orange8.png,green9.png,Flint,zazzo,group,1,0,18644,2026-06-26T16:49:36.233Z,Older,0.25767415861143217,1.0,1.0,-1.0,0,7.381245722108145,DOB
TT064_1782491874816,,Theo,7,B,B,A,yes2_boss,hmm1_close,boss_close,hmm1_close,close,hmm,group,individual,True,individual,group,Pinecones_Hmm_1,Blake,pinecones,Zara,flurp,Bryn,zazzo,"Hmm, Blake must like to pile up pinecones into a tall tower.","Hmm, Wugs must like to pile up pinecones into a tall tower.",blake.png,blake_pinecones.png,orange4.png,green6.png,Bryn,zazzo,group,1,0,14260,2026-06-26T16:50:06.063Z,Older,0.25767415861143217,1.0,1.0,-1.0,0,7.381245722108145,DOB
TT064_1782491874816,,Theo,7,B,B,A,yes2_boss,hmm1_close,boss_close,hmm1_close,close,hmm,group,individual,False,group,individual,Rocks_Hmm_1,Sam,rocks,Nova,flurp,Finn,zazzo,"Hmm, Wugs must like to pick up rocks and put them in their pocket.","Hmm, Sam must like to pick up rocks and put them in their pocket.",sam.png,sam_rocks.png,orange14.png,green9.png,Finn,zazzo,individual,2,1,12730,2026-06-26T16:50:54.769Z,Older,0.25767415861143217,1.0,1.0,-1.0,1,7.381245722108145,DOB
TT064_1782491874816,,Theo,7,B,B,A,yes2_boss,hmm1_close,boss_close,hmm1_close,close,hmm,group,individual,False,group,individual,Sniffing_Hmm_1,Arlo,sniffing,Cora,flurp,Beau,zazzo,"Hmm, Wugs must like to sniff things before touching them.","Hmm, Arlo must like to sniff things before touching them.",arlo.png,arlo_sniffing.png,orange4.png,green6.png,Beau,zazzo,individual,2,1,11628,2026-06-26T16:51:18.691Z,Older,0.25767415861143217,1.0,1.0,-1.0,1,7.381245722108145,DOB
TT064_1783885820209,,leo,7,A,B,A,yes2_boss,hmm2_close,boss_close,yes2_boss,boss,yes,individual,group,False,individual,group,Walls_Yes_2_b,Taylor,walls,Finley,flurp,Robin,zazzo,"Yes, Taylor likes to climb tall buildings.","Yes, Wugs like to climb tall buildings.",taylor.png,taylor_walls.png,orange13.png,green10.png,Finley,flurp,individual,2,0,27600,2026-07-12T19:53:41.609Z,Older,0.8244092715477773,-1.0,-1.0,-1.0,0,7.94798083504449,DOB
TT064_1783885820209,,leo,7,A,B,A,yes2_boss,hmm2_close,boss_close,yes2_boss,boss,yes,individual,group,True,group,individual,Whisper_Yes_2_b,Jordan,whisper,Skyler,flurp,Reese,zazzo,"Yes, Wugs like to whisper when they talk.","Yes, Jordan likes to whisper when they talk.",jordan.png,jordan_whisper.png,orange2.png,green2.png,Reese,zazzo,individual,2,0,13366,2026-07-12T19:54:24.433Z,Older,0.8244092715477773,-1.0,-1.0,-1.0,0,7.94798083504449,DOB
TT064_1783885820209,,leo,7,A,B,A,yes2_boss,hmm2_close,boss_close,yes2_boss,boss,yes,individual,group,False,individual,group,Balls_Yes_2_b,Alex,balls,Quinn,flurp,Drew,zazzo,"Yes, Alex likes to bounce balls on their heads.","Yes, Wugs like to bounce balls on their heads.",alex.png,alex_ball.png,orange11.png,green12.png,Quinn,flurp,individual,2,0,14356,2026-07-12T19:55:21.251Z,Older,0.8244092715477773,-1.0,-1.0,-1.0,0,7.94798083504449,DOB
TT064_1783885820209,,leo,7,A,B,A,yes2_boss,hmm2_close,boss_close,yes2_boss,boss,yes,individual,group,True,group,individual,Night_Yes_2_b,Casey,night,River,flurp,Morgan,zazzo,"Yes, Wugs like to stay up in the middle of the night.","Yes, Casey likes to stay up in the middle of the night.",casey.png,casey_night.png,orange4.png,green2.png,Morgan,zazzo,individual,2,0,14654,2026-07-12T19:56:06.931Z,Older,0.8244092715477773,-1.0,-1.0,-1.0,0,7.94798083504449,DOB
TT064_1783885820209,,leo,7,A,B,A,yes2_boss,hmm2_close,boss_close,yes2_boss,boss,yes,individual,group,True,group,individual,Bugs_Yes_2_b,Rowan,bugs,Emery,flurp,Jules,zazzo,"Yes, Wugs like to play with bugs.","Yes, Rowan likes to play with bugs.",rowan.png,rowan_bugs.png,orange3.png,green9.png,Jules,zazzo,individual,2,0,10473,2026-07-12T19:56:48.330Z,Older,0.8244092715477773,-1.0,-1.0,-1.0,0,7.94798083504449,DOB
TT064_1783885820209,,leo,7,A,B,A,yes2_boss,hmm2_close,boss_close,yes2_boss,boss,yes,individual,group,False,individual,group,Flowers_Yes_2_b,Riley,flowers,Ash,flurp,Charlie,zazzo,"Yes, Riley likes to eat flowers.","Yes, Wugs like to eat flowers.",riley.png,riley_flowers.png,orange10.png,green7.png,Ash,flurp,individual,2,0,9671,2026-07-12T19:57:26.848Z,Older,0.8244092715477773,-1.0,-1.0,-1.0,0,7.94798083504449,DOB
TT064_1783885820209,,leo,7,B,B,A,yes2_boss,hmm2_close,boss_close,hmm2_close,close,hmm,individual,group,True,group,individual,Spinning_Hmm_2,Wren,spinning,Lumi,flurp,Flint,zazzo,"Hmm, Wugs must like to spin around before sitting down.","Hmm, Wren must like to spin around before sitting down.",wren.png,wren_spinning.png,orange4.png,green11.png,Flint,zazzo,individual,2,1,13133,2026-07-12T19:58:46.439Z,Older,0.8244092715477773,1.0,1.0,-1.0,1,7.94798083504449,DOB
TT064_1783885820209,,leo,7,B,B,A,yes2_boss,hmm2_close,boss_close,hmm2_close,close,hmm,individual,group,True,group,individual,Plants_Hmm_2,Sage,plants,Juno,flurp,Reed,zazzo,"Hmm, Wugs must like to talk to plants.","Hmm, Sage must like to talk to plants.",sage.png,sage_plants.png,orange13.png,green11.png,Reed,zazzo,individual,2,1,13316,2026-07-12T19:59:28.534Z,Older,0.8244092715477773,1.0,1.0,-1.0,1,7.94798083504449,DOB
TT064_1783885820209,,leo,7,B,B,A,yes2_boss,hmm2_close,boss_close,hmm2_close,close,hmm,individual,group,False,individual,group,Pinecones_Hmm_2,Blake,pinecones,Zara,flurp,Bryn,zazzo,"Hmm, Blake must like to pile up pinecones into a tall tower.","Hmm, Wugs must like to pile up pinecones into a tall tower.",blake.png,blake_pinecones.png,orange2.png,green10.png,Zara,flurp,individual,2,1,19377,2026-07-12T20:00:20.845Z,Older,0.8244092715477773,1.0,1.0,-1.0,1,7.94798083504449,DOB
TT064_1783885820209,,leo,7,B,B,A,yes2_boss,hmm2_close,boss_close,hmm2_close,close,hmm,individual,group,False,individual,group,Backwards_Hmm_2,Theo,backwards,Cleo,flurp,Moss,zazzo,"Hmm, Theo must like to walk backwards.","Hmm, Wugs must like to walk backwards.",theo.png,theo_backwards.png,orange15.png,green2.png,Cleo,flurp,individual,2,1,12842,2026-07-12T20:01:05.175Z,Older,0.8244092715477773,1.0,1.0,-1.0,1,7.94798083504449,DOB
TT064_1783885820209,,leo,7,B,B,A,yes2_boss,hmm2_close,boss_close,hmm2_close,close,hmm,individual,group,True,group,individual,Sniffing_Hmm_2,Arlo,sniffing,Cora,flurp,Beau,zazzo,"Hmm, Wugs must like to sniff things before touching them.","Hmm, Arlo must like to sniff things before touching them.",arlo.png,arlo_sniffing.png,orange15.png,green6.png,Beau,zazzo,individual,2,1,12676,2026-07-12T20:01:50.395Z,Older,0.8244092715477773,1.0,1.0,-1.0,1,7.94798083504449,DOB
TT064_1783885820209,,leo,7,B,B,A,yes2_boss,hmm2_close,boss_close,hmm2_close,close,hmm,individual,group,False,individual,group,Rocks_Hmm_2,Sam,rocks,Nova,flurp,Finn,zazzo,"Hmm, Sam must like to pick up rocks and put them in their pocket.","Hmm, Wugs must like to pick up rocks and put them in their pocket.",sam.png,sam_rocks.png,orange10.png,green6.png,Nova,flurp,individual,2,1,13019,2026-07-12T20:02:30.424Z,Older,0.8244092715477773,1.0,1.0,-1.0,1,7.94798083504449,DOB
TT065_1782051784543,,Suroshree,8,B,A,B,hmm2_boss,hmm2_close,boss_close,hmm2_boss,boss,hmm,individual,group,False,individual,group,Backwards_Hmm_2_b,Theo,backwards,Cleo,flurp,Moss,zazzo,"Hmm, Theo must like to walk backwards.","Hmm, Wugs must like to walk backwards.",theo.png,theo_backwards.png,orange3.png,green12.png,Cleo,flurp,individual,2,0,25741,2026-06-21T14:28:50.011Z,Older,1.8346762119995237,-1.0,1.0,-1.0,0,8.958247775496236,DOB
TT065_1782051784543,,Suroshree,8,B,A,B,hmm2_boss,hmm2_close,boss_close,hmm2_boss,boss,hmm,individual,group,True,group,individual,Rocks_Hmm_2_b,Sam,rocks,Nova,flurp,Finn,zazzo,"Hmm, Wugs must like to pick up rocks and put them in their pocket.","Hmm, Sam must like to pick up rocks and put them in their pocket.",sam.png,sam_rocks.png,orange3.png,green2.png,Finn,zazzo,individual,2,0,26350,2026-06-21T14:29:43.460Z,Older,1.8346762119995237,-1.0,1.0,-1.0,0,8.958247775496236,DOB
TT065_1782051784543,,Suroshree,8,B,A,B,hmm2_boss,hmm2_close,boss_close,hmm2_boss,boss,hmm,individual,group,False,individual,group,Spinning_Hmm_2_b,Wren,spinning,Lumi,flurp,Flint,zazzo,"Hmm, Wren must like to spin around before sitting down.","Hmm, Wugs must like to spin around before sitting down.",wren.png,wren_spinning.png,orange11.png,green12.png,Lumi,flurp,individual,2,0,19126,2026-06-21T14:30:35.036Z,Older,1.8346762119995237,-1.0,1.0,-1.0,0,8.958247775496236,DOB
TT065_1782051784543,,Suroshree,8,B,A,B,hmm2_boss,hmm2_close,boss_close,hmm2_boss,boss,hmm,individual,group,True,group,individual,Pinecones_Hmm_2_b,Blake,pinecones,Zara,flurp,Bryn,zazzo,"Hmm, Wugs must like to pile up pinecones into a tall tower.","Hmm, Blake must like to pile up pinecones into a tall tower.",blake.png,blake_pinecones.png,orange15.png,green7.png,Bryn,zazzo,individual,2,0,28287,2026-06-21T14:31:33.043Z,Older,1.8346762119995237,-1.0,1.0,-1.0,0,8.958247775496236,DOB
TT065_1782051784543,,Suroshree,8,B,A,B,hmm2_boss,hmm2_close,boss_close,hmm2_boss,boss,hmm,individual,group,False,individual,group,Sniffing_Hmm_2_b,Arlo,sniffing,Cora,flurp,Beau,zazzo,"Hmm, Arlo must like to sniff things before touching them.","Hmm, Wugs must like to sniff things before touching them.",arlo.png,arlo_sniffing.png,orange13.png,green10.png,Cora,flurp,individual,2,0,26691,2026-06-21T14:32:33.614Z,Older,1.8346762119995237,-1.0,1.0,-1.0,0,8.958247775496236,DOB
TT065_1782051784543,,Suroshree,8,B,A,B,hmm2_boss,hmm2_close,boss_close,hmm2_boss,boss,hmm,individual,group,True,group,individual,Plants_Hmm_2_b,Sage,plants,Juno,flurp,Reed,zazzo,"Hmm, Wugs must like to talk to plants.","Hmm, Sage must like to talk to plants.",sage.png,sage_plants.png,orange8.png,green7.png,Reed,zazzo,individual,2,0,24141,2026-06-21T14:33:24.326Z,Older,1.8346762119995237,-1.0,1.0,-1.0,0,8.958247775496236,DOB
TT065_1782051784543,,Suroshree,8,A,A,B,hmm2_boss,hmm2_close,boss_close,hmm2_close,close,hmm,individual,group,False,individual,group,Walls_Hmm_2,Taylor,walls,Finley,flurp,Robin,zazzo,"Hmm, Taylor must like to climb tall buildings.","Hmm, Wugs must like to climb tall buildings.",taylor.png,taylor_walls.png,orange14.png,green9.png,Finley,flurp,individual,2,1,17992,2026-06-21T14:35:02.764Z,Older,1.8346762119995237,1.0,1.0,-1.0,1,8.958247775496236,DOB
TT065_1782051784543,,Suroshree,8,A,A,B,hmm2_boss,hmm2_close,boss_close,hmm2_close,close,hmm,individual,group,True,group,individual,Flowers_Hmm_2,Riley,flowers,Ash,flurp,Charlie,zazzo,"Hmm, Wugs must like to eat flowers.","Hmm, Riley must like to eat flowers.",riley.png,riley_flowers.png,orange4.png,green10.png,Charlie,zazzo,individual,2,1,17396,2026-06-21T14:35:47.851Z,Older,1.8346762119995237,1.0,1.0,-1.0,1,8.958247775496236,DOB
TT065_1782051784543,,Suroshree,8,A,A,B,hmm2_boss,hmm2_close,boss_close,hmm2_close,close,hmm,individual,group,True,group,individual,Bugs_Hmm_2,Rowan,bugs,Emery,flurp,Jules,zazzo,"Hmm, Wugs must like to play with bugs.","Hmm, Rowan must like to play with bugs.",rowan.png,rowan_bugs.png,orange13.png,green1.png,Jules,zazzo,individual,2,1,18158,2026-06-21T14:36:38.201Z,Older,1.8346762119995237,1.0,1.0,-1.0,1,8.958247775496236,DOB
TT065_1782051784543,,Suroshree,8,A,A,B,hmm2_boss,hmm2_close,boss_close,hmm2_close,close,hmm,individual,group,True,group,individual,Whisper_Hmm_2,Jordan,whisper,Skyler,flurp,Reese,zazzo,"Hmm, Wugs must like to whisper when they talk.","Hmm, Jordan must like to whisper when they talk.",jordan.png,jordan_whisper.png,orange10.png,green10.png,Reese,zazzo,individual,2,1,17575,2026-06-21T14:37:24.734Z,Older,1.8346762119995237,1.0,1.0,-1.0,1,8.958247775496236,DOB
TT065_1782051784543,,Suroshree,8,A,A,B,hmm2_boss,hmm2_close,boss_close,hmm2_close,close,hmm,individual,group,False,individual,group,Balls_Hmm_2,Alex,balls,Quinn,flurp,Drew,zazzo,"Hmm, Alex must like to bounce balls on their heads.","Hmm, Wugs must like to bounce balls on their heads.",alex.png,alex_ball.png,orange8.png,green7.png,Quinn,flurp,individual,2,1,18776,2026-06-21T14:38:17.243Z,Older,1.8346762119995237,1.0,1.0,-1.0,1,8.958247775496236,DOB
TT065_1782051784543,,Suroshree,8,A,A,B,hmm2_boss,hmm2_close,boss_close,hmm2_close,close,hmm,individual,group,True,group,individual,Night_Hmm_2,Casey,night,River,flurp,Morgan,zazzo,"Hmm, Wugs must like to stay up in the middle of the night.","Hmm, Casey must like to stay up in the middle of the night.",casey.png,casey_night.png,orange11.png,green7.png,Morgan,zazzo,individual,2,1,17108,2026-06-21T14:39:03.955Z,Older,1.8346762119995237,1.0,1.0,-1.0,1,8.958247775496236,DOB
TT065_1782393874998,,walter,6,A,A,B,yes1_boss,yes1_close,close_boss,yes1_close,close,yes,group,individual,True,individual,group,Flowers_Yes_1,Riley,flowers,Ash,flurp,Charlie,zazzo,"Yes, Riley likes to eat flowers.","Yes, Wugs like to eat flowers.",riley.png,riley_flowers.png,orange7.png,green.png,Charlie,zazzo,group,1,0,39705,2026-06-25T13:28:19.821Z,Younger,-1.078397025509033,1.0,-1.0,1.0,0,6.04517453798768,DOB
TT065_1782393874998,,walter,6,A,A,B,yes1_boss,yes1_close,close_boss,yes1_close,close,yes,group,individual,True,individual,group,Climb_Yes_1,Taylor,walls,Finley,flurp,Robin,zazzo,"Yes, Taylor likes to climb tall buildings.","Yes, Wugs like to climb tall buildings.",taylor.png,taylor_walls.png,orange6.png,green11.png,Finley,flurp,individual,2,1,27250,2026-06-25T13:29:17.935Z,Younger,-1.078397025509033,1.0,-1.0,1.0,1,6.04517453798768,DOB
TT065_1782393874998,,walter,6,A,A,B,yes1_boss,yes1_close,close_boss,yes1_close,close,yes,group,individual,False,group,individual,Whisper_Yes_1,Jordan,whisper,Skyler,flurp,Reese,zazzo,"Yes, Wugs like to whisper when they talk.","Yes, Jordan likes to whisper when they talk.",jordan.png,jordan_whisper.png,orange8.png,green9.png,Reese,zazzo,individual,2,1,15257,2026-06-25T13:30:08.963Z,Younger,-1.078397025509033,1.0,-1.0,1.0,1,6.04517453798768,DOB
TT065_1782393874998,,walter,6,A,A,B,yes1_boss,yes1_close,close_boss,yes1_close,close,yes,group,individual,True,individual,group,Balls_Yes_1,Alex,balls,Quinn,flurp,Drew,zazzo,"Yes, Alex likes to bounce balls on their heads.","Yes, Wugs like to bounce balls on their heads.",alex.png,alex_ball.png,orange7.png,green10.png,Quinn,flurp,individual,2,1,35864,2026-06-25T13:31:37.847Z,Younger,-1.078397025509033,1.0,-1.0,1.0,1,6.04517453798768,DOB
TT065_1782393874998,,walter,6,A,A,B,yes1_boss,yes1_close,close_boss,yes1_close,close,yes,group,individual,False,group,individual,Night_Yes_1,Casey,night,River,flurp,Morgan,zazzo,"Yes, Wugs like to stay up in the middle of the night.","Yes, Casey likes to stay up in the middle of the night.",casey.png,casey_night.png,orange4.png,green7.png,Morgan,zazzo,individual,2,1,16706,2026-06-25T13:32:45.142Z,Younger,-1.078397025509033,1.0,-1.0,1.0,1,6.04517453798768,DOB
TT065_1782393874998,,walter,6,A,A,B,yes1_boss,yes1_close,close_boss,yes1_close,close,yes,group,individual,False,group,individual,Bugs_Yes_1,Rowan,bugs,Emery,flurp,Jules,zazzo,"Yes, Wugs like to play with bugs.","Yes, Rowan likes to play with bugs.",rowan.png,rowan_bugs.png,orange6.png,green1.png,Jules,zazzo,individual,2,1,18942,2026-06-25T13:33:33.545Z,Younger,-1.078397025509033,1.0,-1.0,1.0,1,6.04517453798768,DOB
TT065_1782393874998,,walter,6,B,A,B,yes1_boss,yes1_close,close_boss,yes1_boss,boss,yes,group,individual,True,individual,group,Sniffing_Yes_1_b,Arlo,sniffing,Cora,flurp,Beau,zazzo,"Yes, Arlo likes to sniff things before touching them.","Yes, Wugs like to sniff things before touching them.",arlo.png,arlo_sniffing.png,orange4.png,green9.png,Cora,flurp,individual,2,0,12834,2026-06-25T13:35:11.792Z,Younger,-1.078397025509033,-1.0,-1.0,1.0,0,6.04517453798768,DOB
TT065_1782393874998,,walter,6,B,A,B,yes1_boss,yes1_close,close_boss,yes1_boss,boss,yes,group,individual,False,group,individual,Plants_Yes_1_b,Sage,plants,Juno,flurp,Reed,zazzo,"Yes, Wugs like to talk to plants.","Yes, Sage likes to talk to plants.",sage.png,sage_plants.png,orange4.png,green1.png,Reed,zazzo,individual,2,0,10494,2026-06-25T13:35:49.116Z,Younger,-1.078397025509033,-1.0,-1.0,1.0,0,6.04517453798768,DOB
TT065_1782393874998,,walter,6,B,A,B,yes1_boss,yes1_close,close_boss,yes1_boss,boss,yes,group,individual,True,individual,group,Backwards_Yes_1_b,Theo,backwards,Cleo,flurp,Moss,zazzo,"Yes, Theo likes to walk backwards.","Yes, Wugs like to walk backwards.",theo.png,theo_backwards.png,orange2.png,green7.png,Cleo,flurp,individual,2,0,14777,2026-06-25T13:36:49.894Z,Younger,-1.078397025509033,-1.0,-1.0,1.0,0,6.04517453798768,DOB
TT065_1782393874998,,walter,6,B,A,B,yes1_boss,yes1_close,close_boss,yes1_boss,boss,yes,group,individual,False,group,individual,Spinning_Yes_1_b,Wren,spinning,Lumi,flurp,Flint,zazzo,"Yes, Wugs like to spin around before sitting down.","Yes, Wren likes to spin around before sitting down.",wren.png,wren_spinning.png,orange7.png,green11.png,Flint,zazzo,individual,2,0,10774,2026-06-25T13:37:14.952Z,Younger,-1.078397025509033,-1.0,-1.0,1.0,0,6.04517453798768,DOB
TT065_1782393874998,,walter,6,B,A,B,yes1_boss,yes1_close,close_boss,yes1_boss,boss,yes,group,individual,True,individual,group,Pinecones_Yes_1_b,Blake,pinecones,Zara,flurp,Bryn,zazzo,"Yes, Blake likes to pile up pinecones into a tall tower.","Yes, Wugs like to pile up pinecones into a tall tower.",blake.png,blake_pinecones.png,orange8.png,green.png,Bryn,zazzo,group,1,1,12891,2026-06-25T13:37:47.668Z,Younger,-1.078397025509033,-1.0,-1.0,1.0,1,6.04517453798768,DOB
TT065_1782393874998,,walter,6,B,A,B,yes1_boss,yes1_close,close_boss,yes1_boss,boss,yes,group,individual,False,group,individual,Rocks_Yes_1_b,Sam,rocks,Nova,flurp,Finn,zazzo,"Yes, Wugs like to pick up rocks and put them in their pocket.","Yes, Sam likes to pick up rocks and put them in their pocket.",sam.png,sam_rocks.png,orange6.png,green11.png,Nova,flurp,group,1,1,12911,2026-06-25T13:38:24.870Z,Younger,-1.078397025509033,-1.0,-1.0,1.0,1,6.04517453798768,DOB
TT066_1784429102657,,Jacob,8,B,B,A,yes1_boss,yes1_close,close_boss,yes1_close,close,yes,group,individual,False,group,individual,Sniffing_Yes_1,Arlo,sniffing,Cora,flurp,Beau,zazzo,"Yes, Wugs like to sniff things before touching them.","Yes, Arlo likes to sniff things before touching them.",arlo.png,arlo_sniffing.png,orange2.png,green1.png,Cora,flurp,group,1,0,17141,2026-07-19T02:48:48.675Z,Older,1.2569896959146494,1.0,-1.0,-1.0,0,8.380561259411362,DOB
TT066_1784429102657,,Jacob,8,B,B,A,yes1_boss,yes1_close,close_boss,yes1_close,close,yes,group,individual,False,group,individual,Plants_Yes_1,Sage,plants,Juno,flurp,Reed,zazzo,"Yes, Wugs like to talk to plants.","Yes, Sage likes to talk to plants.",sage.png,sage_plants.png,orange7.png,green10.png,Reed,zazzo,individual,2,1,12788,2026-07-19T02:49:22.443Z,Older,1.2569896959146494,1.0,-1.0,-1.0,1,8.380561259411362,DOB
TT066_1784429102657,,Jacob,8,B,B,A,yes1_boss,yes1_close,close_boss,yes1_close,close,yes,group,individual,True,individual,group,Pinecones_Yes_1,Blake,pinecones,Zara,flurp,Bryn,zazzo,"Yes, Blake likes to pile up pinecones into a tall tower.","Yes, Wugs like to pile up pinecones into a tall tower.",blake.png,blake_pinecones.png,orange14.png,green2.png,Zara,flurp,individual,2,1,11503,2026-07-19T02:49:46.775Z,Older,1.2569896959146494,1.0,-1.0,-1.0,1,8.380561259411362,DOB
TT066_1784429102657,,Jacob,8,B,B,A,yes1_boss,yes1_close,close_boss,yes1_close,close,yes,group,individual,True,individual,group,Backwards_Yes_1,Theo,backwards,Cleo,flurp,Moss,zazzo,"Yes, Theo likes to walk backwards.","Yes, Wugs like to walk backwards.",theo.png,theo_backwards.png,orange3.png,green6.png,Cleo,flurp,individual,2,1,8879,2026-07-19T02:50:11.957Z,Older,1.2569896959146494,1.0,-1.0,-1.0,1,8.380561259411362,DOB
TT066_1784429102657,,Jacob,8,B,B,A,yes1_boss,yes1_close,close_boss,yes1_close,close,yes,group,individual,False,group,individual,Rocks_Yes_1,Sam,rocks,Nova,flurp,Finn,zazzo,"Yes, Wugs like to pick up rocks and put them in their pocket.","Yes, Sam likes to pick up rocks and put them in their pocket.",sam.png,sam_rocks.png,orange10.png,green12.png,Finn,zazzo,individual,2,1,10961,2026-07-19T02:50:36.553Z,Older,1.2569896959146494,1.0,-1.0,-1.0,1,8.380561259411362,DOB
TT066_1784429102657,,Jacob,8,B,B,A,yes1_boss,yes1_close,close_boss,yes1_close,close,yes,group,individual,True,individual,group,Spinning_Yes_1,Wren,spinning,Lumi,flurp,Flint,zazzo,"Yes, Wren likes to spin around before sitting down.","Yes, Wugs like to spin around before sitting down.",wren.png,wren_spinning.png,orange11.png,green2.png,Lumi,flurp,individual,2,1,9695,2026-07-19T02:50:54.817Z,Older,1.2569896959146494,1.0,-1.0,-1.0,1,8.380561259411362,DOB
TT066_1784429102657,,Jacob,8,A,B,A,yes1_boss,yes1_close,close_boss,yes1_boss,boss,yes,group,individual,True,individual,group,Flowers_Yes_1_b,Riley,flowers,Ash,flurp,Charlie,zazzo,"Yes, Riley likes to eat flowers.","Yes, Wugs like to eat flowers.",riley.png,riley_flowers.png,orange4.png,green12.png,Ash,flurp,individual,2,0,14008,2026-07-19T02:51:47.716Z,Older,1.2569896959146494,-1.0,-1.0,-1.0,0,8.380561259411362,DOB
TT066_1784429102657,,Jacob,8,A,B,A,yes1_boss,yes1_close,close_boss,yes1_boss,boss,yes,group,individual,False,group,individual,Bugs_Yes_1_b,Rowan,bugs,Emery,flurp,Jules,zazzo,"Yes, Wugs like to play with bugs.","Yes, Rowan likes to play with bugs.",rowan.png,rowan_bugs.png,orange14.png,green1.png,Jules,zazzo,individual,2,0,9629,2026-07-19T02:52:04.713Z,Older,1.2569896959146494,-1.0,-1.0,-1.0,0,8.380561259411362,DOB
TT066_1784429102657,,Jacob,8,A,B,A,yes1_boss,yes1_close,close_boss,yes1_boss,boss,yes,group,individual,True,individual,group,Night_Yes_1_b,Casey,night,River,flurp,Morgan,zazzo,"Yes, Casey likes to stay up in the middle of the night.","Yes, Wugs like to stay up in the middle of the night.",casey.png,casey_night.png,orange11.png,green6.png,River,flurp,individual,2,0,10072,2026-07-19T02:52:32.074Z,Older,1.2569896959146494,-1.0,-1.0,-1.0,0,8.380561259411362,DOB
TT066_1784429102657,,Jacob,8,A,B,A,yes1_boss,yes1_close,close_boss,yes1_boss,boss,yes,group,individual,True,individual,group,Walls_Yes_1_b,Taylor,walls,Finley,flurp,Robin,zazzo,"Yes, Taylor likes to climb tall buildings.","Yes, Wugs like to climb tall buildings.",taylor.png,taylor_walls.png,orange10.png,green1.png,Finley,flurp,individual,2,0,9292,2026-07-19T02:52:47.574Z,Older,1.2569896959146494,-1.0,-1.0,-1.0,0,8.380561259411362,DOB
TT066_1784429102657,,Jacob,8,A,B,A,yes1_boss,yes1_close,close_boss,yes1_boss,boss,yes,group,individual,False,group,individual,Whisper_Yes_1_b,Jordan,whisper,Skyler,flurp,Reese,zazzo,"Yes, Wugs like to whisper when they talk.","Yes, Jordan likes to whisper when they talk.",jordan.png,jordan_whisper.png,orange15.png,green12.png,Reese,zazzo,individual,2,0,9378,2026-07-19T02:53:05.191Z,Older,1.2569896959146494,-1.0,-1.0,-1.0,0,8.380561259411362,DOB
TT066_1784429102657,,Jacob,8,A,B,A,yes1_boss,yes1_close,close_boss,yes1_boss,boss,yes,group,individual,True,individual,group,Balls_Yes_1_b,Alex,balls,Quinn,flurp,Drew,zazzo,"Yes, Alex likes to bounce balls on their heads.","Yes, Wugs like to bounce balls on their heads.",alex.png,alex_ball.png,orange11.png,green10.png,Quinn,flurp,individual,2,0,11815,2026-07-19T02:53:26.461Z,Older,1.2569896959146494,-1.0,-1.0,-1.0,0,8.380561259411362,DOB
TT066_1784688566025,,Lynken,8,A,A,B,yes2_boss,hmm2_close,close_boss,hmm2_close,close,hmm,individual,group,True,group,individual,Flowers_Hmm_2,Riley,flowers,Ash,flurp,Charlie,zazzo,"Hmm, Wugs must like to eat flowers.","Hmm, Riley must like to eat flowers.",riley.png,riley_flowers.png,orange2.png,green12.png,Charlie,zazzo,individual,2,1,29330,2026-07-22T02:53:22.844Z,Older,1.410309339994047,1.0,1.0,-1.0,1,8.53388090349076,DOB
TT066_1784688566025,,Lynken,8,A,A,B,yes2_boss,hmm2_close,close_boss,hmm2_close,close,hmm,individual,group,False,individual,group,Balls_Hmm_2,Alex,balls,Quinn,flurp,Drew,zazzo,"Hmm, Alex must like to bounce balls on their heads.","Hmm, Wugs must like to bounce balls on their heads.",alex.png,alex_ball.png,orange7.png,green1.png,Quinn,flurp,individual,2,1,18683,2026-07-22T02:54:10.016Z,Older,1.410309339994047,1.0,1.0,-1.0,1,8.53388090349076,DOB
TT066_1784688566025,,Lynken,8,A,A,B,yes2_boss,hmm2_close,close_boss,hmm2_close,close,hmm,individual,group,False,individual,group,Bugs_Hmm_2,Rowan,bugs,Emery,flurp,Jules,zazzo,"Hmm, Rowan must like to play with bugs.","Hmm, Wugs must like to play with bugs.",rowan.png,rowan_bugs.png,orange10.png,green10.png,Emery,flurp,individual,2,1,28600,2026-07-22T02:55:08.569Z,Older,1.410309339994047,1.0,1.0,-1.0,1,8.53388090349076,DOB
TT066_1784688566025,,Lynken,8,A,A,B,yes2_boss,hmm2_close,close_boss,hmm2_close,close,hmm,individual,group,False,individual,group,Walls_Hmm_2,Taylor,walls,Finley,flurp,Robin,zazzo,"Hmm, Taylor must like to climb tall buildings.","Hmm, Wugs must like to climb tall buildings.",taylor.png,taylor_walls.png,orange9.png,green7.png,Finley,flurp,individual,2,1,21658,2026-07-22T02:55:49.219Z,Older,1.410309339994047,1.0,1.0,-1.0,1,8.53388090349076,DOB
TT066_1784688566025,,Lynken,8,A,A,B,yes2_boss,hmm2_close,close_boss,hmm2_close,close,hmm,individual,group,False,individual,group,Night_Hmm_2,Casey,night,River,flurp,Morgan,zazzo,"Hmm, Casey must like to stay up in the middle of the night.","Hmm, Wugs must like to stay up in the middle of the night.",casey.png,casey_night.png,orange15.png,green11.png,River,flurp,individual,2,1,19687,2026-07-22T02:56:39.252Z,Older,1.410309339994047,1.0,1.0,-1.0,1,8.53388090349076,DOB
TT066_1784688566025,,Lynken,8,A,A,B,yes2_boss,hmm2_close,close_boss,hmm2_close,close,hmm,individual,group,False,individual,group,Whisper_Hmm_2,Jordan,whisper,Skyler,flurp,Reese,zazzo,"Hmm, Jordan must like to whisper when they talk.","Hmm, Wugs must like to whisper when they talk.",jordan.png,jordan_whisper.png,orange7.png,green7.png,Skyler,flurp,individual,2,1,17602,2026-07-22T02:57:15.623Z,Older,1.410309339994047,1.0,1.0,-1.0,1,8.53388090349076,DOB
TT066_1784688566025,,Lynken,8,B,A,B,yes2_boss,hmm2_close,close_boss,yes2_boss,boss,yes,individual,group,False,individual,group,Sniffing_Yes_2_b,Arlo,sniffing,Cora,flurp,Beau,zazzo,"Yes, Arlo likes to sniff things before touching them.","Yes, Wugs like to sniff things before touching them.",arlo.png,arlo_sniffing.png,orange15.png,green9.png,Cora,flurp,individual,2,0,25921,2026-07-22T02:58:44.358Z,Older,1.410309339994047,-1.0,-1.0,-1.0,0,8.53388090349076,DOB
TT066_1784688566025,,Lynken,8,B,A,B,yes2_boss,hmm2_close,close_boss,yes2_boss,boss,yes,individual,group,True,group,individual,Pinecones_Yes_2_b,Blake,pinecones,Zara,flurp,Bryn,zazzo,"Yes, Wugs like to pile up pinecones into a tall tower.","Yes, Blake likes to pile up pinecones into a tall tower.",blake.png,blake_pinecones.png,orange3.png,green12.png,Bryn,zazzo,individual,2,0,16775,2026-07-22T02:59:24.720Z,Older,1.410309339994047,-1.0,-1.0,-1.0,0,8.53388090349076,DOB
TT066_1784688566025,,Lynken,8,B,A,B,yes2_boss,hmm2_close,close_boss,yes2_boss,boss,yes,individual,group,True,group,individual,Spinning_Yes_2_b,Wren,spinning,Lumi,flurp,Flint,zazzo,"Yes, Wugs like to spin around before sitting down.","Yes, Wren likes to spin around before sitting down.",wren.png,wren_spinning.png,orange13.png,green11.png,Flint,zazzo,individual,2,0,13843,2026-07-22T02:59:51.523Z,Older,1.410309339994047,-1.0,-1.0,-1.0,0,8.53388090349076,DOB
TT066_1784688566025,,Lynken,8,B,A,B,yes2_boss,hmm2_close,close_boss,yes2_boss,boss,yes,individual,group,True,group,individual,Backwards_Yes_2_b,Theo,backwards,Cleo,flurp,Moss,zazzo,"Yes, Wugs like to walk backwards.","Yes, Theo likes to walk backwards.",theo.png,theo_backwards.png,orange11.png,green11.png,Moss,zazzo,individual,2,0,24099,2026-07-22T03:00:23.385Z,Older,1.410309339994047,-1.0,-1.0,-1.0,0,8.53388090349076,DOB
TT066_1784688566025,,Lynken,8,B,A,B,yes2_boss,hmm2_close,close_boss,yes2_boss,boss,yes,individual,group,False,individual,group,Plants_Yes_2_b,Sage,plants,Juno,flurp,Reed,zazzo,"Yes, Sage likes to talk to plants.","Yes, Wugs like to talk to plants.",sage.png,sage_plants.png,orange6.png,green11.png,Juno,flurp,individual,2,0,23953,2026-07-22T03:00:57.839Z,Older,1.410309339994047,-1.0,-1.0,-1.0,0,8.53388090349076,DOB
TT066_1784688566025,,Lynken,8,B,A,B,yes2_boss,hmm2_close,close_boss,yes2_boss,boss,yes,individual,group,False,individual,group,Rocks_Yes_2_b,Sam,rocks,Nova,flurp,Finn,zazzo,"Yes, Sam likes to pick up rocks and put them in their pocket.","Yes, Wugs like to pick up rocks and put them in their pocket.",sam.png,sam_rocks.png,orange13.png,green6.png,Finn,zazzo,group,1,1,36349,2026-07-22T03:01:42.584Z,Older,1.410309339994047,-1.0,-1.0,-1.0,1,8.53388090349076,DOB
TT067_1784399877039,,Nora,7,A,B,A,hmm2_boss,yes2_close,boss_close,hmm2_boss,boss,hmm,individual,group,True,group,individual,Walls_Hmm_2_b,Taylor,walls,Finley,flurp,Robin,zazzo,"Hmm, Wugs must like to climb tall buildings.","Hmm, Taylor must like to climb tall buildings.",taylor.png,taylor_walls.png,orange13.png,green7.png,Robin,zazzo,individual,2,0,28252,2026-07-18T18:41:36.905Z,Older,0.06328675272505357,-1.0,1.0,-1.0,0,7.186858316221766,DOB
TT067_1784399877039,,Nora,7,A,B,A,hmm2_boss,yes2_close,boss_close,hmm2_boss,boss,hmm,individual,group,False,individual,group,Bugs_Hmm_2_b,Rowan,bugs,Emery,flurp,Jules,zazzo,"Hmm, Rowan must like to play with bugs.","Hmm, Wugs must like to play with bugs.",rowan.png,rowan_bugs.png,orange4.png,green7.png,Emery,flurp,individual,2,0,27475,2026-07-18T18:42:22.884Z,Older,0.06328675272505357,-1.0,1.0,-1.0,0,7.186858316221766,DOB
TT067_1784399877039,,Nora,7,A,B,A,hmm2_boss,yes2_close,boss_close,hmm2_boss,boss,hmm,individual,group,True,group,individual,Night_Hmm_2_b,Casey,night,River,flurp,Morgan,zazzo,"Hmm, Wugs must like to stay up in the middle of the night.","Hmm, Casey must like to stay up in the middle of the night.",casey.png,casey_night.png,orange9.png,green6.png,Morgan,zazzo,individual,2,0,49109,2026-07-18T18:43:43.175Z,Older,0.06328675272505357,-1.0,1.0,-1.0,0,7.186858316221766,DOB
TT067_1784399877039,,Nora,7,A,B,A,hmm2_boss,yes2_close,boss_close,hmm2_boss,boss,hmm,individual,group,True,group,individual,Balls_Hmm_2_b,Alex,balls,Quinn,flurp,Drew,zazzo,"Hmm, Wugs must like to bounce balls on their heads.","Hmm, Alex must like to bounce balls on their heads.",alex.png,alex_ball.png,orange7.png,green.png,Drew,zazzo,individual,2,0,33335,2026-07-18T18:44:48.826Z,Older,0.06328675272505357,-1.0,1.0,-1.0,0,7.186858316221766,DOB
TT067_1784399877039,,Nora,7,A,B,A,hmm2_boss,yes2_close,boss_close,hmm2_boss,boss,hmm,individual,group,False,individual,group,Flowers_Hmm_2_b,Riley,flowers,Ash,flurp,Charlie,zazzo,"Hmm, Riley must like to eat flowers.","Hmm, Wugs must like to eat flowers.",riley.png,riley_flowers.png,orange2.png,green.png,Ash,flurp,individual,2,0,37560,2026-07-18T18:46:07.324Z,Older,0.06328675272505357,-1.0,1.0,-1.0,0,7.186858316221766,DOB
TT067_1784399877039,,Nora,7,A,B,A,hmm2_boss,yes2_close,boss_close,hmm2_boss,boss,hmm,individual,group,False,individual,group,Whisper_Hmm_2_b,Jordan,whisper,Skyler,flurp,Reese,zazzo,"Hmm, Jordan must like to whisper when they talk.","Hmm, Wugs must like to whisper when they talk.",jordan.png,jordan_whisper.png,orange3.png,green12.png,Reese,zazzo,group,1,1,27520,2026-07-18T18:47:40.494Z,Older,0.06328675272505357,-1.0,1.0,-1.0,1,7.186858316221766,DOB
TT067_1784399877039,,Nora,7,B,B,A,hmm2_boss,yes2_close,boss_close,yes2_close,close,yes,individual,group,True,group,individual,Sniffing_Yes_2,Arlo,sniffing,Cora,flurp,Beau,zazzo,"Yes, Wugs like to sniff things before touching them.","Yes, Arlo likes to sniff things before touching them.",arlo.png,arlo_sniffing.png,orange2.png,green7.png,Beau,zazzo,individual,2,1,18538,2026-07-18T18:49:34.118Z,Older,0.06328675272505357,1.0,-1.0,-1.0,1,7.186858316221766,DOB
TT067_1784399877039,,Nora,7,B,B,A,hmm2_boss,yes2_close,boss_close,yes2_close,close,yes,individual,group,False,individual,group,Rocks_Yes_2,Sam,rocks,Nova,flurp,Finn,zazzo,"Yes, Sam likes to pick up rocks and put them in their pocket.","Yes, Wugs like to pick up rocks and put them in their pocket.",sam.png,sam_rocks.png,orange15.png,green12.png,Nova,flurp,individual,2,1,19740,2026-07-18T18:50:42.959Z,Older,0.06328675272505357,1.0,-1.0,-1.0,1,7.186858316221766,DOB
TT067_1784399877039,,Nora,7,B,B,A,hmm2_boss,yes2_close,boss_close,yes2_close,close,yes,individual,group,False,individual,group,Spinning_Yes_2,Wren,spinning,Lumi,flurp,Flint,zazzo,"Yes, Wren likes to spin around before sitting down.","Yes, Wugs like to spin around before sitting down.",wren.png,wren_spinning.png,orange10.png,green.png,Lumi,flurp,individual,2,1,15921,2026-07-18T18:51:43.095Z,Older,0.06328675272505357,1.0,-1.0,-1.0,1,7.186858316221766,DOB
TT067_1784399877039,,Nora,7,B,B,A,hmm2_boss,yes2_close,boss_close,yes2_close,close,yes,individual,group,True,group,individual,Plants_Yes_2,Sage,plants,Juno,flurp,Reed,zazzo,"Yes, Wugs like to talk to plants.","Yes, Sage likes to talk to plants.",sage.png,sage_plants.png,orange11.png,green7.png,Reed,zazzo,individual,2,1,19519,2026-07-18T18:52:51.878Z,Older,0.06328675272505357,1.0,-1.0,-1.0,1,7.186858316221766,DOB
TT067_1784399877039,,Nora,7,B,B,A,hmm2_boss,yes2_close,boss_close,yes2_close,close,yes,individual,group,False,individual,group,Backwards_Yes_2,Theo,backwards,Cleo,flurp,Moss,zazzo,"Yes, Theo likes to walk backwards.","Yes, Wugs like to walk backwards.",theo.png,theo_backwards.png,orange9.png,green1.png,Cleo,flurp,individual,2,1,18679,2026-07-18T18:54:03.141Z,Older,0.06328675272505357,1.0,-1.0,-1.0,1,7.186858316221766,DOB
TT067_1784399877039,,Nora,7,B,B,A,hmm2_boss,yes2_close,boss_close,yes2_close,close,yes,individual,group,True,group,individual,Pinecones_Yes_2,Blake,pinecones,Zara,flurp,Bryn,zazzo,"Yes, Wugs like to pile up pinecones into a tall tower.","Yes, Blake likes to pile up pinecones into a tall tower.",blake.png,blake_pinecones.png,orange4.png,green2.png,Bryn,zazzo,individual,2,1,22731,2026-07-18T18:55:03.903Z,Older,0.06328675272505357,1.0,-1.0,-1.0,1,7.186858316221766,DOB
TT069_1783100190815,,jack,8,A,B,A,yes2_boss,hmm1_close,boss_close,yes2_boss,boss,yes,individual,group,True,group,individual,Night_Yes_2_b,Casey,night,River,flurp,Morgan,zazzo,"Yes, Wugs like to stay up in the middle of the night.","Yes, Casey likes to stay up in the middle of the night.",casey.png,casey_night.png,orange11.png,green9.png,River,flurp,group,1,1,30152,2026-07-03T17:40:26.929Z,Older,1.3764284365032875,-1.0,-1.0,-1.0,1,8.5,reported+0.5
TT069_1783100190815,,jack,8,A,B,A,yes2_boss,hmm1_close,boss_close,yes2_boss,boss,yes,individual,group,False,individual,group,Flowers_Yes_2_b,Riley,flowers,Ash,flurp,Charlie,zazzo,"Yes, Riley likes to eat flowers.","Yes, Wugs like to eat flowers.",riley.png,riley_flowers.png,orange6.png,green2.png,Ash,flurp,individual,2,0,25372,2026-07-03T17:41:23.917Z,Older,1.3764284365032875,-1.0,-1.0,-1.0,0,8.5,reported+0.5
TT069_1783100190815,,jack,8,A,B,A,yes2_boss,hmm1_close,boss_close,yes2_boss,boss,yes,individual,group,False,individual,group,Whisper_Yes_2_b,Jordan,whisper,Skyler,flurp,Reese,zazzo,"Yes, Jordan likes to whisper when they talk.","Yes, Wugs like to whisper when they talk.",jordan.png,jordan_whisper.png,orange6.png,green6.png,Reese,zazzo,group,1,1,25295,2026-07-03T17:42:26.432Z,Older,1.3764284365032875,-1.0,-1.0,-1.0,1,8.5,reported+0.5
TT069_1783100190815,,jack,8,A,B,A,yes2_boss,hmm1_close,boss_close,yes2_boss,boss,yes,individual,group,False,individual,group,Walls_Yes_2_b,Taylor,walls,Finley,flurp,Robin,zazzo,"Yes, Taylor likes to climb tall buildings.","Yes, Wugs like to climb tall buildings.",taylor.png,taylor_walls.png,orange9.png,green10.png,Robin,zazzo,group,1,1,23864,2026-07-03T17:43:23.008Z,Older,1.3764284365032875,-1.0,-1.0,-1.0,1,8.5,reported+0.5
TT069_1783100190815,,jack,8,A,B,A,yes2_boss,hmm1_close,boss_close,yes2_boss,boss,yes,individual,group,True,group,individual,Balls_Yes_2_b,Alex,balls,Quinn,flurp,Drew,zazzo,"Yes, Wugs like to bounce balls on their heads.","Yes, Alex likes to bounce balls on their heads.",alex.png,alex_ball.png,orange6.png,green12.png,Quinn,flurp,group,1,1,25896,2026-07-03T17:44:26.076Z,Older,1.3764284365032875,-1.0,-1.0,-1.0,1,8.5,reported+0.5
TT069_1783100190815,,jack,8,A,B,A,yes2_boss,hmm1_close,boss_close,yes2_boss,boss,yes,individual,group,True,group,individual,Bugs_Yes_2_b,Rowan,bugs,Emery,flurp,Jules,zazzo,"Yes, Wugs like to play with bugs.","Yes, Rowan likes to play with bugs.",rowan.png,rowan_bugs.png,orange13.png,green10.png,Emery,flurp,group,1,1,26327,2026-07-03T17:45:23.062Z,Older,1.3764284365032875,-1.0,-1.0,-1.0,1,8.5,reported+0.5
TT069_1783100190815,,jack,8,B,B,A,yes2_boss,hmm1_close,boss_close,hmm1_close,close,hmm,group,individual,False,group,individual,Spinning_Hmm_1,Wren,spinning,Lumi,flurp,Flint,zazzo,"Hmm, Wugs must like to spin around before sitting down.","Hmm, Wren must like to spin around before sitting down.",wren.png,wren_spinning.png,orange15.png,green1.png,Lumi,flurp,group,1,0,51370,2026-07-03T17:47:30.257Z,Older,1.3764284365032875,1.0,1.0,-1.0,0,8.5,reported+0.5
TT069_1783100190815,,jack,8,B,B,A,yes2_boss,hmm1_close,boss_close,hmm1_close,close,hmm,group,individual,True,individual,group,Rocks_Hmm_1,Sam,rocks,Nova,flurp,Finn,zazzo,"Hmm, Sam must like to pick up rocks and put them in their pocket.","Hmm, Wugs must like to pick up rocks and put them in their pocket.",sam.png,sam_rocks.png,orange14.png,green1.png,Finn,zazzo,group,1,0,32306,2026-07-03T17:48:34.753Z,Older,1.3764284365032875,1.0,1.0,-1.0,0,8.5,reported+0.5
TT069_1783100190815,,jack,8,B,B,A,yes2_boss,hmm1_close,boss_close,hmm1_close,close,hmm,group,individual,False,group,individual,Pinecones_Hmm_1,Blake,pinecones,Zara,flurp,Bryn,zazzo,"Hmm, Wugs must like to pile up pinecones into a tall tower.","Hmm, Blake must like to pile up pinecones into a tall tower.",blake.png,blake_pinecones.png,orange10.png,green12.png,Bryn,zazzo,individual,2,1,37062,2026-07-03T17:49:49.584Z,Older,1.3764284365032875,1.0,1.0,-1.0,1,8.5,reported+0.5
TT069_1783100190815,,jack,8,B,B,A,yes2_boss,hmm1_close,boss_close,hmm1_close,close,hmm,group,individual,False,group,individual,Backwards_Hmm_1,Theo,backwards,Cleo,flurp,Moss,zazzo,"Hmm, Wugs must like to walk backwards.","Hmm, Theo must like to walk backwards.",theo.png,theo_backwards.png,orange7.png,green7.png,Cleo,flurp,group,1,0,25282,2026-07-03T17:50:50.000Z,Older,1.3764284365032875,1.0,1.0,-1.0,0,8.5,reported+0.5
TT069_1783100190815,,jack,8,B,B,A,yes2_boss,hmm1_close,boss_close,hmm1_close,close,hmm,group,individual,False,group,individual,Sniffing_Hmm_1,Arlo,sniffing,Cora,flurp,Beau,zazzo,"Hmm, Wugs must like to sniff things before touching them.","Hmm, Arlo must like to sniff things before touching them.",arlo.png,arlo_sniffing.png,orange11.png,green9.png,Cora,flurp,group,1,0,28290,2026-07-03T17:51:58.542Z,Older,1.3764284365032875,1.0,1.0,-1.0,0,8.5,reported+0.5
TT069_1783100190815,,jack,8,B,B,A,yes2_boss,hmm1_close,boss_close,hmm1_close,close,hmm,group,individual,False,group,individual,Plants_Hmm_1,Sage,plants,Juno,flurp,Reed,zazzo,"Hmm, Wugs must like to talk to plants.","Hmm, Sage must like to talk to plants.",sage.png,sage_plants.png,orange15.png,green10.png,Reed,zazzo,individual,2,1,34061,2026-07-03T17:53:01.143Z,Older,1.3764284365032875,1.0,1.0,-1.0,1,8.5,reported+0.5
TT070_1782579104833,,Emily,7,A,B,A,hmm1_boss,yes2_close,boss_close,hmm1_boss,boss,hmm,group,individual,True,individual,group,Whisper_Hmm_1_b,Jordan,whisper,Skyler,flurp,Reese,zazzo,"Hmm, Jordan must like to whisper when they talk.","Hmm, Wugs must like to whisper when they talk.",jordan.png,jordan_whisper.png,orange15.png,green7.png,Reese,zazzo,group,1,1,68367,2026-06-27T16:56:25.467Z,Older,0.05507320036365737,-1.0,1.0,-1.0,1,7.17864476386037,DOB
TT070_1782579104833,,Emily,7,A,B,A,hmm1_boss,yes2_close,boss_close,hmm1_boss,boss,hmm,group,individual,False,group,individual,Bugs_Hmm_1_b,Rowan,bugs,Emery,flurp,Jules,zazzo,"Hmm, Wugs must like to play with bugs.","Hmm, Rowan must like to play with bugs.",rowan.png,rowan_bugs.png,orange3.png,green9.png,Jules,zazzo,individual,2,0,23996,2026-06-27T16:57:21.771Z,Older,0.05507320036365737,-1.0,1.0,-1.0,0,7.17864476386037,DOB
TT070_1782579104833,,Emily,7,A,B,A,hmm1_boss,yes2_close,boss_close,hmm1_boss,boss,hmm,group,individual,True,individual,group,Night_Hmm_1_b,Casey,night,River,flurp,Morgan,zazzo,"Hmm, Casey must like to stay up in the middle of the night.","Hmm, Wugs must like to stay up in the middle of the night.",casey.png,casey_night.png,orange6.png,green9.png,River,flurp,individual,2,0,13383,2026-06-27T16:58:12.228Z,Older,0.05507320036365737,-1.0,1.0,-1.0,0,7.17864476386037,DOB
TT070_1782579104833,,Emily,7,A,B,A,hmm1_boss,yes2_close,boss_close,hmm1_boss,boss,hmm,group,individual,True,individual,group,Balls_Hmm_1_b,Alex,balls,Quinn,flurp,Drew,zazzo,"Hmm, Alex must like to bounce balls on their heads.","Hmm, Wugs must like to bounce balls on their heads.",alex.png,alex_ball.png,orange7.png,green10.png,Quinn,flurp,individual,2,0,13471,2026-06-27T16:59:06.340Z,Older,0.05507320036365737,-1.0,1.0,-1.0,0,7.17864476386037,DOB
TT070_1782579104833,,Emily,7,A,B,A,hmm1_boss,yes2_close,boss_close,hmm1_boss,boss,hmm,group,individual,True,individual,group,Flowers_Hmm_1_b,Riley,flowers,Ash,flurp,Charlie,zazzo,"Hmm, Riley must like to eat flowers.","Hmm, Wugs must like to eat flowers.",riley.png,riley_flowers.png,orange2.png,green9.png,Ash,flurp,individual,2,0,14477,2026-06-27T16:59:57.568Z,Older,0.05507320036365737,-1.0,1.0,-1.0,0,7.17864476386037,DOB
TT070_1782579104833,,Emily,7,A,B,A,hmm1_boss,yes2_close,boss_close,hmm1_boss,boss,hmm,group,individual,True,individual,group,Walls_Hmm_1_b,Taylor,walls,Finley,flurp,Robin,zazzo,"Hmm, Taylor must like to climb tall buildings.","Hmm, Wugs must like to climb tall buildings.",taylor.png,taylor_walls.png,orange10.png,green10.png,Finley,flurp,individual,2,0,21515,2026-06-27T17:00:49.792Z,Older,0.05507320036365737,-1.0,1.0,-1.0,0,7.17864476386037,DOB
TT070_1782579104833,,Emily,7,B,B,A,hmm1_boss,yes2_close,boss_close,yes2_close,close,yes,individual,group,False,individual,group,Pinecones_Yes_2,Blake,pinecones,Zara,flurp,Bryn,zazzo,"Yes, Blake likes to pile up pinecones into a tall tower.","Yes, Wugs like to pile up pinecones into a tall tower.",blake.png,blake_pinecones.png,orange4.png,green10.png,Zara,flurp,individual,2,1,16541,2026-06-27T17:02:16.655Z,Older,0.05507320036365737,1.0,-1.0,-1.0,1,7.17864476386037,DOB
TT070_1782579104833,,Emily,7,B,B,A,hmm1_boss,yes2_close,boss_close,yes2_close,close,yes,individual,group,False,individual,group,Spinning_Yes_2,Wren,spinning,Lumi,flurp,Flint,zazzo,"Yes, Wren likes to spin around before sitting down.","Yes, Wugs like to spin around before sitting down.",wren.png,wren_spinning.png,orange6.png,green1.png,Lumi,flurp,individual,2,1,10600,2026-06-27T17:02:54.797Z,Older,0.05507320036365737,1.0,-1.0,-1.0,1,7.17864476386037,DOB
TT070_1782579104833,,Emily,7,B,B,A,hmm1_boss,yes2_close,boss_close,yes2_close,close,yes,individual,group,True,group,individual,Rocks_Yes_2,Sam,rocks,Nova,flurp,Finn,zazzo,"Yes, Wugs like to pick up rocks and put them in their pocket.","Yes, Sam likes to pick up rocks and put them in their pocket.",sam.png,sam_rocks.png,orange6.png,green2.png,Finn,zazzo,individual,2,1,13448,2026-06-27T17:03:41.613Z,Older,0.05507320036365737,1.0,-1.0,-1.0,1,7.17864476386037,DOB
TT070_1782579104833,,Emily,7,B,B,A,hmm1_boss,yes2_close,boss_close,yes2_close,close,yes,individual,group,True,group,individual,Sniffing_Yes_2,Arlo,sniffing,Cora,flurp,Beau,zazzo,"Yes, Wugs like to sniff things before touching them.","Yes, Arlo likes to sniff things before touching them.",arlo.png,arlo_sniffing.png,orange9.png,green9.png,Beau,zazzo,individual,2,1,12109,2026-06-27T17:04:21.745Z,Older,0.05507320036365737,1.0,-1.0,-1.0,1,7.17864476386037,DOB
TT070_1782579104833,,Emily,7,B,B,A,hmm1_boss,yes2_close,boss_close,yes2_close,close,yes,individual,group,False,individual,group,Plants_Yes_2,Sage,plants,Juno,flurp,Reed,zazzo,"Yes, Sage likes to talk to plants.","Yes, Wugs like to talk to plants.",sage.png,sage_plants.png,orange9.png,green1.png,Juno,flurp,individual,2,1,9599,2026-06-27T17:05:02.929Z,Older,0.05507320036365737,1.0,-1.0,-1.0,1,7.17864476386037,DOB
TT070_1782579104833,,Emily,7,B,B,A,hmm1_boss,yes2_close,boss_close,yes2_close,close,yes,individual,group,False,individual,group,Backwards_Yes_2,Theo,backwards,Cleo,flurp,Moss,zazzo,"Yes, Theo likes to walk backwards.","Yes, Wugs like to walk backwards.",theo.png,theo_backwards.png,orange14.png,green7.png,Cleo,flurp,individual,2,1,8010,2026-06-27T17:05:26.756Z,Older,0.05507320036365737,1.0,-1.0,-1.0,1,7.17864476386037,DOB
TT071_1781905409601,,Aariv,5,B,B,A,yes1_boss,hmm2_close,close_boss,hmm2_close,close,hmm,individual,group,True,group,individual,Sniffing_Hmm_2,Arlo,sniffing,Cora,flurp,Beau,zazzo,"Hmm, Wugs must like to sniff things before touching them.","Hmm, Arlo must like to sniff things before touching them.",arlo.png,arlo_sniffing.png,orange2.png,green9.png,Beau,zazzo,individual,2,1,27917,2026-06-19T21:46:12.799Z,Younger,-1.6916756018266232,1.0,1.0,1.0,1,5.431895961670089,DOB
TT071_1781905409601,,Aariv,5,B,B,A,yes1_boss,hmm2_close,close_boss,hmm2_close,close,hmm,individual,group,False,individual,group,Plants_Hmm_2,Sage,plants,Juno,flurp,Reed,zazzo,"Hmm, Sage must like to talk to plants.","Hmm, Wugs must like to talk to plants.",sage.png,sage_plants.png,orange4.png,green2.png,Juno,flurp,individual,2,1,22168,2026-06-19T21:46:59.015Z,Younger,-1.6916756018266232,1.0,1.0,1.0,1,5.431895961670089,DOB
TT071_1781905409601,,Aariv,5,B,B,A,yes1_boss,hmm2_close,close_boss,hmm2_close,close,hmm,individual,group,False,individual,group,Rocks_Hmm_2,Sam,rocks,Nova,flurp,Finn,zazzo,"Hmm, Sam must like to pick up rocks and put them in their pocket.","Hmm, Wugs must like to pick up rocks and put them in their pocket.",sam.png,sam_rocks.png,orange14.png,green11.png,Nova,flurp,individual,2,1,27634,2026-06-19T21:47:55.598Z,Younger,-1.6916756018266232,1.0,1.0,1.0,1,5.431895961670089,DOB
TT071_1781905409601,,Aariv,5,B,B,A,yes1_boss,hmm2_close,close_boss,hmm2_close,close,hmm,individual,group,False,individual,group,Spinning_Hmm_2,Wren,spinning,Lumi,flurp,Flint,zazzo,"Hmm, Wren must like to spin around before sitting down.","Hmm, Wugs must like to spin around before sitting down.",wren.png,wren_spinning.png,orange10.png,green.png,Lumi,flurp,individual,2,1,21584,2026-06-19T21:48:42.398Z,Younger,-1.6916756018266232,1.0,1.0,1.0,1,5.431895961670089,DOB
TT071_1781905409601,,Aariv,5,B,B,A,yes1_boss,hmm2_close,close_boss,hmm2_close,close,hmm,individual,group,True,group,individual,Backwards_Hmm_2,Theo,backwards,Cleo,flurp,Moss,zazzo,"Hmm, Wugs must like to walk backwards.","Hmm, Theo must like to walk backwards.",theo.png,theo_backwards.png,orange9.png,green9.png,Cleo,flurp,group,1,0,17984,2026-06-19T21:49:33.832Z,Younger,-1.6916756018266232,1.0,1.0,1.0,0,5.431895961670089,DOB
TT071_1781905409601,,Aariv,5,B,B,A,yes1_boss,hmm2_close,close_boss,hmm2_close,close,hmm,individual,group,True,group,individual,Pinecones_Hmm_2,Blake,pinecones,Zara,flurp,Bryn,zazzo,"Hmm, Wugs must like to pile up pinecones into a tall tower.","Hmm, Blake must like to pile up pinecones into a tall tower.",blake.png,blake_pinecones.png,orange8.png,green12.png,Bryn,zazzo,individual,2,1,23150,2026-06-19T21:50:19.699Z,Younger,-1.6916756018266232,1.0,1.0,1.0,1,5.431895961670089,DOB
TT071_1781905409601,,Aariv,5,A,B,A,yes1_boss,hmm2_close,close_boss,yes1_boss,boss,yes,group,individual,True,individual,group,Walls_Yes_1_b,Taylor,walls,Finley,flurp,Robin,zazzo,"Yes, Taylor likes to climb tall buildings.","Yes, Wugs like to climb tall buildings.",taylor.png,taylor_walls.png,orange15.png,green6.png,Finley,flurp,individual,2,0,30100,2026-06-19T21:51:28.066Z,Younger,-1.6916756018266232,-1.0,-1.0,1.0,0,5.431895961670089,DOB
TT071_1781905409601,,Aariv,5,A,B,A,yes1_boss,hmm2_close,close_boss,yes1_boss,boss,yes,group,individual,True,individual,group,Flowers_Yes_1_b,Riley,flowers,Ash,flurp,Charlie,zazzo,"Yes, Riley likes to eat flowers.","Yes, Wugs like to eat flowers.",riley.png,riley_flowers.png,orange11.png,green12.png,Ash,flurp,individual,2,0,25733,2026-06-19T21:52:20.966Z,Younger,-1.6916756018266232,-1.0,-1.0,1.0,0,5.431895961670089,DOB
TT071_1781905409601,,Aariv,5,A,B,A,yes1_boss,hmm2_close,close_boss,yes1_boss,boss,yes,group,individual,False,group,individual,Balls_Yes_1_b,Alex,balls,Quinn,flurp,Drew,zazzo,"Yes, Wugs like to bounce balls on their heads.","Yes, Alex likes to bounce balls on their heads.",alex.png,alex_ball.png,orange15.png,green7.png,Quinn,flurp,group,1,1,26200,2026-06-19T21:53:15.083Z,Younger,-1.6916756018266232,-1.0,-1.0,1.0,1,5.431895961670089,DOB
TT071_1781905409601,,Aariv,5,A,B,A,yes1_boss,hmm2_close,close_boss,yes1_boss,boss,yes,group,individual,False,group,individual,Whisper_Yes_1_b,Jordan,whisper,Skyler,flurp,Reese,zazzo,"Yes, Wugs like to whisper when they talk.","Yes, Jordan likes to whisper when they talk.",jordan.png,jordan_whisper.png,orange6.png,green2.png,Skyler,flurp,group,1,1,13800,2026-06-19T21:53:56.550Z,Younger,-1.6916756018266232,-1.0,-1.0,1.0,1,5.431895961670089,DOB
TT071_1781905409601,,Aariv,5,A,B,A,yes1_boss,hmm2_close,close_boss,yes1_boss,boss,yes,group,individual,False,group,individual,Night_Yes_1_b,Casey,night,River,flurp,Morgan,zazzo,"Yes, Wugs like to stay up in the middle of the night.","Yes, Casey likes to stay up in the middle of the night.",casey.png,casey_night.png,orange3.png,green11.png,River,flurp,group,1,1,14783,2026-06-19T21:54:34.067Z,Younger,-1.6916756018266232,-1.0,-1.0,1.0,1,5.431895961670089,DOB
TT071_1781905409601,,Aariv,5,A,B,A,yes1_boss,hmm2_close,close_boss,yes1_boss,boss,yes,group,individual,False,group,individual,Bugs_Yes_1_b,Rowan,bugs,Emery,flurp,Jules,zazzo,"Yes, Wugs like to play with bugs.","Yes, Rowan likes to play with bugs.",rowan.png,rowan_bugs.png,orange2.png,green.png,Jules,zazzo,individual,2,0,23467,2026-06-19T21:55:23.017Z,Younger,-1.6916756018266232,-1.0,-1.0,1.0,0,5.431895961670089,DOB
TT071_1782297949946,,Aujash,8,B,A,B,yes1_boss,yes1_close,boss_close,yes1_boss,boss,yes,group,individual,True,individual,group,Sniffing_Yes_1_b,Arlo,sniffing,Cora,flurp,Beau,zazzo,"Yes, Arlo likes to sniff things before touching them.","Yes, Wugs like to sniff things before touching them.",arlo.png,arlo_sniffing.png,orange15.png,green11.png,Cora,flurp,individual,2,0,33475,2026-06-24T10:51:55.672Z,Older,1.6758808663458602,-1.0,-1.0,-1.0,0,8.799452429842573,DOB
TT071_1782297949946,,Aujash,8,B,A,B,yes1_boss,yes1_close,boss_close,yes1_boss,boss,yes,group,individual,False,group,individual,Pinecones_Yes_1_b,Blake,pinecones,Zara,flurp,Bryn,zazzo,"Yes, Wugs like to pile up pinecones into a tall tower.","Yes, Blake likes to pile up pinecones into a tall tower.",blake.png,blake_pinecones.png,orange10.png,green6.png,Zara,flurp,group,1,1,13122,2026-06-24T10:52:39.972Z,Older,1.6758808663458602,-1.0,-1.0,-1.0,1,8.799452429842573,DOB
TT071_1782297949946,,Aujash,8,B,A,B,yes1_boss,yes1_close,boss_close,yes1_boss,boss,yes,group,individual,False,group,individual,Rocks_Yes_1_b,Sam,rocks,Nova,flurp,Finn,zazzo,"Yes, Wugs like to pick up rocks and put them in their pocket.","Yes, Sam likes to pick up rocks and put them in their pocket.",sam.png,sam_rocks.png,orange2.png,green.png,Nova,flurp,group,1,1,12616,2026-06-24T10:53:06.608Z,Older,1.6758808663458602,-1.0,-1.0,-1.0,1,8.799452429842573,DOB
TT071_1782297949946,,Aujash,8,B,A,B,yes1_boss,yes1_close,boss_close,yes1_boss,boss,yes,group,individual,False,group,individual,Backwards_Yes_1_b,Theo,backwards,Cleo,flurp,Moss,zazzo,"Yes, Wugs like to walk backwards.","Yes, Theo likes to walk backwards.",theo.png,theo_backwards.png,orange10.png,green9.png,Moss,zazzo,individual,2,0,11596,2026-06-24T10:53:41.318Z,Older,1.6758808663458602,-1.0,-1.0,-1.0,0,8.799452429842573,DOB
TT071_1782297949946,,Aujash,8,B,A,B,yes1_boss,yes1_close,boss_close,yes1_boss,boss,yes,group,individual,False,group,individual,Plants_Yes_1_b,Sage,plants,Juno,flurp,Reed,zazzo,"Yes, Wugs like to talk to plants.","Yes, Sage likes to talk to plants.",sage.png,sage_plants.png,orange8.png,green1.png,Reed,zazzo,individual,2,0,13210,2026-06-24T10:54:06.463Z,Older,1.6758808663458602,-1.0,-1.0,-1.0,0,8.799452429842573,DOB
TT071_1782297949946,,Aujash,8,B,A,B,yes1_boss,yes1_close,boss_close,yes1_boss,boss,yes,group,individual,True,individual,group,Spinning_Yes_1_b,Wren,spinning,Lumi,flurp,Flint,zazzo,"Yes, Wren likes to spin around before sitting down.","Yes, Wugs like to spin around before sitting down.",wren.png,wren_spinning.png,orange14.png,green10.png,Lumi,flurp,individual,2,0,11875,2026-06-24T10:54:28.849Z,Older,1.6758808663458602,-1.0,-1.0,-1.0,0,8.799452429842573,DOB
TT071_1782297949946,,Aujash,8,A,A,B,yes1_boss,yes1_close,boss_close,yes1_close,close,yes,group,individual,True,individual,group,Balls_Yes_1,Alex,balls,Quinn,flurp,Drew,zazzo,"Yes, Alex likes to bounce balls on their heads.","Yes, Wugs like to bounce balls on their heads.",alex.png,alex_ball.png,orange10.png,green11.png,Quinn,flurp,individual,2,1,15983,2026-06-24T10:55:53.663Z,Older,1.6758808663458602,1.0,-1.0,-1.0,1,8.799452429842573,DOB
TT071_1782297949946,,Aujash,8,A,A,B,yes1_boss,yes1_close,boss_close,yes1_close,close,yes,group,individual,False,group,individual,Flowers_Yes_1,Riley,flowers,Ash,flurp,Charlie,zazzo,"Yes, Wugs like to eat flowers.","Yes, Riley likes to eat flowers.",riley.png,riley_flowers.png,orange8.png,green2.png,Charlie,zazzo,individual,2,1,9170,2026-06-24T10:56:16.506Z,Older,1.6758808663458602,1.0,-1.0,-1.0,1,8.799452429842573,DOB
TT071_1782297949946,,Aujash,8,A,A,B,yes1_boss,yes1_close,boss_close,yes1_close,close,yes,group,individual,False,group,individual,Bugs_Yes_1,Rowan,bugs,Emery,flurp,Jules,zazzo,"Yes, Wugs like to play with bugs.","Yes, Rowan likes to play with bugs.",rowan.png,rowan_bugs.png,orange7.png,green.png,Jules,zazzo,individual,2,1,8792,2026-06-24T10:56:42.244Z,Older,1.6758808663458602,1.0,-1.0,-1.0,1,8.799452429842573,DOB
TT071_1782297949946,,Aujash,8,A,A,B,yes1_boss,yes1_close,boss_close,yes1_close,close,yes,group,individual,True,individual,group,Whisper_Yes_1,Jordan,whisper,Skyler,flurp,Reese,zazzo,"Yes, Jordan likes to whisper when they talk.","Yes, Wugs like to whisper when they talk.",jordan.png,jordan_whisper.png,orange2.png,green7.png,Skyler,flurp,individual,2,1,17016,2026-06-24T10:57:17.090Z,Older,1.6758808663458602,1.0,-1.0,-1.0,1,8.799452429842573,DOB
TT071_1782297949946,,Aujash,8,A,A,B,yes1_boss,yes1_close,boss_close,yes1_close,close,yes,group,individual,False,group,individual,Night_Yes_1,Casey,night,River,flurp,Morgan,zazzo,"Yes, Wugs like to stay up in the middle of the night.","Yes, Casey likes to stay up in the middle of the night.",casey.png,casey_night.png,orange11.png,green10.png,River,flurp,group,1,0,11771,2026-06-24T10:57:58.664Z,Older,1.6758808663458602,1.0,-1.0,-1.0,0,8.799452429842573,DOB
TT071_1782297949946,,Aujash,8,A,A,B,yes1_boss,yes1_close,boss_close,yes1_close,close,yes,group,individual,True,individual,group,Climb_Yes_1,Taylor,walls,Finley,flurp,Robin,zazzo,"Yes, Taylor likes to climb tall buildings.","Yes, Wugs like to climb tall buildings.",taylor.png,taylor_walls.png,orange9.png,green11.png,Finley,flurp,individual,2,1,15220,2026-06-24T10:58:44.850Z,Older,1.6758808663458602,1.0,-1.0,-1.0,1,8.799452429842573,DOB
TT071_1783881857550,,Zander,5,A,A,B,hmm2_boss,yes1_close,close_boss,yes1_close,close,yes,group,individual,False,group,individual,Balls_Yes_1,Alex,balls,Quinn,flurp,Drew,zazzo,"Yes, Wugs like to bounce balls on their heads.","Yes, Alex likes to bounce balls on their heads.",alex.png,alex_ball.png,orange8.png,green6.png,Drew,zazzo,individual,2,1,19433,2026-07-12T18:47:42.769Z,Younger,-1.7984517825247757,1.0,-1.0,1.0,1,5.325119780971937,DOB
TT071_1783881857550,,Zander,5,A,A,B,hmm2_boss,yes1_close,close_boss,yes1_close,close,yes,group,individual,False,group,individual,Climb_Yes_1,Taylor,walls,Finley,flurp,Robin,zazzo,"Yes, Wugs like to climb tall buildings.","Yes, Taylor likes to climb tall buildings.",taylor.png,taylor_walls.png,orange13.png,green12.png,Robin,zazzo,individual,2,1,23100,2026-07-12T18:48:45.102Z,Younger,-1.7984517825247757,1.0,-1.0,1.0,1,5.325119780971937,DOB
TT071_1783881857550,,Zander,5,A,A,B,hmm2_boss,yes1_close,close_boss,yes1_close,close,yes,group,individual,True,individual,group,Night_Yes_1,Casey,night,River,flurp,Morgan,zazzo,"Yes, Casey likes to stay up in the middle of the night.","Yes, Wugs like to stay up in the middle of the night.",casey.png,casey_night.png,orange6.png,green7.png,Morgan,zazzo,group,1,0,18748,2026-07-12T18:49:38.462Z,Younger,-1.7984517825247757,1.0,-1.0,1.0,0,5.325119780971937,DOB
TT071_1783881857550,,Zander,5,A,A,B,hmm2_boss,yes1_close,close_boss,yes1_close,close,yes,group,individual,True,individual,group,Whisper_Yes_1,Jordan,whisper,Skyler,flurp,Reese,zazzo,"Yes, Jordan likes to whisper when they talk.","Yes, Wugs like to whisper when they talk.",jordan.png,jordan_whisper.png,orange10.png,green10.png,Reese,zazzo,group,1,0,17651,2026-07-12T18:50:27.335Z,Younger,-1.7984517825247757,1.0,-1.0,1.0,0,5.325119780971937,DOB
TT071_1783881857550,,Zander,5,A,A,B,hmm2_boss,yes1_close,close_boss,yes1_close,close,yes,group,individual,False,group,individual,Flowers_Yes_1,Riley,flowers,Ash,flurp,Charlie,zazzo,"Yes, Wugs like to eat flowers.","Yes, Riley likes to eat flowers.",riley.png,riley_flowers.png,orange4.png,green.png,Charlie,zazzo,individual,2,1,23333,2026-07-12T18:51:22.735Z,Younger,-1.7984517825247757,1.0,-1.0,1.0,1,5.325119780971937,DOB
TT071_1783881857550,,Zander,5,A,A,B,hmm2_boss,yes1_close,close_boss,yes1_close,close,yes,group,individual,False,group,individual,Bugs_Yes_1,Rowan,bugs,Emery,flurp,Jules,zazzo,"Yes, Wugs like to play with bugs.","Yes, Rowan likes to play with bugs.",rowan.png,rowan_bugs.png,orange14.png,green1.png,Jules,zazzo,individual,2,1,17850,2026-07-12T18:52:13.786Z,Younger,-1.7984517825247757,1.0,-1.0,1.0,1,5.325119780971937,DOB
TT071_1783881857550,,Zander,5,B,A,B,hmm2_boss,yes1_close,close_boss,hmm2_boss,boss,hmm,individual,group,True,group,individual,Rocks_Hmm_2_b,Sam,rocks,Nova,flurp,Finn,zazzo,"Hmm, Wugs must like to pick up rocks and put them in their pocket.","Hmm, Sam must like to pick up rocks and put them in their pocket.",sam.png,sam_rocks.png,orange13.png,green.png,Finn,zazzo,individual,2,0,41717,2026-07-12T18:53:59.771Z,Younger,-1.7984517825247757,-1.0,1.0,1.0,0,5.325119780971937,DOB
TT071_1783881857550,,Zander,5,B,A,B,hmm2_boss,yes1_close,close_boss,hmm2_boss,boss,hmm,individual,group,False,individual,group,Spinning_Hmm_2_b,Wren,spinning,Lumi,flurp,Flint,zazzo,"Hmm, Wren must like to spin around before sitting down.","Hmm, Wugs must like to spin around before sitting down.",wren.png,wren_spinning.png,orange3.png,green11.png,Flint,zazzo,group,1,1,25000,2026-07-12T18:54:50.255Z,Younger,-1.7984517825247757,-1.0,1.0,1.0,1,5.325119780971937,DOB
TT071_1783881857550,,Zander,5,B,A,B,hmm2_boss,yes1_close,close_boss,hmm2_boss,boss,hmm,individual,group,True,group,individual,Sniffing_Hmm_2_b,Arlo,sniffing,Cora,flurp,Beau,zazzo,"Hmm, Wugs must like to sniff things before touching them.","Hmm, Arlo must like to sniff things before touching them.",arlo.png,arlo_sniffing.png,orange11.png,green12.png,Beau,zazzo,individual,2,0,24017,2026-07-12T18:55:40.339Z,Younger,-1.7984517825247757,-1.0,1.0,1.0,0,5.325119780971937,DOB
TT071_1783881857550,,Zander,5,B,A,B,hmm2_boss,yes1_close,close_boss,hmm2_boss,boss,hmm,individual,group,False,individual,group,Plants_Hmm_2_b,Sage,plants,Juno,flurp,Reed,zazzo,"Hmm, Sage must like to talk to plants.","Hmm, Wugs must like to talk to plants.",sage.png,sage_plants.png,orange15.png,green11.png,Reed,zazzo,group,1,1,18317,2026-07-12T18:56:23.290Z,Younger,-1.7984517825247757,-1.0,1.0,1.0,1,5.325119780971937,DOB
TT071_1783881857550,,Zander,5,B,A,B,hmm2_boss,yes1_close,close_boss,hmm2_boss,boss,hmm,individual,group,False,individual,group,Backwards_Hmm_2_b,Theo,backwards,Cleo,flurp,Moss,zazzo,"Hmm, Theo must like to walk backwards.","Hmm, Wugs must like to walk backwards.",theo.png,theo_backwards.png,orange3.png,green11.png,Moss,zazzo,group,1,1,36684,2026-07-12T18:57:33.091Z,Younger,-1.7984517825247757,-1.0,1.0,1.0,1,5.325119780971937,DOB
TT071_1783881857550,,Zander,5,B,A,B,hmm2_boss,yes1_close,close_boss,hmm2_boss,boss,hmm,individual,group,True,group,individual,Pinecones_Hmm_2_b,Blake,pinecones,Zara,flurp,Bryn,zazzo,"Hmm, Wugs must like to pile up pinecones into a tall tower.","Hmm, Blake must like to pile up pinecones into a tall tower.",blake.png,blake_pinecones.png,orange13.png,green11.png,Bryn,zazzo,individual,2,0,39050,2026-07-12T18:58:43.258Z,Younger,-1.7984517825247757,-1.0,1.0,1.0,0,5.325119780971937,DOB
TT071_1784835831793,,Soren,6,B,B,A,hmm1_boss,yes1_close,close_boss,yes1_close,close,yes,group,individual,True,individual,group,Backwards_Yes_1,Theo,backwards,Cleo,flurp,Moss,zazzo,"Yes, Theo likes to walk backwards.","Yes, Wugs like to walk backwards.",theo.png,theo_backwards.png,orange2.png,green7.png,Moss,zazzo,group,1,0,25400,2026-07-23T19:47:39.838Z,Younger,-0.6321273472065005,1.0,-1.0,1.0,0,6.491444216290212,DOB
TT071_1784835831793,,Soren,6,B,B,A,hmm1_boss,yes1_close,close_boss,yes1_close,close,yes,group,individual,False,group,individual,Rocks_Yes_1,Sam,rocks,Nova,flurp,Finn,zazzo,"Yes, Wugs like to pick up rocks and put them in their pocket.","Yes, Sam likes to pick up rocks and put them in their pocket.",sam.png,sam_rocks.png,orange15.png,green6.png,Nova,flurp,group,1,0,16434,2026-07-23T19:48:28.171Z,Younger,-0.6321273472065005,1.0,-1.0,1.0,0,6.491444216290212,DOB
TT071_1784835831793,,Soren,6,B,B,A,hmm1_boss,yes1_close,close_boss,yes1_close,close,yes,group,individual,False,group,individual,Spinning_Yes_1,Wren,spinning,Lumi,flurp,Flint,zazzo,"Yes, Wugs like to spin around before sitting down.","Yes, Wren likes to spin around before sitting down.",wren.png,wren_spinning.png,orange8.png,green11.png,Lumi,flurp,group,1,0,14551,2026-07-23T19:49:19.770Z,Younger,-0.6321273472065005,1.0,-1.0,1.0,0,6.491444216290212,DOB
TT071_1784835831793,,Soren,6,B,B,A,hmm1_boss,yes1_close,close_boss,yes1_close,close,yes,group,individual,True,individual,group,Sniffing_Yes_1,Arlo,sniffing,Cora,flurp,Beau,zazzo,"Yes, Arlo likes to sniff things before touching them.","Yes, Wugs like to sniff things before touching them.",arlo.png,arlo_sniffing.png,orange14.png,green11.png,Beau,zazzo,group,1,0,15169,2026-07-23T19:50:04.538Z,Younger,-0.6321273472065005,1.0,-1.0,1.0,0,6.491444216290212,DOB
TT071_1784835831793,,Soren,6,B,B,A,hmm1_boss,yes1_close,close_boss,yes1_close,close,yes,group,individual,False,group,individual,Pinecones_Yes_1,Blake,pinecones,Zara,flurp,Bryn,zazzo,"Yes, Wugs like to pile up pinecones into a tall tower.","Yes, Blake likes to pile up pinecones into a tall tower.",blake.png,blake_pinecones.png,orange6.png,green12.png,Zara,flurp,group,1,0,16884,2026-07-23T19:50:43.888Z,Younger,-0.6321273472065005,1.0,-1.0,1.0,0,6.491444216290212,DOB
TT071_1784835831793,,Soren,6,B,B,A,hmm1_boss,yes1_close,close_boss,yes1_close,close,yes,group,individual,False,group,individual,Plants_Yes_1,Sage,plants,Juno,flurp,Reed,zazzo,"Yes, Wugs like to talk to plants.","Yes, Sage likes to talk to plants.",sage.png,sage_plants.png,orange2.png,green9.png,Juno,flurp,group,1,0,12549,2026-07-23T19:51:26.752Z,Younger,-0.6321273472065005,1.0,-1.0,1.0,0,6.491444216290212,DOB
TT071_1784835831793,,Soren,6,A,B,A,hmm1_boss,yes1_close,close_boss,hmm1_boss,boss,hmm,group,individual,True,individual,group,Whisper_Hmm_1_b,Jordan,whisper,Skyler,flurp,Reese,zazzo,"Hmm, Jordan must like to whisper when they talk.","Hmm, Wugs must like to whisper when they talk.",jordan.png,jordan_whisper.png,orange14.png,green6.png,Reese,zazzo,group,1,1,26217,2026-07-23T19:53:05.969Z,Younger,-0.6321273472065005,-1.0,1.0,1.0,1,6.491444216290212,DOB
TT071_1784835831793,,Soren,6,A,B,A,hmm1_boss,yes1_close,close_boss,hmm1_boss,boss,hmm,group,individual,True,individual,group,Walls_Hmm_1_b,Taylor,walls,Finley,flurp,Robin,zazzo,"Hmm, Taylor must like to climb tall buildings.","Hmm, Wugs must like to climb tall buildings.",taylor.png,taylor_walls.png,orange2.png,green9.png,Robin,zazzo,group,1,1,20503,2026-07-23T19:53:55.371Z,Younger,-0.6321273472065005,-1.0,1.0,1.0,1,6.491444216290212,DOB
TT071_1784835831793,,Soren,6,A,B,A,hmm1_boss,yes1_close,close_boss,hmm1_boss,boss,hmm,group,individual,False,group,individual,Balls_Hmm_1_b,Alex,balls,Quinn,flurp,Drew,zazzo,"Hmm, Wugs must like to bounce balls on their heads.","Hmm, Alex must like to bounce balls on their heads.",alex.png,alex_ball.png,orange3.png,green1.png,Drew,zazzo,individual,2,0,15682,2026-07-23T19:55:00.501Z,Younger,-0.6321273472065005,-1.0,1.0,1.0,0,6.491444216290212,DOB
TT071_1784835831793,,Soren,6,A,B,A,hmm1_boss,yes1_close,close_boss,hmm1_boss,boss,hmm,group,individual,True,individual,group,Night_Hmm_1_b,Casey,night,River,flurp,Morgan,zazzo,"Hmm, Casey must like to stay up in the middle of the night.","Hmm, Wugs must like to stay up in the middle of the night.",casey.png,casey_night.png,orange14.png,green1.png,River,flurp,individual,2,0,19768,2026-07-23T19:55:55.985Z,Younger,-0.6321273472065005,-1.0,1.0,1.0,0,6.491444216290212,DOB
TT071_1784835831793,,Soren,6,A,B,A,hmm1_boss,yes1_close,close_boss,hmm1_boss,boss,hmm,group,individual,False,group,individual,Bugs_Hmm_1_b,Rowan,bugs,Emery,flurp,Jules,zazzo,"Hmm, Wugs must like to play with bugs.","Hmm, Rowan must like to play with bugs.",rowan.png,rowan_bugs.png,orange11.png,green12.png,Jules,zazzo,individual,2,0,14416,2026-07-23T19:56:45.006Z,Younger,-0.6321273472065005,-1.0,1.0,1.0,0,6.491444216290212,DOB
TT071_1784835831793,,Soren,6,A,B,A,hmm1_boss,yes1_close,close_boss,hmm1_boss,boss,hmm,group,individual,True,individual,group,Flowers_Hmm_1_b,Riley,flowers,Ash,flurp,Charlie,zazzo,"Hmm, Riley must like to eat flowers.","Hmm, Wugs must like to eat flowers.",riley.png,riley_flowers.png,orange14.png,green10.png,Ash,flurp,individual,2,0,13015,2026-07-23T19:57:25.899Z,Younger,-0.6321273472065005,-1.0,1.0,1.0,0,6.491444216290212,DOB
TT073_1781970589718,,James,8,B,B,A,hmm1_boss,hmm2_close,close_boss,hmm2_close,close,hmm,individual,group,False,individual,group,Pinecones_Hmm_2,Blake,pinecones,Zara,flurp,Bryn,zazzo,"Hmm, Blake must like to pile up pinecones into a tall tower.","Hmm, Wugs must like to pile up pinecones into a tall tower.",blake.png,blake_pinecones.png,orange2.png,green7.png,Zara,flurp,individual,2,1,20311,2026-06-20T15:52:20.034Z,Older,1.029748080582685,1.0,1.0,-1.0,1,8.153319644079398,DOB
TT073_1781970589718,,James,8,B,B,A,hmm1_boss,hmm2_close,close_boss,hmm2_close,close,hmm,individual,group,True,group,individual,Sniffing_Hmm_2,Arlo,sniffing,Cora,flurp,Beau,zazzo,"Hmm, Wugs must like to sniff things before touching them.","Hmm, Arlo must like to sniff things before touching them.",arlo.png,arlo_sniffing.png,orange13.png,green.png,Cora,flurp,group,1,0,12179,2026-06-20T15:52:47.380Z,Older,1.029748080582685,1.0,1.0,-1.0,0,8.153319644079398,DOB
TT073_1781970589718,,James,8,B,B,A,hmm1_boss,hmm2_close,close_boss,hmm2_close,close,hmm,individual,group,False,individual,group,Plants_Hmm_2,Sage,plants,Juno,flurp,Reed,zazzo,"Hmm, Sage must like to talk to plants.","Hmm, Wugs must like to talk to plants.",sage.png,sage_plants.png,orange4.png,green.png,Reed,zazzo,group,1,0,9429,2026-06-20T15:53:07.695Z,Older,1.029748080582685,1.0,1.0,-1.0,0,8.153319644079398,DOB
TT073_1781970589718,,James,8,B,B,A,hmm1_boss,hmm2_close,close_boss,hmm2_close,close,hmm,individual,group,True,group,individual,Backwards_Hmm_2,Theo,backwards,Cleo,flurp,Moss,zazzo,"Hmm, Wugs must like to walk backwards.","Hmm, Theo must like to walk backwards.",theo.png,theo_backwards.png,orange13.png,green1.png,Cleo,flurp,group,1,0,10945,2026-06-20T15:53:24.157Z,Older,1.029748080582685,1.0,1.0,-1.0,0,8.153319644079398,DOB
TT073_1781970589718,,James,8,B,B,A,hmm1_boss,hmm2_close,close_boss,hmm2_close,close,hmm,individual,group,True,group,individual,Rocks_Hmm_2,Sam,rocks,Nova,flurp,Finn,zazzo,"Hmm, Wugs must like to pick up rocks and put them in their pocket.","Hmm, Sam must like to pick up rocks and put them in their pocket.",sam.png,sam_rocks.png,orange7.png,green6.png,Nova,flurp,group,1,0,11488,2026-06-20T15:53:54.299Z,Older,1.029748080582685,1.0,1.0,-1.0,0,8.153319644079398,DOB
TT073_1781970589718,,James,8,B,B,A,hmm1_boss,hmm2_close,close_boss,hmm2_close,close,hmm,individual,group,False,individual,group,Spinning_Hmm_2,Wren,spinning,Lumi,flurp,Flint,zazzo,"Hmm, Wren must like to spin around before sitting down.","Hmm, Wugs must like to spin around before sitting down.",wren.png,wren_spinning.png,orange6.png,green12.png,Flint,zazzo,group,1,0,12647,2026-06-20T15:54:14.666Z,Older,1.029748080582685,1.0,1.0,-1.0,0,8.153319644079398,DOB
TT073_1781970589718,,James,8,A,B,A,hmm1_boss,hmm2_close,close_boss,hmm1_boss,boss,hmm,group,individual,False,group,individual,Whisper_Hmm_1_b,Jordan,whisper,Skyler,flurp,Reese,zazzo,"Hmm, Wugs must like to whisper when they talk.","Hmm, Jordan must like to whisper when they talk.",jordan.png,jordan_whisper.png,orange2.png,green1.png,Reese,zazzo,individual,2,0,13322,2026-06-20T15:55:17.511Z,Older,1.029748080582685,-1.0,1.0,-1.0,0,8.153319644079398,DOB
TT073_1781970589718,,James,8,A,B,A,hmm1_boss,hmm2_close,close_boss,hmm1_boss,boss,hmm,group,individual,False,group,individual,Walls_Hmm_1_b,Taylor,walls,Finley,flurp,Robin,zazzo,"Hmm, Wugs must like to climb tall buildings.","Hmm, Taylor must like to climb tall buildings.",taylor.png,taylor_walls.png,orange15.png,green10.png,Robin,zazzo,individual,2,0,13245,2026-06-20T15:55:41.388Z,Older,1.029748080582685,-1.0,1.0,-1.0,0,8.153319644079398,DOB
TT073_1781970589718,,James,8,A,B,A,hmm1_boss,hmm2_close,close_boss,hmm1_boss,boss,hmm,group,individual,True,individual,group,Bugs_Hmm_1_b,Rowan,bugs,Emery,flurp,Jules,zazzo,"Hmm, Rowan must like to play with bugs.","Hmm, Wugs must like to play with bugs.",rowan.png,rowan_bugs.png,orange6.png,green12.png,Emery,flurp,individual,2,0,10125,2026-06-20T15:56:06.539Z,Older,1.029748080582685,-1.0,1.0,-1.0,0,8.153319644079398,DOB
TT073_1781970589718,,James,8,A,B,A,hmm1_boss,hmm2_close,close_boss,hmm1_boss,boss,hmm,group,individual,False,group,individual,Flowers_Hmm_1_b,Riley,flowers,Ash,flurp,Charlie,zazzo,"Hmm, Wugs must like to eat flowers.","Hmm, Riley must like to eat flowers.",riley.png,riley_flowers.png,orange14.png,green12.png,Charlie,zazzo,individual,2,0,9295,2026-06-20T15:56:23.042Z,Older,1.029748080582685,-1.0,1.0,-1.0,0,8.153319644079398,DOB
TT073_1781970589718,,James,8,A,B,A,hmm1_boss,hmm2_close,close_boss,hmm1_boss,boss,hmm,group,individual,False,group,individual,Balls_Hmm_1_b,Alex,balls,Quinn,flurp,Drew,zazzo,"Hmm, Wugs must like to bounce balls on their heads.","Hmm, Alex must like to bounce balls on their heads.",alex.png,alex_ball.png,orange11.png,green9.png,Drew,zazzo,individual,2,0,11094,2026-06-20T15:56:46.349Z,Older,1.029748080582685,-1.0,1.0,-1.0,0,8.153319644079398,DOB
TT073_1781970589718,,James,8,A,B,A,hmm1_boss,hmm2_close,close_boss,hmm1_boss,boss,hmm,group,individual,False,group,individual,Night_Hmm_1_b,Casey,night,River,flurp,Morgan,zazzo,"Hmm, Wugs must like to stay up in the middle of the night.","Hmm, Casey must like to stay up in the middle of the night.",casey.png,casey_night.png,orange9.png,green11.png,River,flurp,group,1,1,11252,2026-06-20T15:57:06.430Z,Older,1.029748080582685,-1.0,1.0,-1.0,1,8.153319644079398,DOB
TT073_1782589793705,,chase,5,A,A,B,yes1_boss,yes1_close,close_boss,yes1_close,close,yes,group,individual,True,individual,group,Night_Yes_1,Casey,night,River,flurp,Morgan,zazzo,"Yes, Casey likes to stay up in the middle of the night.","Yes, Wugs like to stay up in the middle of the night.",casey.png,casey_night.png,orange6.png,green10.png,Morgan,zazzo,group,1,0,18925,2026-06-27T19:52:53.488Z,Younger,-1.3713470597321678,1.0,-1.0,1.0,0,5.752224503764545,DOB
TT073_1782589793705,,chase,5,A,A,B,yes1_boss,yes1_close,close_boss,yes1_close,close,yes,group,individual,True,individual,group,Bugs_Yes_1,Rowan,bugs,Emery,flurp,Jules,zazzo,"Yes, Rowan likes to play with bugs.","Yes, Wugs like to play with bugs.",rowan.png,rowan_bugs.png,orange15.png,green7.png,Emery,flurp,individual,2,1,15026,2026-06-27T19:53:39.107Z,Younger,-1.3713470597321678,1.0,-1.0,1.0,1,5.752224503764545,DOB
TT073_1782589793705,,chase,5,A,A,B,yes1_boss,yes1_close,close_boss,yes1_close,close,yes,group,individual,True,individual,group,Flowers_Yes_1,Riley,flowers,Ash,flurp,Charlie,zazzo,"Yes, Riley likes to eat flowers.","Yes, Wugs like to eat flowers.",riley.png,riley_flowers.png,orange10.png,green9.png,Charlie,zazzo,group,1,0,16052,2026-06-27T19:54:27.020Z,Younger,-1.3713470597321678,1.0,-1.0,1.0,0,5.752224503764545,DOB
TT073_1782589793705,,chase,5,A,A,B,yes1_boss,yes1_close,close_boss,yes1_close,close,yes,group,individual,True,individual,group,Climb_Yes_1,Taylor,walls,Finley,flurp,Robin,zazzo,"Yes, Taylor likes to climb tall buildings.","Yes, Wugs like to climb tall buildings.",taylor.png,taylor_walls.png,orange8.png,green7.png,Finley,flurp,individual,2,1,15220,2026-06-27T19:55:13.206Z,Younger,-1.3713470597321678,1.0,-1.0,1.0,1,5.752224503764545,DOB
TT073_1782589793705,,chase,5,A,A,B,yes1_boss,yes1_close,close_boss,yes1_close,close,yes,group,individual,True,individual,group,Whisper_Yes_1,Jordan,whisper,Skyler,flurp,Reese,zazzo,"Yes, Jordan likes to whisper when they talk.","Yes, Wugs like to whisper when they talk.",jordan.png,jordan_whisper.png,orange8.png,green1.png,Reese,zazzo,group,1,0,12676,2026-06-27T19:56:01.567Z,Younger,-1.3713470597321678,1.0,-1.0,1.0,0,5.752224503764545,DOB
TT073_1782589793705,,chase,5,A,A,B,yes1_boss,yes1_close,close_boss,yes1_close,close,yes,group,individual,True,individual,group,Balls_Yes_1,Alex,balls,Quinn,flurp,Drew,zazzo,"Yes, Alex likes to bounce balls on their heads.","Yes, Wugs like to bounce balls on their heads.",alex.png,alex_ball.png,orange13.png,green6.png,Quinn,flurp,individual,2,1,16806,2026-06-27T19:56:51.628Z,Younger,-1.3713470597321678,1.0,-1.0,1.0,1,5.752224503764545,DOB
TT073_1782589793705,,chase,5,B,A,B,yes1_boss,yes1_close,close_boss,yes1_boss,boss,yes,group,individual,False,group,individual,Plants_Yes_1_b,Sage,plants,Juno,flurp,Reed,zazzo,"Yes, Wugs like to talk to plants.","Yes, Sage likes to talk to plants.",sage.png,sage_plants.png,orange7.png,green.png,Juno,flurp,group,1,1,21869,2026-06-27T19:58:12.489Z,Younger,-1.3713470597321678,-1.0,-1.0,1.0,1,5.752224503764545,DOB
TT073_1782589793705,,chase,5,B,A,B,yes1_boss,yes1_close,close_boss,yes1_boss,boss,yes,group,individual,False,group,individual,Pinecones_Yes_1_b,Blake,pinecones,Zara,flurp,Bryn,zazzo,"Yes, Wugs like to pile up pinecones into a tall tower.","Yes, Blake likes to pile up pinecones into a tall tower.",blake.png,blake_pinecones.png,orange8.png,green7.png,Bryn,zazzo,individual,2,0,23325,2026-06-27T19:59:07.822Z,Younger,-1.3713470597321678,-1.0,-1.0,1.0,0,5.752224503764545,DOB
TT073_1782589793705,,chase,5,B,A,B,yes1_boss,yes1_close,close_boss,yes1_boss,boss,yes,group,individual,True,individual,group,Spinning_Yes_1_b,Wren,spinning,Lumi,flurp,Flint,zazzo,"Yes, Wren likes to spin around before sitting down.","Yes, Wugs like to spin around before sitting down.",wren.png,wren_spinning.png,orange15.png,green9.png,Lumi,flurp,individual,2,0,21224,2026-06-27T19:59:59.460Z,Younger,-1.3713470597321678,-1.0,-1.0,1.0,0,5.752224503764545,DOB
TT073_1782589793705,,chase,5,B,A,B,yes1_boss,yes1_close,close_boss,yes1_boss,boss,yes,group,individual,True,individual,group,Rocks_Yes_1_b,Sam,rocks,Nova,flurp,Finn,zazzo,"Yes, Sam likes to pick up rocks and put them in their pocket.","Yes, Wugs like to pick up rocks and put them in their pocket.",sam.png,sam_rocks.png,orange10.png,green11.png,Finn,zazzo,group,1,1,22989,2026-06-27T20:00:51.017Z,Younger,-1.3713470597321678,-1.0,-1.0,1.0,1,5.752224503764545,DOB
TT073_1782589793705,,chase,5,B,A,B,yes1_boss,yes1_close,close_boss,yes1_boss,boss,yes,group,individual,True,individual,group,Backwards_Yes_1_b,Theo,backwards,Cleo,flurp,Moss,zazzo,"Yes, Theo likes to walk backwards.","Yes, Wugs like to walk backwards.",theo.png,theo_backwards.png,orange6.png,green.png,Cleo,flurp,individual,2,0,24048,2026-06-27T20:01:52.563Z,Younger,-1.3713470597321678,-1.0,-1.0,1.0,0,5.752224503764545,DOB
TT073_1782589793705,,chase,5,B,A,B,yes1_boss,yes1_close,close_boss,yes1_boss,boss,yes,group,individual,False,group,individual,Sniffing_Yes_1_b,Arlo,sniffing,Cora,flurp,Beau,zazzo,"Yes, Wugs like to sniff things before touching them.","Yes, Arlo likes to sniff things before touching them.",arlo.png,arlo_sniffing.png,orange3.png,green.png,Beau,zazzo,individual,2,0,25119,2026-06-27T20:02:50.838Z,Younger,-1.3713470597321678,-1.0,-1.0,1.0,0,5.752224503764545,DOB
TT073_1783346232390,,ezra,8,A,B,A,yes1_boss,hmm2_close,boss_close,yes1_boss,boss,yes,group,individual,False,group,individual,Flowers_Yes_1_b,Riley,flowers,Ash,flurp,Charlie,zazzo,"Yes, Wugs like to eat flowers.","Yes, Riley likes to eat flowers.",riley.png,riley_flowers.png,orange6.png,green9.png,Ash,flurp,group,1,1,26270,2026-07-06T14:01:25.545Z,Older,1.3764284365032875,-1.0,-1.0,-1.0,1,8.5,reported+0.5
TT073_1783346232390,,ezra,8,A,B,A,yes1_boss,hmm2_close,boss_close,yes1_boss,boss,yes,group,individual,False,group,individual,Balls_Yes_1_b,Alex,balls,Quinn,flurp,Drew,zazzo,"Yes, Wugs like to bounce balls on their heads.","Yes, Alex likes to bounce balls on their heads.",alex.png,alex_ball.png,orange2.png,green12.png,Quinn,flurp,group,1,1,24262,2026-07-06T14:02:29.702Z,Older,1.3764284365032875,-1.0,-1.0,-1.0,1,8.5,reported+0.5
TT073_1783346232390,,ezra,8,A,B,A,yes1_boss,hmm2_close,boss_close,yes1_boss,boss,yes,group,individual,False,group,individual,Walls_Yes_1_b,Taylor,walls,Finley,flurp,Robin,zazzo,"Yes, Wugs like to climb tall buildings.","Yes, Taylor likes to climb tall buildings.",taylor.png,taylor_walls.png,orange3.png,green7.png,Robin,zazzo,individual,2,0,17059,2026-07-06T14:03:40.289Z,Older,1.3764284365032875,-1.0,-1.0,-1.0,0,8.5,reported+0.5
TT073_1783346232390,,ezra,8,A,B,A,yes1_boss,hmm2_close,boss_close,yes1_boss,boss,yes,group,individual,False,group,individual,Whisper_Yes_1_b,Jordan,whisper,Skyler,flurp,Reese,zazzo,"Yes, Wugs like to whisper when they talk.","Yes, Jordan likes to whisper when they talk.",jordan.png,jordan_whisper.png,orange10.png,green7.png,Reese,zazzo,individual,2,0,29520,2026-07-06T14:04:50.891Z,Older,1.3764284365032875,-1.0,-1.0,-1.0,0,8.5,reported+0.5
TT073_1783346232390,,ezra,8,A,B,A,yes1_boss,hmm2_close,boss_close,yes1_boss,boss,yes,group,individual,False,group,individual,Bugs_Yes_1_b,Rowan,bugs,Emery,flurp,Jules,zazzo,"Yes, Wugs like to play with bugs.","Yes, Rowan likes to play with bugs.",rowan.png,rowan_bugs.png,orange9.png,green6.png,Jules,zazzo,individual,2,0,14764,2026-07-06T14:05:58.471Z,Older,1.3764284365032875,-1.0,-1.0,-1.0,0,8.5,reported+0.5
TT073_1783346232390,,ezra,8,A,B,A,yes1_boss,hmm2_close,boss_close,yes1_boss,boss,yes,group,individual,True,individual,group,Night_Yes_1_b,Casey,night,River,flurp,Morgan,zazzo,"Yes, Casey likes to stay up in the middle of the night.","Yes, Wugs like to stay up in the middle of the night.",casey.png,casey_night.png,orange8.png,green6.png,Morgan,zazzo,group,1,1,12148,2026-07-06T14:06:56.707Z,Older,1.3764284365032875,-1.0,-1.0,-1.0,1,8.5,reported+0.5
TT073_1783346232390,,ezra,8,B,B,A,yes1_boss,hmm2_close,boss_close,hmm2_close,close,hmm,individual,group,False,individual,group,Backwards_Hmm_2,Theo,backwards,Cleo,flurp,Moss,zazzo,"Hmm, Theo must like to walk backwards.","Hmm, Wugs must like to walk backwards.",theo.png,theo_backwards.png,orange7.png,green9.png,Cleo,flurp,individual,2,1,17014,2026-07-06T14:08:13.357Z,Older,1.3764284365032875,1.0,1.0,-1.0,1,8.5,reported+0.5
TT073_1783346232390,,ezra,8,B,B,A,yes1_boss,hmm2_close,boss_close,hmm2_close,close,hmm,individual,group,True,group,individual,Sniffing_Hmm_2,Arlo,sniffing,Cora,flurp,Beau,zazzo,"Hmm, Wugs must like to sniff things before touching them.","Hmm, Arlo must like to sniff things before touching them.",arlo.png,arlo_sniffing.png,orange6.png,green10.png,Beau,zazzo,individual,2,1,14086,2026-07-06T14:09:21.796Z,Older,1.3764284365032875,1.0,1.0,-1.0,1,8.5,reported+0.5
TT073_1783346232390,,ezra,8,B,B,A,yes1_boss,hmm2_close,boss_close,hmm2_close,close,hmm,individual,group,False,individual,group,Pinecones_Hmm_2,Blake,pinecones,Zara,flurp,Bryn,zazzo,"Hmm, Blake must like to pile up pinecones into a tall tower.","Hmm, Wugs must like to pile up pinecones into a tall tower.",blake.png,blake_pinecones.png,orange7.png,green6.png,Zara,flurp,individual,2,1,58230,2026-07-06T14:13:58.901Z,Older,1.3764284365032875,1.0,1.0,-1.0,1,8.5,reported+0.5
TT073_1783346232390,,ezra,8,B,B,A,yes1_boss,hmm2_close,boss_close,hmm2_close,close,hmm,individual,group,True,group,individual,Rocks_Hmm_2,Sam,rocks,Nova,flurp,Finn,zazzo,"Hmm, Wugs must like to pick up rocks and put them in their pocket.","Hmm, Sam must like to pick up rocks and put them in their pocket.",sam.png,sam_rocks.png,orange3.png,green7.png,Finn,zazzo,individual,2,1,33264,2026-07-06T14:15:13.923Z,Older,1.3764284365032875,1.0,1.0,-1.0,1,8.5,reported+0.5
TT073_1783346232390,,ezra,8,B,B,A,yes1_boss,hmm2_close,boss_close,hmm2_close,close,hmm,individual,group,False,individual,group,Spinning_Hmm_2,Wren,spinning,Lumi,flurp,Flint,zazzo,"Hmm, Wren must like to spin around before sitting down.","Hmm, Wugs must like to spin around before sitting down.",wren.png,wren_spinning.png,orange14.png,green9.png,Lumi,flurp,individual,2,1,22911,2026-07-06T14:16:45.893Z,Older,1.3764284365032875,1.0,1.0,-1.0,1,8.5,reported+0.5
TT073_1783346232390,,ezra,8,B,B,A,yes1_boss,hmm2_close,boss_close,hmm2_close,close,hmm,individual,group,True,group,individual,Plants_Hmm_2,Sage,plants,Juno,flurp,Reed,zazzo,"Hmm, Wugs must like to talk to plants.","Hmm, Sage must like to talk to plants.",sage.png,sage_plants.png,orange7.png,green.png,Juno,flurp,group,1,0,64493,2026-07-06T14:18:46.042Z,Older,1.3764284365032875,1.0,1.0,-1.0,0,8.5,reported+0.5
TT074_1784234969944,,Noah,6,B,A,B,hmm1_boss,hmm1_close,boss_close,hmm1_boss,boss,hmm,group,individual,True,individual,group,Sniffing_Hmm_1_b,Arlo,sniffing,Cora,flurp,Beau,zazzo,"Hmm, Arlo must like to sniff things before touching them.","Hmm, Wugs must like to sniff things before touching them.",arlo.png,arlo_sniffing.png,orange4.png,green9.png,Beau,zazzo,group,1,1,28916,2026-07-16T20:52:10.781Z,Younger,-0.27894459566645935,-1.0,1.0,1.0,1,6.844626967830253,DOB
TT074_1784234969944,,Noah,6,B,A,B,hmm1_boss,hmm1_close,boss_close,hmm1_boss,boss,hmm,group,individual,False,group,individual,Plants_Hmm_1_b,Sage,plants,Juno,flurp,Reed,zazzo,"Hmm, Wugs must like to talk to plants.","Hmm, Sage must like to talk to plants.",sage.png,sage_plants.png,orange4.png,green.png,Juno,flurp,group,1,1,14220,2026-07-16T20:52:55.181Z,Younger,-0.27894459566645935,-1.0,1.0,1.0,1,6.844626967830253,DOB
TT074_1784234969944,,Noah,6,B,A,B,hmm1_boss,hmm1_close,boss_close,hmm1_boss,boss,hmm,group,individual,True,individual,group,Backwards_Hmm_1_b,Theo,backwards,Cleo,flurp,Moss,zazzo,"Hmm, Theo must like to walk backwards.","Hmm, Wugs must like to walk backwards.",theo.png,theo_backwards.png,orange13.png,green11.png,Moss,zazzo,group,1,1,15121,2026-07-16T20:53:44.516Z,Younger,-0.27894459566645935,-1.0,1.0,1.0,1,6.844626967830253,DOB
TT074_1784234969944,,Noah,6,B,A,B,hmm1_boss,hmm1_close,boss_close,hmm1_boss,boss,hmm,group,individual,False,group,individual,Rocks_Hmm_1_b,Sam,rocks,Nova,flurp,Finn,zazzo,"Hmm, Wugs must like to pick up rocks and put them in their pocket.","Hmm, Sam must like to pick up rocks and put them in their pocket.",sam.png,sam_rocks.png,orange2.png,green9.png,Finn,zazzo,individual,2,0,17531,2026-07-16T20:54:28.010Z,Younger,-0.27894459566645935,-1.0,1.0,1.0,0,6.844626967830253,DOB
TT074_1784234969944,,Noah,6,B,A,B,hmm1_boss,hmm1_close,boss_close,hmm1_boss,boss,hmm,group,individual,True,individual,group,Pinecones_Hmm_1_b,Blake,pinecones,Zara,flurp,Bryn,zazzo,"Hmm, Blake must like to pile up pinecones into a tall tower.","Hmm, Wugs must like to pile up pinecones into a tall tower.",blake.png,blake_pinecones.png,orange15.png,green7.png,Bryn,zazzo,group,1,1,13718,2026-07-16T20:55:04.776Z,Younger,-0.27894459566645935,-1.0,1.0,1.0,1,6.844626967830253,DOB
TT074_1784234969944,,Noah,6,B,A,B,hmm1_boss,hmm1_close,boss_close,hmm1_boss,boss,hmm,group,individual,False,group,individual,Spinning_Hmm_1_b,Wren,spinning,Lumi,flurp,Flint,zazzo,"Hmm, Wugs must like to spin around before sitting down.","Hmm, Wren must like to spin around before sitting down.",wren.png,wren_spinning.png,orange6.png,green11.png,Flint,zazzo,individual,2,0,12366,2026-07-16T20:55:35.536Z,Younger,-0.27894459566645935,-1.0,1.0,1.0,0,6.844626967830253,DOB
TT074_1784234969944,,Noah,6,A,A,B,hmm1_boss,hmm1_close,boss_close,hmm1_close,close,hmm,group,individual,False,group,individual,Balls_Hmm_1,Alex,balls,Quinn,flurp,Drew,zazzo,"Hmm, Wugs must like to bounce balls on their heads.","Hmm, Alex must like to bounce balls on their heads.",alex.png,alex_ball.png,orange9.png,green2.png,Quinn,flurp,group,1,0,14132,2026-07-16T20:56:53.756Z,Younger,-0.27894459566645935,1.0,1.0,1.0,0,6.844626967830253,DOB
TT074_1784234969944,,Noah,6,A,A,B,hmm1_boss,hmm1_close,boss_close,hmm1_close,close,hmm,group,individual,False,group,individual,Night_Hmm_1,Casey,night,River,flurp,Morgan,zazzo,"Hmm, Wugs must like to stay up in the middle of the night.","Hmm, Casey must like to stay up in the middle of the night.",casey.png,casey_night.png,orange6.png,green10.png,Morgan,zazzo,individual,2,1,18483,2026-07-16T20:57:26.851Z,Younger,-0.27894459566645935,1.0,1.0,1.0,1,6.844626967830253,DOB
TT074_1784234969944,,Noah,6,A,A,B,hmm1_boss,hmm1_close,boss_close,hmm1_close,close,hmm,group,individual,False,group,individual,Bugs_Hmm_1,Rowan,bugs,Emery,flurp,Jules,zazzo,"Hmm, Wugs must like to play with bugs.","Hmm, Rowan must like to play with bugs.",rowan.png,rowan_bugs.png,orange6.png,green10.png,Jules,zazzo,individual,2,1,10094,2026-07-16T20:57:58.985Z,Younger,-0.27894459566645935,1.0,1.0,1.0,1,6.844626967830253,DOB
TT074_1784234969944,,Noah,6,A,A,B,hmm1_boss,hmm1_close,boss_close,hmm1_close,close,hmm,group,individual,False,group,individual,Flowers_Hmm_1,Riley,flowers,Ash,flurp,Charlie,zazzo,"Hmm, Wugs must like to eat flowers.","Hmm, Riley must like to eat flowers.",riley.png,riley_flowers.png,orange11.png,green10.png,Charlie,zazzo,individual,2,1,10843,2026-07-16T20:58:23.499Z,Younger,-0.27894459566645935,1.0,1.0,1.0,1,6.844626967830253,DOB
TT074_1784234969944,,Noah,6,A,A,B,hmm1_boss,hmm1_close,boss_close,hmm1_close,close,hmm,group,individual,False,group,individual,Walls_Hmm_1,Taylor,walls,Finley,flurp,Robin,zazzo,"Hmm, Wugs must like to climb tall buildings.","Hmm, Taylor must like to climb tall buildings.",taylor.png,taylor_walls.png,orange3.png,green11.png,Robin,zazzo,individual,2,1,11319,2026-07-16T20:58:55.495Z,Younger,-0.27894459566645935,1.0,1.0,1.0,1,6.844626967830253,DOB
TT074_1784234969944,,Noah,6,A,A,B,hmm1_boss,hmm1_close,boss_close,hmm1_close,close,hmm,group,individual,False,group,individual,Whisper_Hmm_1,Jordan,whisper,Skyler,flurp,Reese,zazzo,"Hmm, Wugs must like to whisper when they talk.","Hmm, Jordan must like to whisper when they talk.",jordan.png,jordan_whisper.png,orange2.png,green11.png,Reese,zazzo,individual,2,1,13711,2026-07-16T20:59:26.984Z,Younger,-0.27894459566645935,1.0,1.0,1.0,1,6.844626967830253,DOB
TT075_1783367533391,,Tristan,5,A,B,A,hmm1_boss,hmm2_close,boss_close,hmm1_boss,boss,hmm,group,individual,True,individual,group,Whisper_Hmm_1_b,Jordan,whisper,Skyler,flurp,Reese,zazzo,"Hmm, Jordan must like to whisper when they talk.","Hmm, Wugs must like to whisper when they talk.",jordan.png,jordan_whisper.png,orange8.png,green1.png,Reese,zazzo,group,1,1,24406,2026-07-06T19:55:10.581Z,Younger,-1.9681985313269657,-1.0,1.0,1.0,1,5.155373032169747,DOB
TT075_1783367533391,,Tristan,5,A,B,A,hmm1_boss,hmm2_close,boss_close,hmm1_boss,boss,hmm,group,individual,False,group,individual,Flowers_Hmm_1_b,Riley,flowers,Ash,flurp,Charlie,zazzo,"Hmm, Wugs must like to eat flowers.","Hmm, Riley must like to eat flowers.",riley.png,riley_flowers.png,orange8.png,green7.png,Charlie,zazzo,individual,2,0,16715,2026-07-06T19:55:58.498Z,Younger,-1.9681985313269657,-1.0,1.0,1.0,0,5.155373032169747,DOB
TT075_1783367533391,,Tristan,5,A,B,A,hmm1_boss,hmm2_close,boss_close,hmm1_boss,boss,hmm,group,individual,False,group,individual,Walls_Hmm_1_b,Taylor,walls,Finley,flurp,Robin,zazzo,"Hmm, Wugs must like to climb tall buildings.","Hmm, Taylor must like to climb tall buildings.",taylor.png,taylor_walls.png,orange3.png,green6.png,Robin,zazzo,individual,2,0,13911,2026-07-06T19:56:48.209Z,Younger,-1.9681985313269657,-1.0,1.0,1.0,0,5.155373032169747,DOB
TT075_1783367533391,,Tristan,5,A,B,A,hmm1_boss,hmm2_close,boss_close,hmm1_boss,boss,hmm,group,individual,True,individual,group,Bugs_Hmm_1_b,Rowan,bugs,Emery,flurp,Jules,zazzo,"Hmm, Rowan must like to play with bugs.","Hmm, Wugs must like to play with bugs.",rowan.png,rowan_bugs.png,orange2.png,green12.png,Emery,flurp,individual,2,0,12615,2026-07-06T19:57:36.274Z,Younger,-1.9681985313269657,-1.0,1.0,1.0,0,5.155373032169747,DOB
TT075_1783367533391,,Tristan,5,A,B,A,hmm1_boss,hmm2_close,boss_close,hmm1_boss,boss,hmm,group,individual,True,individual,group,Night_Hmm_1_b,Casey,night,River,flurp,Morgan,zazzo,"Hmm, Casey must like to stay up in the middle of the night.","Hmm, Wugs must like to stay up in the middle of the night.",casey.png,casey_night.png,orange14.png,green.png,River,flurp,individual,2,0,14559,2026-07-06T19:58:30.129Z,Younger,-1.9681985313269657,-1.0,1.0,1.0,0,5.155373032169747,DOB
TT075_1783367533391,,Tristan,5,A,B,A,hmm1_boss,hmm2_close,boss_close,hmm1_boss,boss,hmm,group,individual,True,individual,group,Balls_Hmm_1_b,Alex,balls,Quinn,flurp,Drew,zazzo,"Hmm, Alex must like to bounce balls on their heads.","Hmm, Wugs must like to bounce balls on their heads.",alex.png,alex_ball.png,orange7.png,green6.png,Quinn,flurp,individual,2,0,14627,2026-07-06T19:59:21.981Z,Younger,-1.9681985313269657,-1.0,1.0,1.0,0,5.155373032169747,DOB
TT075_1783367533391,,Tristan,5,B,B,A,hmm1_boss,hmm2_close,boss_close,hmm2_close,close,hmm,individual,group,False,individual,group,Spinning_Hmm_2,Wren,spinning,Lumi,flurp,Flint,zazzo,"Hmm, Wren must like to spin around before sitting down.","Hmm, Wugs must like to spin around before sitting down.",wren.png,wren_spinning.png,orange3.png,green1.png,Lumi,flurp,individual,2,1,13150,2026-07-06T20:00:56.123Z,Younger,-1.9681985313269657,1.0,1.0,1.0,1,5.155373032169747,DOB
TT075_1783367533391,,Tristan,5,B,B,A,hmm1_boss,hmm2_close,boss_close,hmm2_close,close,hmm,individual,group,True,group,individual,Sniffing_Hmm_2,Arlo,sniffing,Cora,flurp,Beau,zazzo,"Hmm, Wugs must like to sniff things before touching them.","Hmm, Arlo must like to sniff things before touching them.",arlo.png,arlo_sniffing.png,orange3.png,green10.png,Cora,flurp,group,1,0,16476,2026-07-06T20:01:42.236Z,Younger,-1.9681985313269657,1.0,1.0,1.0,0,5.155373032169747,DOB
TT075_1783367533391,,Tristan,5,B,B,A,hmm1_boss,hmm2_close,boss_close,hmm2_close,close,hmm,individual,group,False,individual,group,Backwards_Hmm_2,Theo,backwards,Cleo,flurp,Moss,zazzo,"Hmm, Theo must like to walk backwards.","Hmm, Wugs must like to walk backwards.",theo.png,theo_backwards.png,orange13.png,green10.png,Moss,zazzo,group,1,0,13598,2026-07-06T20:02:39.131Z,Younger,-1.9681985313269657,1.0,1.0,1.0,0,5.155373032169747,DOB
TT075_1783367533391,,Tristan,5,B,B,A,hmm1_boss,hmm2_close,boss_close,hmm2_close,close,hmm,individual,group,True,group,individual,Pinecones_Hmm_2,Blake,pinecones,Zara,flurp,Bryn,zazzo,"Hmm, Wugs must like to pile up pinecones into a tall tower.","Hmm, Blake must like to pile up pinecones into a tall tower.",blake.png,blake_pinecones.png,orange10.png,green6.png,Bryn,zazzo,individual,2,1,20939,2026-07-06T20:03:32.802Z,Younger,-1.9681985313269657,1.0,1.0,1.0,1,5.155373032169747,DOB
TT075_1783367533391,,Tristan,5,B,B,A,hmm1_boss,hmm2_close,boss_close,hmm2_close,close,hmm,individual,group,True,group,individual,Rocks_Hmm_2,Sam,rocks,Nova,flurp,Finn,zazzo,"Hmm, Wugs must like to pick up rocks and put them in their pocket.","Hmm, Sam must like to pick up rocks and put them in their pocket.",sam.png,sam_rocks.png,orange3.png,green11.png,Finn,zazzo,individual,2,1,13104,2026-07-06T20:04:25.133Z,Younger,-1.9681985313269657,1.0,1.0,1.0,1,5.155373032169747,DOB
TT075_1783367533391,,Tristan,5,B,B,A,hmm1_boss,hmm2_close,boss_close,hmm2_close,close,hmm,individual,group,False,individual,group,Plants_Hmm_2,Sage,plants,Juno,flurp,Reed,zazzo,"Hmm, Sage must like to talk to plants.","Hmm, Wugs must like to talk to plants.",sage.png,sage_plants.png,orange11.png,green6.png,Reed,zazzo,group,1,0,13361,2026-07-06T20:05:09.683Z,Younger,-1.9681985313269657,1.0,1.0,1.0,0,5.155373032169747,DOB
TT076_1784389092899,,evelyn,6,A,B,A,hmm2_boss,yes1_close,boss_close,hmm2_boss,boss,hmm,individual,group,True,group,individual,Whisper_Hmm_2_b,Jordan,whisper,Skyler,flurp,Reese,zazzo,"Hmm, Wugs must like to whisper when they talk.","Hmm, Jordan must like to whisper when they talk.",jordan.png,jordan_whisper.png,orange7.png,green12.png,Skyler,flurp,group,1,1,48168,2026-07-18T15:43:52.288Z,Younger,-0.3008474019635159,-1.0,1.0,1.0,1,6.822724161533197,DOB
TT076_1784389092899,,evelyn,6,A,B,A,hmm2_boss,yes1_close,boss_close,hmm2_boss,boss,hmm,individual,group,True,group,individual,Bugs_Hmm_2_b,Rowan,bugs,Emery,flurp,Jules,zazzo,"Hmm, Wugs must like to play with bugs.","Hmm, Rowan must like to play with bugs.",rowan.png,rowan_bugs.png,orange9.png,green10.png,Jules,zazzo,individual,2,0,24365,2026-07-18T15:44:45.605Z,Younger,-0.3008474019635159,-1.0,1.0,1.0,0,6.822724161533197,DOB
TT076_1784389092899,,evelyn,6,A,B,A,hmm2_boss,yes1_close,boss_close,hmm2_boss,boss,hmm,individual,group,True,group,individual,Flowers_Hmm_2_b,Riley,flowers,Ash,flurp,Charlie,zazzo,"Hmm, Wugs must like to eat flowers.","Hmm, Riley must like to eat flowers.",riley.png,riley_flowers.png,orange10.png,green1.png,Charlie,zazzo,individual,2,0,17702,2026-07-18T15:45:44.402Z,Younger,-0.3008474019635159,-1.0,1.0,1.0,0,6.822724161533197,DOB
TT076_1784389092899,,evelyn,6,A,B,A,hmm2_boss,yes1_close,boss_close,hmm2_boss,boss,hmm,individual,group,False,individual,group,Night_Hmm_2_b,Casey,night,River,flurp,Morgan,zazzo,"Hmm, Casey must like to stay up in the middle of the night.","Hmm, Wugs must like to stay up in the middle of the night.",casey.png,casey_night.png,orange9.png,green1.png,River,flurp,individual,2,0,21141,2026-07-18T15:46:37.889Z,Younger,-0.3008474019635159,-1.0,1.0,1.0,0,6.822724161533197,DOB
TT076_1784389092899,,evelyn,6,A,B,A,hmm2_boss,yes1_close,boss_close,hmm2_boss,boss,hmm,individual,group,False,individual,group,Balls_Hmm_2_b,Alex,balls,Quinn,flurp,Drew,zazzo,"Hmm, Alex must like to bounce balls on their heads.","Hmm, Wugs must like to bounce balls on their heads.",alex.png,alex_ball.png,orange7.png,green11.png,Quinn,flurp,individual,2,0,15283,2026-07-18T15:47:28.374Z,Younger,-0.3008474019635159,-1.0,1.0,1.0,0,6.822724161533197,DOB
TT076_1784389092899,,evelyn,6,A,B,A,hmm2_boss,yes1_close,boss_close,hmm2_boss,boss,hmm,individual,group,True,group,individual,Walls_Hmm_2_b,Taylor,walls,Finley,flurp,Robin,zazzo,"Hmm, Wugs must like to climb tall buildings.","Hmm, Taylor must like to climb tall buildings.",taylor.png,taylor_walls.png,orange13.png,green6.png,Robin,zazzo,individual,2,0,14792,2026-07-18T15:48:21.019Z,Younger,-0.3008474019635159,-1.0,1.0,1.0,0,6.822724161533197,DOB
TT076_1784389092899,,evelyn,6,B,B,A,hmm2_boss,yes1_close,boss_close,yes1_close,close,yes,group,individual,True,individual,group,Pinecones_Yes_1,Blake,pinecones,Zara,flurp,Bryn,zazzo,"Yes, Blake likes to pile up pinecones into a tall tower.","Yes, Wugs like to pile up pinecones into a tall tower.",blake.png,blake_pinecones.png,orange4.png,green6.png,Zara,flurp,individual,2,1,20062,2026-07-18T15:49:55.975Z,Younger,-0.3008474019635159,1.0,-1.0,1.0,1,6.822724161533197,DOB
TT076_1784389092899,,evelyn,6,B,B,A,hmm2_boss,yes1_close,boss_close,yes1_close,close,yes,group,individual,False,group,individual,Backwards_Yes_1,Theo,backwards,Cleo,flurp,Moss,zazzo,"Yes, Wugs like to walk backwards.","Yes, Theo likes to walk backwards.",theo.png,theo_backwards.png,orange6.png,green10.png,Moss,zazzo,individual,2,1,18631,2026-07-18T15:50:49.573Z,Younger,-0.3008474019635159,1.0,-1.0,1.0,1,6.822724161533197,DOB
TT076_1784389092899,,evelyn,6,B,B,A,hmm2_boss,yes1_close,boss_close,yes1_close,close,yes,group,individual,False,group,individual,Sniffing_Yes_1,Arlo,sniffing,Cora,flurp,Beau,zazzo,"Yes, Wugs like to sniff things before touching them.","Yes, Arlo likes to sniff things before touching them.",arlo.png,arlo_sniffing.png,orange7.png,green2.png,Beau,zazzo,individual,2,1,14167,2026-07-18T15:51:37.878Z,Younger,-0.3008474019635159,1.0,-1.0,1.0,1,6.822724161533197,DOB
TT076_1784389092899,,evelyn,6,B,B,A,hmm2_boss,yes1_close,boss_close,yes1_close,close,yes,group,individual,True,individual,group,Rocks_Yes_1,Sam,rocks,Nova,flurp,Finn,zazzo,"Yes, Sam likes to pick up rocks and put them in their pocket.","Yes, Wugs like to pick up rocks and put them in their pocket.",sam.png,sam_rocks.png,orange2.png,green2.png,Nova,flurp,individual,2,1,19910,2026-07-18T15:52:31.631Z,Younger,-0.3008474019635159,1.0,-1.0,1.0,1,6.822724161533197,DOB
TT076_1784389092899,,evelyn,6,B,B,A,hmm2_boss,yes1_close,boss_close,yes1_close,close,yes,group,individual,True,individual,group,Spinning_Yes_1,Wren,spinning,Lumi,flurp,Flint,zazzo,"Yes, Wren likes to spin around before sitting down.","Yes, Wugs like to spin around before sitting down.",wren.png,wren_spinning.png,orange11.png,green11.png,Lumi,flurp,individual,2,1,16954,2026-07-18T15:53:18.360Z,Younger,-0.3008474019635159,1.0,-1.0,1.0,1,6.822724161533197,DOB
TT076_1784389092899,,evelyn,6,B,B,A,hmm2_boss,yes1_close,boss_close,yes1_close,close,yes,group,individual,True,individual,group,Plants_Yes_1,Sage,plants,Juno,flurp,Reed,zazzo,"Yes, Sage likes to talk to plants.","Yes, Wugs like to talk to plants.",sage.png,sage_plants.png,orange15.png,green2.png,Juno,flurp,individual,2,1,20763,2026-07-18T15:54:05.936Z,Younger,-0.3008474019635159,1.0,-1.0,1.0,1,6.822724161533197,DOB
TT076_1784672510159,,Milo,6,B,B,A,hmm1_boss,yes1_close,close_boss,yes1_close,close,yes,group,individual,False,group,individual,Plants_Yes_1,Sage,plants,Juno,flurp,Reed,zazzo,"Yes, Wugs like to talk to plants.","Yes, Sage likes to talk to plants.",sage.png,sage_plants.png,orange15.png,green9.png,Juno,flurp,group,1,0,23701,2026-07-21T22:25:45.483Z,Younger,-0.99626150189507,1.0,-1.0,1.0,0,6.1273100616016425,DOB
TT076_1784672510159,,Milo,6,B,B,A,hmm1_boss,yes1_close,close_boss,yes1_close,close,yes,group,individual,True,individual,group,Backwards_Yes_1,Theo,backwards,Cleo,flurp,Moss,zazzo,"Yes, Theo likes to walk backwards.","Yes, Wugs like to walk backwards.",theo.png,theo_backwards.png,orange14.png,green7.png,Moss,zazzo,group,1,0,16022,2026-07-21T22:26:47.408Z,Younger,-0.99626150189507,1.0,-1.0,1.0,0,6.1273100616016425,DOB
TT076_1784672510159,,Milo,6,B,B,A,hmm1_boss,yes1_close,close_boss,yes1_close,close,yes,group,individual,True,individual,group,Spinning_Yes_1,Wren,spinning,Lumi,flurp,Flint,zazzo,"Yes, Wren likes to spin around before sitting down.","Yes, Wugs like to spin around before sitting down.",wren.png,wren_spinning.png,orange11.png,green12.png,Flint,zazzo,group,1,0,12344,2026-07-21T22:27:38.954Z,Younger,-0.99626150189507,1.0,-1.0,1.0,0,6.1273100616016425,DOB
TT076_1784672510159,,Milo,6,B,B,A,hmm1_boss,yes1_close,close_boss,yes1_close,close,yes,group,individual,True,individual,group,Sniffing_Yes_1,Arlo,sniffing,Cora,flurp,Beau,zazzo,"Yes, Arlo likes to sniff things before touching them.","Yes, Wugs like to sniff things before touching them.",arlo.png,arlo_sniffing.png,orange6.png,green12.png,Beau,zazzo,group,1,0,13522,2026-07-21T22:28:08.735Z,Younger,-0.99626150189507,1.0,-1.0,1.0,0,6.1273100616016425,DOB
TT076_1784672510159,,Milo,6,B,B,A,hmm1_boss,yes1_close,close_boss,yes1_close,close,yes,group,individual,False,group,individual,Pinecones_Yes_1,Blake,pinecones,Zara,flurp,Bryn,zazzo,"Yes, Wugs like to pile up pinecones into a tall tower.","Yes, Blake likes to pile up pinecones into a tall tower.",blake.png,blake_pinecones.png,orange15.png,green12.png,Zara,flurp,group,1,0,15841,2026-07-21T22:28:49.151Z,Younger,-0.99626150189507,1.0,-1.0,1.0,0,6.1273100616016425,DOB
TT076_1784672510159,,Milo,6,B,B,A,hmm1_boss,yes1_close,close_boss,yes1_close,close,yes,group,individual,True,individual,group,Rocks_Yes_1,Sam,rocks,Nova,flurp,Finn,zazzo,"Yes, Sam likes to pick up rocks and put them in their pocket.","Yes, Wugs like to pick up rocks and put them in their pocket.",sam.png,sam_rocks.png,orange10.png,green12.png,Finn,zazzo,group,1,0,12305,2026-07-21T22:29:33.052Z,Younger,-0.99626150189507,1.0,-1.0,1.0,0,6.1273100616016425,DOB
TT076_1784672510159,,Milo,6,A,B,A,hmm1_boss,yes1_close,close_boss,hmm1_boss,boss,hmm,group,individual,True,individual,group,Bugs_Hmm_1_b,Rowan,bugs,Emery,flurp,Jules,zazzo,"Hmm, Rowan must like to play with bugs.","Hmm, Wugs must like to play with bugs.",rowan.png,rowan_bugs.png,orange13.png,green2.png,Jules,zazzo,group,1,1,12922,2026-07-21T22:30:52.082Z,Younger,-0.99626150189507,-1.0,1.0,1.0,1,6.1273100616016425,DOB
TT076_1784672510159,,Milo,6,A,B,A,hmm1_boss,yes1_close,close_boss,hmm1_boss,boss,hmm,group,individual,False,group,individual,Balls_Hmm_1_b,Alex,balls,Quinn,flurp,Drew,zazzo,"Hmm, Wugs must like to bounce balls on their heads.","Hmm, Alex must like to bounce balls on their heads.",alex.png,alex_ball.png,orange4.png,green10.png,Drew,zazzo,individual,2,0,28552,2026-07-21T22:31:51.018Z,Younger,-0.99626150189507,-1.0,1.0,1.0,0,6.1273100616016425,DOB
TT076_1784672510159,,Milo,6,A,B,A,hmm1_boss,yes1_close,close_boss,hmm1_boss,boss,hmm,group,individual,True,individual,group,Night_Hmm_1_b,Casey,night,River,flurp,Morgan,zazzo,"Hmm, Casey must like to stay up in the middle of the night.","Hmm, Wugs must like to stay up in the middle of the night.",casey.png,casey_night.png,orange7.png,green12.png,Morgan,zazzo,group,1,1,15374,2026-07-21T22:32:44.871Z,Younger,-0.99626150189507,-1.0,1.0,1.0,1,6.1273100616016425,DOB
TT076_1784672510159,,Milo,6,A,B,A,hmm1_boss,yes1_close,close_boss,hmm1_boss,boss,hmm,group,individual,False,group,individual,Flowers_Hmm_1_b,Riley,flowers,Ash,flurp,Charlie,zazzo,"Hmm, Wugs must like to eat flowers.","Hmm, Riley must like to eat flowers.",riley.png,riley_flowers.png,orange13.png,green6.png,Charlie,zazzo,individual,2,0,12133,2026-07-21T22:33:29.915Z,Younger,-0.99626150189507,-1.0,1.0,1.0,0,6.1273100616016425,DOB
TT076_1784672510159,,Milo,6,A,B,A,hmm1_boss,yes1_close,close_boss,hmm1_boss,boss,hmm,group,individual,False,group,individual,Whisper_Hmm_1_b,Jordan,whisper,Skyler,flurp,Reese,zazzo,"Hmm, Wugs must like to whisper when they talk.","Hmm, Jordan must like to whisper when they talk.",jordan.png,jordan_whisper.png,orange9.png,green9.png,Reese,zazzo,individual,2,0,11029,2026-07-21T22:33:50.470Z,Younger,-0.99626150189507,-1.0,1.0,1.0,0,6.1273100616016425,DOB
TT076_1784672510159,,Milo,6,A,B,A,hmm1_boss,yes1_close,close_boss,hmm1_boss,boss,hmm,group,individual,False,group,individual,Walls_Hmm_1_b,Taylor,walls,Finley,flurp,Robin,zazzo,"Hmm, Wugs must like to climb tall buildings.","Hmm, Taylor must like to climb tall buildings.",taylor.png,taylor_walls.png,orange13.png,green7.png,Robin,zazzo,individual,2,0,10384,2026-07-21T22:34:11.365Z,Younger,-0.99626150189507,-1.0,1.0,1.0,0,6.1273100616016425,DOB
TT077_1782229399324,,Sakshat,5,B,A,B,yes1_boss,yes2_close,boss_close,yes1_boss,boss,yes,group,individual,False,group,individual,Pinecones_Yes_1_b,Blake,pinecones,Zara,flurp,Bryn,zazzo,"Yes, Wugs like to pile up pinecones into a tall tower.","Yes, Blake likes to pile up pinecones into a tall tower.",blake.png,blake_pinecones.png,orange10.png,green9.png,Bryn,zazzo,individual,2,0,43509,2026-06-23T15:49:09.473Z,Younger,-1.467171837281791,-1.0,-1.0,1.0,0,5.6563997262149215,DOB
TT077_1782229399324,,Sakshat,5,B,A,B,yes1_boss,yes2_close,boss_close,yes1_boss,boss,yes,group,individual,False,group,individual,Plants_Yes_1_b,Sage,plants,Juno,flurp,Reed,zazzo,"Yes, Wugs like to talk to plants.","Yes, Sage likes to talk to plants.",sage.png,sage_plants.png,orange3.png,green7.png,Juno,flurp,group,1,1,22043,2026-06-23T15:50:12.302Z,Younger,-1.467171837281791,-1.0,-1.0,1.0,1,5.6563997262149215,DOB
TT077_1782229399324,,Sakshat,5,B,A,B,yes1_boss,yes2_close,boss_close,yes1_boss,boss,yes,group,individual,False,group,individual,Rocks_Yes_1_b,Sam,rocks,Nova,flurp,Finn,zazzo,"Yes, Wugs like to pick up rocks and put them in their pocket.","Yes, Sam likes to pick up rocks and put them in their pocket.",sam.png,sam_rocks.png,orange13.png,green6.png,Finn,zazzo,individual,2,0,25060,2026-06-23T15:51:22.769Z,Younger,-1.467171837281791,-1.0,-1.0,1.0,0,5.6563997262149215,DOB
TT077_1782229399324,,Sakshat,5,B,A,B,yes1_boss,yes2_close,boss_close,yes1_boss,boss,yes,group,individual,False,group,individual,Sniffing_Yes_1_b,Arlo,sniffing,Cora,flurp,Beau,zazzo,"Yes, Wugs like to sniff things before touching them.","Yes, Arlo likes to sniff things before touching them.",arlo.png,arlo_sniffing.png,orange10.png,green9.png,Cora,flurp,group,1,1,14156,2026-06-23T15:52:10.630Z,Younger,-1.467171837281791,-1.0,-1.0,1.0,1,5.6563997262149215,DOB
TT077_1782229399324,,Sakshat,5,B,A,B,yes1_boss,yes2_close,boss_close,yes1_boss,boss,yes,group,individual,True,individual,group,Spinning_Yes_1_b,Wren,spinning,Lumi,flurp,Flint,zazzo,"Yes, Wren likes to spin around before sitting down.","Yes, Wugs like to spin around before sitting down.",wren.png,wren_spinning.png,orange14.png,green11.png,Lumi,flurp,individual,2,0,9603,2026-06-23T15:53:10.466Z,Younger,-1.467171837281791,-1.0,-1.0,1.0,0,5.6563997262149215,DOB
TT077_1782229399324,,Sakshat,5,B,A,B,yes1_boss,yes2_close,boss_close,yes1_boss,boss,yes,group,individual,True,individual,group,Backwards_Yes_1_b,Theo,backwards,Cleo,flurp,Moss,zazzo,"Yes, Theo likes to walk backwards.","Yes, Wugs like to walk backwards.",theo.png,theo_backwards.png,orange11.png,green6.png,Cleo,flurp,individual,2,0,9285,2026-06-23T15:54:03.304Z,Younger,-1.467171837281791,-1.0,-1.0,1.0,0,5.6563997262149215,DOB
TT077_1782229399324,,Sakshat,5,A,A,B,yes1_boss,yes2_close,boss_close,yes2_close,close,yes,individual,group,False,individual,group,Climb_Yes_2,Taylor,walls,Finley,flurp,Robin,zazzo,"Yes, Taylor likes to climb tall buildings.","Yes, Wugs like to climb tall buildings.",taylor.png,taylor_walls.png,orange15.png,green12.png,Finley,flurp,individual,2,1,12580,2026-06-23T15:56:05.355Z,Younger,-1.467171837281791,1.0,-1.0,1.0,1,5.6563997262149215,DOB
TT077_1782229399324,,Sakshat,5,A,A,B,yes1_boss,yes2_close,boss_close,yes2_close,close,yes,individual,group,False,individual,group,Bugs_Yes_2,Rowan,bugs,Emery,flurp,Jules,zazzo,"Yes, Rowan likes to play with bugs.","Yes, Wugs like to play with bugs.",rowan.png,rowan_bugs.png,orange6.png,green10.png,Jules,zazzo,group,1,0,9880,2026-06-23T15:57:16.999Z,Younger,-1.467171837281791,1.0,-1.0,1.0,0,5.6563997262149215,DOB
TT077_1782229399324,,Sakshat,5,A,A,B,yes1_boss,yes2_close,boss_close,yes2_close,close,yes,individual,group,False,individual,group,Flowers_Yes_2,Riley,flowers,Ash,flurp,Charlie,zazzo,"Yes, Riley likes to eat flowers.","Yes, Wugs like to eat flowers.",riley.png,riley_flowers.png,orange6.png,green2.png,Charlie,zazzo,group,1,0,13297,2026-06-23T15:58:12.971Z,Younger,-1.467171837281791,1.0,-1.0,1.0,0,5.6563997262149215,DOB
TT077_1782229399324,,Sakshat,5,A,A,B,yes1_boss,yes2_close,boss_close,yes2_close,close,yes,individual,group,False,individual,group,Ball_Yes_2,Alex,balls,Quinn,flurp,Drew,zazzo,"Yes, Alex likes to bounce balls on their heads.","Yes, Wugs like to bounce balls on their heads.",alex.png,alex_ball.png,orange13.png,green10.png,Drew,zazzo,group,1,0,16324,2026-06-23T15:59:15.396Z,Younger,-1.467171837281791,1.0,-1.0,1.0,0,5.6563997262149215,DOB
TT077_1782229399324,,Sakshat,5,A,A,B,yes1_boss,yes2_close,boss_close,yes2_close,close,yes,individual,group,False,individual,group,Whisper_Yes_2,Jordan,whisper,Skyler,flurp,Reese,zazzo,"Yes, Jordan likes to whisper when they talk.","Yes, Wugs like to whisper when they talk.",jordan.png,jordan_whisper.png,orange6.png,green7.png,Reese,zazzo,group,1,0,21733,2026-06-23T15:59:59.156Z,Younger,-1.467171837281791,1.0,-1.0,1.0,0,5.6563997262149215,DOB
TT077_1782229399324,,Sakshat,5,A,A,B,yes1_boss,yes2_close,boss_close,yes2_close,close,yes,individual,group,False,individual,group,Night_Yes_2,Casey,night,River,flurp,Morgan,zazzo,"Yes, Casey likes to stay up in the middle of the night.","Yes, Wugs like to stay up in the middle of the night.",casey.png,casey_night.png,orange8.png,green6.png,River,flurp,individual,2,1,13292,2026-06-23T16:00:32.811Z,Younger,-1.467171837281791,1.0,-1.0,1.0,1,5.6563997262149215,DOB
TT081_1785111188250,,kelly,8,A,B,A,yes2_boss,yes2_close,boss_close,yes2_boss,boss,yes,individual,group,False,individual,group,Flowers_Yes_2_b,Riley,flowers,Ash,flurp,Charlie,zazzo,"Yes, Riley likes to eat flowers.","Yes, Wugs like to eat flowers.",riley.png,riley_flowers.png,orange7.png,green7.png,Charlie,zazzo,group,1,1,24599,2026-07-27T00:16:49.420Z,Older,1.758016389959824,-1.0,-1.0,-1.0,1,8.881587953456537,DOB
TT081_1785111188250,,kelly,8,A,B,A,yes2_boss,yes2_close,boss_close,yes2_boss,boss,yes,individual,group,False,individual,group,Whisper_Yes_2_b,Jordan,whisper,Skyler,flurp,Reese,zazzo,"Yes, Jordan likes to whisper when they talk.","Yes, Wugs like to whisper when they talk.",jordan.png,jordan_whisper.png,orange8.png,green12.png,Skyler,flurp,individual,2,0,13144,2026-07-27T00:17:31.528Z,Older,1.758016389959824,-1.0,-1.0,-1.0,0,8.881587953456537,DOB
TT081_1785111188250,,kelly,8,A,B,A,yes2_boss,yes2_close,boss_close,yes2_boss,boss,yes,individual,group,True,group,individual,Balls_Yes_2_b,Alex,balls,Quinn,flurp,Drew,zazzo,"Yes, Wugs like to bounce balls on their heads.","Yes, Alex likes to bounce balls on their heads.",alex.png,alex_ball.png,orange8.png,green7.png,Quinn,flurp,group,1,1,26705,2026-07-27T00:18:47.527Z,Older,1.758016389959824,-1.0,-1.0,-1.0,1,8.881587953456537,DOB
TT081_1785111188250,,kelly,8,A,B,A,yes2_boss,yes2_close,boss_close,yes2_boss,boss,yes,individual,group,False,individual,group,Night_Yes_2_b,Casey,night,River,flurp,Morgan,zazzo,"Yes, Casey likes to stay up in the middle of the night.","Yes, Wugs like to stay up in the middle of the night.",casey.png,casey_night.png,orange14.png,green.png,River,flurp,individual,2,0,17259,2026-07-27T00:19:36.856Z,Older,1.758016389959824,-1.0,-1.0,-1.0,0,8.881587953456537,DOB
TT081_1785111188250,,kelly,8,A,B,A,yes2_boss,yes2_close,boss_close,yes2_boss,boss,yes,individual,group,True,group,individual,Walls_Yes_2_b,Taylor,walls,Finley,flurp,Robin,zazzo,"Yes, Wugs like to climb tall buildings.","Yes, Taylor likes to climb tall buildings.",taylor.png,taylor_walls.png,orange7.png,green12.png,Finley,flurp,group,1,1,21578,2026-07-27T00:20:38.930Z,Older,1.758016389959824,-1.0,-1.0,-1.0,1,8.881587953456537,DOB
TT081_1785111188250,,kelly,8,A,B,A,yes2_boss,yes2_close,boss_close,yes2_boss,boss,yes,individual,group,False,individual,group,Bugs_Yes_2_b,Rowan,bugs,Emery,flurp,Jules,zazzo,"Yes, Rowan likes to play with bugs.","Yes, Wugs like to play with bugs.",rowan.png,rowan_bugs.png,orange2.png,green2.png,Emery,flurp,individual,2,0,12976,2026-07-27T00:21:25.432Z,Older,1.758016389959824,-1.0,-1.0,-1.0,0,8.881587953456537,DOB
TT081_1785111188250,,kelly,8,B,B,A,yes2_boss,yes2_close,boss_close,yes2_close,close,yes,individual,group,False,individual,group,Spinning_Yes_2,Wren,spinning,Lumi,flurp,Flint,zazzo,"Yes, Wren likes to spin around before sitting down.","Yes, Wugs like to spin around before sitting down.",wren.png,wren_spinning.png,orange13.png,green1.png,Lumi,flurp,individual,2,1,19066,2026-07-27T00:22:52.474Z,Older,1.758016389959824,1.0,-1.0,-1.0,1,8.881587953456537,DOB
TT081_1785111188250,,kelly,8,B,B,A,yes2_boss,yes2_close,boss_close,yes2_close,close,yes,individual,group,False,individual,group,Backwards_Yes_2,Theo,backwards,Cleo,flurp,Moss,zazzo,"Yes, Theo likes to walk backwards.","Yes, Wugs like to walk backwards.",theo.png,theo_backwards.png,orange8.png,green7.png,Cleo,flurp,individual,2,1,15276,2026-07-27T00:23:38.878Z,Older,1.758016389959824,1.0,-1.0,-1.0,1,8.881587953456537,DOB
TT081_1785111188250,,kelly,8,B,B,A,yes2_boss,yes2_close,boss_close,yes2_close,close,yes,individual,group,True,group,individual,Sniffing_Yes_2,Arlo,sniffing,Cora,flurp,Beau,zazzo,"Yes, Wugs like to sniff things before touching them.","Yes, Arlo likes to sniff things before touching them.",arlo.png,arlo_sniffing.png,orange14.png,green6.png,Beau,zazzo,individual,2,1,14548,2026-07-27T00:24:30.711Z,Older,1.758016389959824,1.0,-1.0,-1.0,1,8.881587953456537,DOB
TT081_1785111188250,,kelly,8,B,B,A,yes2_boss,yes2_close,boss_close,yes2_close,close,yes,individual,group,False,individual,group,Plants_Yes_2,Sage,plants,Juno,flurp,Reed,zazzo,"Yes, Sage likes to talk to plants.","Yes, Wugs like to talk to plants.",sage.png,sage_plants.png,orange2.png,green11.png,Reed,zazzo,group,1,0,14893,2026-07-27T00:25:10.311Z,Older,1.758016389959824,1.0,-1.0,-1.0,0,8.881587953456537,DOB
TT081_1785111188250,,kelly,8,B,B,A,yes2_boss,yes2_close,boss_close,yes2_close,close,yes,individual,group,True,group,individual,Pinecones_Yes_2,Blake,pinecones,Zara,flurp,Bryn,zazzo,"Yes, Wugs like to pile up pinecones into a tall tower.","Yes, Blake likes to pile up pinecones into a tall tower.",blake.png,blake_pinecones.png,orange10.png,green9.png,Bryn,zazzo,individual,2,1,16140,2026-07-27T00:25:59.961Z,Older,1.758016389959824,1.0,-1.0,-1.0,1,8.881587953456537,DOB
TT081_1785111188250,,kelly,8,B,B,A,yes2_boss,yes2_close,boss_close,yes2_close,close,yes,individual,group,True,group,individual,Rocks_Yes_2,Sam,rocks,Nova,flurp,Finn,zazzo,"Yes, Wugs like to pick up rocks and put them in their pocket.","Yes, Sam likes to pick up rocks and put them in their pocket.",sam.png,sam_rocks.png,orange15.png,green.png,Finn,zazzo,individual,2,1,15764,2026-07-27T00:26:44.840Z,Older,1.758016389959824,1.0,-1.0,-1.0,1,8.881587953456537,DOB
TT083_1782904190648,,Athena,7,B,A,B,yes2_boss,yes1_close,boss_close,yes2_boss,boss,yes,individual,group,True,group,individual,Backwards_Yes_2_b,Theo,backwards,Cleo,flurp,Moss,zazzo,"Yes, Wugs like to walk backwards.","Yes, Theo likes to walk backwards.",theo.png,theo_backwards.png,orange13.png,green6.png,Moss,zazzo,individual,2,0,13613,2026-07-01T11:12:20.823Z,Older,-0.11741139922566557,-1.0,-1.0,-1.0,0,7.006160164271047,DOB
TT083_1782904190648,,Athena,7,B,A,B,yes2_boss,yes1_close,boss_close,yes2_boss,boss,yes,individual,group,True,group,individual,Spinning_Yes_2_b,Wren,spinning,Lumi,flurp,Flint,zazzo,"Yes, Wugs like to spin around before sitting down.","Yes, Wren likes to spin around before sitting down.",wren.png,wren_spinning.png,orange7.png,green6.png,Lumi,flurp,group,1,1,31624,2026-07-01T11:13:32.387Z,Older,-0.11741139922566557,-1.0,-1.0,-1.0,1,7.006160164271047,DOB
TT083_1782904190648,,Athena,7,B,A,B,yes2_boss,yes1_close,boss_close,yes2_boss,boss,yes,individual,group,False,individual,group,Pinecones_Yes_2_b,Blake,pinecones,Zara,flurp,Bryn,zazzo,"Yes, Blake likes to pile up pinecones into a tall tower.","Yes, Wugs like to pile up pinecones into a tall tower.",blake.png,blake_pinecones.png,orange3.png,green10.png,Zara,flurp,individual,2,0,35192,2026-07-01T11:15:20.014Z,Older,-0.11741139922566557,-1.0,-1.0,-1.0,0,7.006160164271047,DOB
TT083_1782904190648,,Athena,7,B,A,B,yes2_boss,yes1_close,boss_close,yes2_boss,boss,yes,individual,group,True,group,individual,Plants_Yes_2_b,Sage,plants,Juno,flurp,Reed,zazzo,"Yes, Wugs like to talk to plants.","Yes, Sage likes to talk to plants.",sage.png,sage_plants.png,orange6.png,green6.png,Reed,zazzo,individual,2,0,19031,2026-07-01T11:15:51.671Z,Older,-0.11741139922566557,-1.0,-1.0,-1.0,0,7.006160164271047,DOB
TT083_1782904190648,,Athena,7,B,A,B,yes2_boss,yes1_close,boss_close,yes2_boss,boss,yes,individual,group,True,group,individual,Rocks_Yes_2_b,Sam,rocks,Nova,flurp,Finn,zazzo,"Yes, Wugs like to pick up rocks and put them in their pocket.","Yes, Sam likes to pick up rocks and put them in their pocket.",sam.png,sam_rocks.png,orange2.png,green12.png,Finn,zazzo,individual,2,0,12293,2026-07-01T11:16:22.576Z,Older,-0.11741139922566557,-1.0,-1.0,-1.0,0,7.006160164271047,DOB
TT083_1782904190648,,Athena,7,B,A,B,yes2_boss,yes1_close,boss_close,yes2_boss,boss,yes,individual,group,False,individual,group,Sniffing_Yes_2_b,Arlo,sniffing,Cora,flurp,Beau,zazzo,"Yes, Arlo likes to sniff things before touching them.","Yes, Wugs like to sniff things before touching them.",arlo.png,arlo_sniffing.png,orange10.png,green9.png,Beau,zazzo,group,1,1,11543,2026-07-01T11:16:43.141Z,Older,-0.11741139922566557,-1.0,-1.0,-1.0,1,7.006160164271047,DOB
TT083_1782904190648,,Athena,7,A,A,B,yes2_boss,yes1_close,boss_close,yes1_close,close,yes,group,individual,False,group,individual,Climb_Yes_1,Taylor,walls,Finley,flurp,Robin,zazzo,"Yes, Wugs like to climb tall buildings.","Yes, Taylor likes to climb tall buildings.",taylor.png,taylor_walls.png,orange6.png,green12.png,Robin,zazzo,individual,2,1,11190,2026-07-01T11:17:43.083Z,Older,-0.11741139922566557,1.0,-1.0,-1.0,1,7.006160164271047,DOB
TT083_1782904190648,,Athena,7,A,A,B,yes2_boss,yes1_close,boss_close,yes1_close,close,yes,group,individual,True,individual,group,Night_Yes_1,Casey,night,River,flurp,Morgan,zazzo,"Yes, Casey likes to stay up in the middle of the night.","Yes, Wugs like to stay up in the middle of the night.",casey.png,casey_night.png,orange2.png,green1.png,Morgan,zazzo,group,1,0,11211,2026-07-01T11:18:02.082Z,Older,-0.11741139922566557,1.0,-1.0,-1.0,0,7.006160164271047,DOB
TT083_1782904190648,,Athena,7,A,A,B,yes2_boss,yes1_close,boss_close,yes1_close,close,yes,group,individual,True,individual,group,Whisper_Yes_1,Jordan,whisper,Skyler,flurp,Reese,zazzo,"Yes, Jordan likes to whisper when they talk.","Yes, Wugs like to whisper when they talk.",jordan.png,jordan_whisper.png,orange14.png,green6.png,Skyler,flurp,individual,2,1,11207,2026-07-01T11:18:20.560Z,Older,-0.11741139922566557,1.0,-1.0,-1.0,1,7.006160164271047,DOB
TT083_1782904190648,,Athena,7,A,A,B,yes2_boss,yes1_close,boss_close,yes1_close,close,yes,group,individual,False,group,individual,Balls_Yes_1,Alex,balls,Quinn,flurp,Drew,zazzo,"Yes, Wugs like to bounce balls on their heads.","Yes, Alex likes to bounce balls on their heads.",alex.png,alex_ball.png,orange8.png,green6.png,Drew,zazzo,individual,2,1,11275,2026-07-01T11:18:40.425Z,Older,-0.11741139922566557,1.0,-1.0,-1.0,1,7.006160164271047,DOB
TT083_1782904190648,,Athena,7,A,A,B,yes2_boss,yes1_close,boss_close,yes1_close,close,yes,group,individual,True,individual,group,Bugs_Yes_1,Rowan,bugs,Emery,flurp,Jules,zazzo,"Yes, Rowan likes to play with bugs.","Yes, Wugs like to play with bugs.",rowan.png,rowan_bugs.png,orange10.png,green11.png,Jules,zazzo,group,1,0,8556,2026-07-01T11:18:58.671Z,Older,-0.11741139922566557,1.0,-1.0,-1.0,0,7.006160164271047,DOB
TT083_1782904190648,,Athena,7,A,A,B,yes2_boss,yes1_close,boss_close,yes1_close,close,yes,group,individual,False,group,individual,Flowers_Yes_1,Riley,flowers,Ash,flurp,Charlie,zazzo,"Yes, Wugs like to eat flowers.","Yes, Riley likes to eat flowers.",riley.png,riley_flowers.png,orange13.png,green6.png,Charlie,zazzo,individual,2,1,8874,2026-07-01T11:19:17.153Z,Older,-0.11741139922566557,1.0,-1.0,-1.0,1,7.006160164271047,DOB
TT083_1783863355259,,amela,5,B,B,A,yes2_boss,hmm1_close,close_boss,hmm1_close,close,hmm,group,individual,False,group,individual,Backwards_Hmm_1,Theo,backwards,Cleo,flurp,Moss,zazzo,"Hmm, Wugs must like to walk backwards.","Hmm, Theo must like to walk backwards.",theo.png,theo_backwards.png,orange4.png,green11.png,Moss,zazzo,individual,2,1,22376,2026-07-12T13:38:36.596Z,Younger,-1.9627228297527015,1.0,1.0,1.0,1,5.160848733744011,DOB
TT083_1783863355259,,amela,5,B,B,A,yes2_boss,hmm1_close,close_boss,hmm1_close,close,hmm,group,individual,True,individual,group,Plants_Hmm_1,Sage,plants,Juno,flurp,Reed,zazzo,"Hmm, Sage must like to talk to plants.","Hmm, Wugs must like to talk to plants.",sage.png,sage_plants.png,orange6.png,green9.png,Reed,zazzo,group,1,0,17195,2026-07-12T13:38:58.046Z,Younger,-1.9627228297527015,1.0,1.0,1.0,0,5.160848733744011,DOB
TT083_1783863355259,,amela,5,B,B,A,yes2_boss,hmm1_close,close_boss,hmm1_close,close,hmm,group,individual,False,group,individual,Pinecones_Hmm_1,Blake,pinecones,Zara,flurp,Bryn,zazzo,"Hmm, Wugs must like to pile up pinecones into a tall tower.","Hmm, Blake must like to pile up pinecones into a tall tower.",blake.png,blake_pinecones.png,orange4.png,green7.png,Bryn,zazzo,individual,2,1,13642,2026-07-12T13:39:17.913Z,Younger,-1.9627228297527015,1.0,1.0,1.0,1,5.160848733744011,DOB
TT083_1783863355259,,amela,5,B,B,A,yes2_boss,hmm1_close,close_boss,hmm1_close,close,hmm,group,individual,False,group,individual,Sniffing_Hmm_1,Arlo,sniffing,Cora,flurp,Beau,zazzo,"Hmm, Wugs must like to sniff things before touching them.","Hmm, Arlo must like to sniff things before touching them.",arlo.png,arlo_sniffing.png,orange6.png,green6.png,Cora,flurp,group,1,0,15602,2026-07-12T13:39:38.319Z,Younger,-1.9627228297527015,1.0,1.0,1.0,0,5.160848733744011,DOB
TT083_1783863355259,,amela,5,B,B,A,yes2_boss,hmm1_close,close_boss,hmm1_close,close,hmm,group,individual,True,individual,group,Rocks_Hmm_1,Sam,rocks,Nova,flurp,Finn,zazzo,"Hmm, Sam must like to pick up rocks and put them in their pocket.","Hmm, Wugs must like to pick up rocks and put them in their pocket.",sam.png,sam_rocks.png,orange15.png,green7.png,Nova,flurp,individual,2,1,14494,2026-07-12T13:40:00.315Z,Younger,-1.9627228297527015,1.0,1.0,1.0,1,5.160848733744011,DOB
TT083_1783863355259,,amela,5,B,B,A,yes2_boss,hmm1_close,close_boss,hmm1_close,close,hmm,group,individual,False,group,individual,Spinning_Hmm_1,Wren,spinning,Lumi,flurp,Flint,zazzo,"Hmm, Wugs must like to spin around before sitting down.","Hmm, Wren must like to spin around before sitting down.",wren.png,wren_spinning.png,orange6.png,green2.png,Lumi,flurp,group,1,0,18105,2026-07-12T13:40:21.058Z,Younger,-1.9627228297527015,1.0,1.0,1.0,0,5.160848733744011,DOB
TT083_1783863355259,,amela,5,A,B,A,yes2_boss,hmm1_close,close_boss,yes2_boss,boss,yes,individual,group,True,group,individual,Balls_Yes_2_b,Alex,balls,Quinn,flurp,Drew,zazzo,"Yes, Wugs like to bounce balls on their heads.","Yes, Alex likes to bounce balls on their heads.",alex.png,alex_ball.png,orange6.png,green9.png,Drew,zazzo,individual,2,0,17720,2026-07-12T13:40:46.019Z,Younger,-1.9627228297527015,-1.0,-1.0,1.0,0,5.160848733744011,DOB
TT083_1783863355259,,amela,5,A,B,A,yes2_boss,hmm1_close,close_boss,yes2_boss,boss,yes,individual,group,False,individual,group,Walls_Yes_2_b,Taylor,walls,Finley,flurp,Robin,zazzo,"Yes, Taylor likes to climb tall buildings.","Yes, Wugs like to climb tall buildings.",taylor.png,taylor_walls.png,orange14.png,green1.png,Robin,zazzo,group,1,1,15906,2026-07-12T13:41:06.065Z,Younger,-1.9627228297527015,-1.0,-1.0,1.0,1,5.160848733744011,DOB
TT083_1783863355259,,amela,5,A,B,A,yes2_boss,hmm1_close,close_boss,yes2_boss,boss,yes,individual,group,True,group,individual,Flowers_Yes_2_b,Riley,flowers,Ash,flurp,Charlie,zazzo,"Yes, Wugs like to eat flowers.","Yes, Riley likes to eat flowers.",riley.png,riley_flowers.png,orange8.png,green10.png,Ash,flurp,group,1,1,13266,2026-07-12T13:41:25.302Z,Younger,-1.9627228297527015,-1.0,-1.0,1.0,1,5.160848733744011,DOB
TT083_1783863355259,,amela,5,A,B,A,yes2_boss,hmm1_close,close_boss,yes2_boss,boss,yes,individual,group,False,individual,group,Whisper_Yes_2_b,Jordan,whisper,Skyler,flurp,Reese,zazzo,"Yes, Jordan likes to whisper when they talk.","Yes, Wugs like to whisper when they talk.",jordan.png,jordan_whisper.png,orange3.png,green9.png,Reese,zazzo,group,1,1,11764,2026-07-12T13:41:41.993Z,Younger,-1.9627228297527015,-1.0,-1.0,1.0,1,5.160848733744011,DOB
TT083_1783863355259,,amela,5,A,B,A,yes2_boss,hmm1_close,close_boss,yes2_boss,boss,yes,individual,group,True,group,individual,Night_Yes_2_b,Casey,night,River,flurp,Morgan,zazzo,"Yes, Wugs like to stay up in the middle of the night.","Yes, Casey likes to stay up in the middle of the night.",casey.png,casey_night.png,orange15.png,green11.png,Morgan,zazzo,individual,2,0,15156,2026-07-12T13:42:02.784Z,Younger,-1.9627228297527015,-1.0,-1.0,1.0,0,5.160848733744011,DOB
TT083_1783863355259,,amela,5,A,B,A,yes2_boss,hmm1_close,close_boss,yes2_boss,boss,yes,individual,group,False,individual,group,Bugs_Yes_2_b,Rowan,bugs,Emery,flurp,Jules,zazzo,"Yes, Rowan likes to play with bugs.","Yes, Wugs like to play with bugs.",rowan.png,rowan_bugs.png,orange3.png,green11.png,Emery,flurp,individual,2,0,11180,2026-07-12T13:42:22.973Z,Younger,-1.9627228297527015,-1.0,-1.0,1.0,0,5.160848733744011,DOB
TT084_1783452047311,,Judah,7,B,B,A,hmm2_boss,hmm1_close,close_boss,hmm1_close,close,hmm,group,individual,True,individual,group,Plants_Hmm_1,Sage,plants,Juno,flurp,Reed,zazzo,"Hmm, Sage must like to talk to plants.","Hmm, Wugs must like to talk to plants.",sage.png,sage_plants.png,orange8.png,green2.png,Reed,zazzo,group,1,0,18531,2026-07-07T19:26:31.500Z,Older,0.8380985254834377,1.0,1.0,-1.0,0,7.96167008898015,DOB
TT084_1783452047311,,Judah,7,B,B,A,hmm2_boss,hmm1_close,close_boss,hmm1_close,close,hmm,group,individual,True,individual,group,Rocks_Hmm_1,Sam,rocks,Nova,flurp,Finn,zazzo,"Hmm, Sam must like to pick up rocks and put them in their pocket.","Hmm, Wugs must like to pick up rocks and put them in their pocket.",sam.png,sam_rocks.png,orange7.png,green7.png,Nova,flurp,individual,2,1,18645,2026-07-07T19:27:34.883Z,Older,0.8380985254834377,1.0,1.0,-1.0,1,7.96167008898015,DOB
TT084_1783452047311,,Judah,7,B,B,A,hmm2_boss,hmm1_close,close_boss,hmm1_close,close,hmm,group,individual,False,group,individual,Sniffing_Hmm_1,Arlo,sniffing,Cora,flurp,Beau,zazzo,"Hmm, Wugs must like to sniff things before touching them.","Hmm, Arlo must like to sniff things before touching them.",arlo.png,arlo_sniffing.png,orange15.png,green7.png,Beau,zazzo,individual,2,1,31605,2026-07-07T19:28:54.175Z,Older,0.8380985254834377,1.0,1.0,-1.0,1,7.96167008898015,DOB
TT084_1783452047311,,Judah,7,B,B,A,hmm2_boss,hmm1_close,close_boss,hmm1_close,close,hmm,group,individual,False,group,individual,Pinecones_Hmm_1,Blake,pinecones,Zara,flurp,Bryn,zazzo,"Hmm, Wugs must like to pile up pinecones into a tall tower.","Hmm, Blake must like to pile up pinecones into a tall tower.",blake.png,blake_pinecones.png,orange15.png,green7.png,Bryn,zazzo,individual,2,1,16124,2026-07-07T19:29:37.582Z,Older,0.8380985254834377,1.0,1.0,-1.0,1,7.96167008898015,DOB
TT084_1783452047311,,Judah,7,B,B,A,hmm2_boss,hmm1_close,close_boss,hmm1_close,close,hmm,group,individual,True,individual,group,Spinning_Hmm_1,Wren,spinning,Lumi,flurp,Flint,zazzo,"Hmm, Wren must like to spin around before sitting down.","Hmm, Wugs must like to spin around before sitting down.",wren.png,wren_spinning.png,orange4.png,green11.png,Lumi,flurp,individual,2,1,14426,2026-07-07T19:30:22.153Z,Older,0.8380985254834377,1.0,1.0,-1.0,1,7.96167008898015,DOB
TT084_1783452047311,,Judah,7,B,B,A,hmm2_boss,hmm1_close,close_boss,hmm1_close,close,hmm,group,individual,False,group,individual,Backwards_Hmm_1,Theo,backwards,Cleo,flurp,Moss,zazzo,"Hmm, Wugs must like to walk backwards.","Hmm, Theo must like to walk backwards.",theo.png,theo_backwards.png,orange2.png,green7.png,Moss,zazzo,individual,2,1,15186,2026-07-07T19:31:08.679Z,Older,0.8380985254834377,1.0,1.0,-1.0,1,7.96167008898015,DOB
TT084_1783452047311,,Judah,7,A,B,A,hmm2_boss,hmm1_close,close_boss,hmm2_boss,boss,hmm,individual,group,True,group,individual,Walls_Hmm_2_b,Taylor,walls,Finley,flurp,Robin,zazzo,"Hmm, Wugs must like to climb tall buildings.","Hmm, Taylor must like to climb tall buildings.",taylor.png,taylor_walls.png,orange4.png,green6.png,Finley,flurp,group,1,1,23404,2026-07-07T19:32:31.859Z,Older,0.8380985254834377,-1.0,1.0,-1.0,1,7.96167008898015,DOB
TT084_1783452047311,,Judah,7,A,B,A,hmm2_boss,hmm1_close,close_boss,hmm2_boss,boss,hmm,individual,group,True,group,individual,Flowers_Hmm_2_b,Riley,flowers,Ash,flurp,Charlie,zazzo,"Hmm, Wugs must like to eat flowers.","Hmm, Riley must like to eat flowers.",riley.png,riley_flowers.png,orange10.png,green7.png,Charlie,zazzo,individual,2,0,17650,2026-07-07T19:33:17.993Z,Older,0.8380985254834377,-1.0,1.0,-1.0,0,7.96167008898015,DOB
TT084_1783452047311,,Judah,7,A,B,A,hmm2_boss,hmm1_close,close_boss,hmm2_boss,boss,hmm,individual,group,False,individual,group,Night_Hmm_2_b,Casey,night,River,flurp,Morgan,zazzo,"Hmm, Casey must like to stay up in the middle of the night.","Hmm, Wugs must like to stay up in the middle of the night.",casey.png,casey_night.png,orange15.png,green11.png,River,flurp,individual,2,0,14372,2026-07-07T19:34:02.837Z,Older,0.8380985254834377,-1.0,1.0,-1.0,0,7.96167008898015,DOB
TT084_1783452047311,,Judah,7,A,B,A,hmm2_boss,hmm1_close,close_boss,hmm2_boss,boss,hmm,individual,group,True,group,individual,Bugs_Hmm_2_b,Rowan,bugs,Emery,flurp,Jules,zazzo,"Hmm, Wugs must like to play with bugs.","Hmm, Rowan must like to play with bugs.",rowan.png,rowan_bugs.png,orange4.png,green6.png,Jules,zazzo,individual,2,0,16418,2026-07-07T19:34:45.027Z,Older,0.8380985254834377,-1.0,1.0,-1.0,0,7.96167008898015,DOB
TT084_1783452047311,,Judah,7,A,B,A,hmm2_boss,hmm1_close,close_boss,hmm2_boss,boss,hmm,individual,group,True,group,individual,Whisper_Hmm_2_b,Jordan,whisper,Skyler,flurp,Reese,zazzo,"Hmm, Wugs must like to whisper when they talk.","Hmm, Jordan must like to whisper when they talk.",jordan.png,jordan_whisper.png,orange14.png,green11.png,Reese,zazzo,individual,2,0,13962,2026-07-07T19:35:22.083Z,Older,0.8380985254834377,-1.0,1.0,-1.0,0,7.96167008898015,DOB
TT084_1783452047311,,Judah,7,A,B,A,hmm2_boss,hmm1_close,close_boss,hmm2_boss,boss,hmm,individual,group,False,individual,group,Balls_Hmm_2_b,Alex,balls,Quinn,flurp,Drew,zazzo,"Hmm, Alex must like to bounce balls on their heads.","Hmm, Wugs must like to bounce balls on their heads.",alex.png,alex_ball.png,orange9.png,green1.png,Quinn,flurp,individual,2,0,26666,2026-07-07T19:36:18.783Z,Older,0.8380985254834377,-1.0,1.0,-1.0,0,7.96167008898015,DOB
TT085_1783884283223,,isabella,7,B,B,A,yes2_boss,hmm1_close,close_boss,hmm1_close,close,hmm,group,individual,True,individual,group,Rocks_Hmm_1,Sam,rocks,Nova,flurp,Finn,zazzo,"Hmm, Sam must like to pick up rocks and put them in their pocket.","Hmm, Wugs must like to pick up rocks and put them in their pocket.",sam.png,sam_rocks.png,orange2.png,green2.png,Nova,flurp,individual,2,1,29425,2026-07-12T19:28:33.932Z,Older,0.1618493810618089,1.0,1.0,-1.0,1,7.285420944558521,DOB
TT085_1783884283223,,isabella,7,B,B,A,yes2_boss,hmm1_close,close_boss,hmm1_close,close,hmm,group,individual,True,individual,group,Spinning_Hmm_1,Wren,spinning,Lumi,flurp,Flint,zazzo,"Hmm, Wren must like to spin around before sitting down.","Hmm, Wugs must like to spin around before sitting down.",wren.png,wren_spinning.png,orange14.png,green11.png,Flint,zazzo,group,1,0,17435,2026-07-12T19:29:40.370Z,Older,0.1618493810618089,1.0,1.0,-1.0,0,7.285420944558521,DOB
TT085_1783884283223,,isabella,7,B,B,A,yes2_boss,hmm1_close,close_boss,hmm1_close,close,hmm,group,individual,True,individual,group,Pinecones_Hmm_1,Blake,pinecones,Zara,flurp,Bryn,zazzo,"Hmm, Blake must like to pile up pinecones into a tall tower.","Hmm, Wugs must like to pile up pinecones into a tall tower.",blake.png,blake_pinecones.png,orange4.png,green6.png,Bryn,zazzo,group,1,0,18431,2026-07-12T19:30:49.274Z,Older,0.1618493810618089,1.0,1.0,-1.0,0,7.285420944558521,DOB
TT085_1783884283223,,isabella,7,B,B,A,yes2_boss,hmm1_close,close_boss,hmm1_close,close,hmm,group,individual,False,group,individual,Sniffing_Hmm_1,Arlo,sniffing,Cora,flurp,Beau,zazzo,"Hmm, Wugs must like to sniff things before touching them.","Hmm, Arlo must like to sniff things before touching them.",arlo.png,arlo_sniffing.png,orange14.png,green11.png,Cora,flurp,group,1,0,36361,2026-07-12T19:31:53.566Z,Older,0.1618493810618089,1.0,1.0,-1.0,0,7.285420944558521,DOB
TT085_1783884283223,,isabella,7,B,B,A,yes2_boss,hmm1_close,close_boss,hmm1_close,close,hmm,group,individual,False,group,individual,Backwards_Hmm_1,Theo,backwards,Cleo,flurp,Moss,zazzo,"Hmm, Wugs must like to walk backwards.","Hmm, Theo must like to walk backwards.",theo.png,theo_backwards.png,orange3.png,green.png,Cleo,flurp,group,1,0,31032,2026-07-12T19:33:21.128Z,Older,0.1618493810618089,1.0,1.0,-1.0,0,7.285420944558521,DOB
TT085_1783884283223,,isabella,7,B,B,A,yes2_boss,hmm1_close,close_boss,hmm1_close,close,hmm,group,individual,False,group,individual,Plants_Hmm_1,Sage,plants,Juno,flurp,Reed,zazzo,"Hmm, Wugs must like to talk to plants.","Hmm, Sage must like to talk to plants.",sage.png,sage_plants.png,orange14.png,green.png,Juno,flurp,group,1,0,47346,2026-07-12T19:34:39.785Z,Older,0.1618493810618089,1.0,1.0,-1.0,0,7.285420944558521,DOB
TT085_1783884283223,,isabella,7,A,B,A,yes2_boss,hmm1_close,close_boss,yes2_boss,boss,yes,individual,group,False,individual,group,Balls_Yes_2_b,Alex,balls,Quinn,flurp,Drew,zazzo,"Yes, Alex likes to bounce balls on their heads.","Yes, Wugs like to bounce balls on their heads.",alex.png,alex_ball.png,orange4.png,green11.png,Quinn,flurp,individual,2,0,23293,2026-07-12T19:36:33.178Z,Older,0.1618493810618089,-1.0,-1.0,-1.0,0,7.285420944558521,DOB
TT085_1783884283223,,isabella,7,A,B,A,yes2_boss,hmm1_close,close_boss,yes2_boss,boss,yes,individual,group,True,group,individual,Bugs_Yes_2_b,Rowan,bugs,Emery,flurp,Jules,zazzo,"Yes, Wugs like to play with bugs.","Yes, Rowan likes to play with bugs.",rowan.png,rowan_bugs.png,orange4.png,green9.png,Jules,zazzo,individual,2,0,15810,2026-07-12T19:37:39.985Z,Older,0.1618493810618089,-1.0,-1.0,-1.0,0,7.285420944558521,DOB
TT085_1783884283223,,isabella,7,A,B,A,yes2_boss,hmm1_close,close_boss,yes2_boss,boss,yes,individual,group,False,individual,group,Flowers_Yes_2_b,Riley,flowers,Ash,flurp,Charlie,zazzo,"Yes, Riley likes to eat flowers.","Yes, Wugs like to eat flowers.",riley.png,riley_flowers.png,orange11.png,green6.png,Ash,flurp,individual,2,0,12556,2026-07-12T19:38:09.864Z,Older,0.1618493810618089,-1.0,-1.0,-1.0,0,7.285420944558521,DOB
TT085_1783884283223,,isabella,7,A,B,A,yes2_boss,hmm1_close,close_boss,yes2_boss,boss,yes,individual,group,True,group,individual,Walls_Yes_2_b,Taylor,walls,Finley,flurp,Robin,zazzo,"Yes, Wugs like to climb tall buildings.","Yes, Taylor likes to climb tall buildings.",taylor.png,taylor_walls.png,orange15.png,green9.png,Finley,flurp,group,1,1,10985,2026-07-12T19:38:30.216Z,Older,0.1618493810618089,-1.0,-1.0,-1.0,1,7.285420944558521,DOB
TT085_1783884283223,,isabella,7,A,B,A,yes2_boss,hmm1_close,close_boss,yes2_boss,boss,yes,individual,group,False,individual,group,Night_Yes_2_b,Casey,night,River,flurp,Morgan,zazzo,"Yes, Casey likes to stay up in the middle of the night.","Yes, Wugs like to stay up in the middle of the night.",casey.png,casey_night.png,orange6.png,green1.png,Morgan,zazzo,group,1,1,27138,2026-07-12T19:39:32.779Z,Older,0.1618493810618089,-1.0,-1.0,-1.0,1,7.285420944558521,DOB
TT085_1783884283223,,isabella,7,A,B,A,yes2_boss,hmm1_close,close_boss,yes2_boss,boss,yes,individual,group,True,group,individual,Whisper_Yes_2_b,Jordan,whisper,Skyler,flurp,Reese,zazzo,"Yes, Wugs like to whisper when they talk.","Yes, Jordan likes to whisper when they talk.",jordan.png,jordan_whisper.png,orange7.png,green6.png,Skyler,flurp,group,1,1,10183,2026-07-12T19:40:01.089Z,Older,0.1618493810618089,-1.0,-1.0,-1.0,1,7.285420944558521,DOB
TT086_1782951050349,,Benjamin,8,A,B,A,hmm1_boss,yes2_close,boss_close,hmm1_boss,boss,hmm,group,individual,True,individual,group,Whisper_Hmm_1_b,Jordan,whisper,Skyler,flurp,Reese,zazzo,"Hmm, Jordan must like to whisper when they talk.","Hmm, Wugs must like to whisper when they talk.",jordan.png,jordan_whisper.png,orange13.png,green.png,Reese,zazzo,group,1,1,25716,2026-07-02T00:28:57.606Z,Older,1.1885434262363468,-1.0,1.0,-1.0,1,8.31211498973306,DOB
TT086_1782951050349,,Benjamin,8,A,B,A,hmm1_boss,yes2_close,boss_close,hmm1_boss,boss,hmm,group,individual,True,individual,group,Flowers_Hmm_1_b,Riley,flowers,Ash,flurp,Charlie,zazzo,"Hmm, Riley must like to eat flowers.","Hmm, Wugs must like to eat flowers.",riley.png,riley_flowers.png,orange6.png,green7.png,Ash,flurp,individual,2,0,18747,2026-07-02T00:29:46.823Z,Older,1.1885434262363468,-1.0,1.0,-1.0,0,8.31211498973306,DOB
TT086_1782951050349,,Benjamin,8,A,B,A,hmm1_boss,yes2_close,boss_close,hmm1_boss,boss,hmm,group,individual,False,group,individual,Bugs_Hmm_1_b,Rowan,bugs,Emery,flurp,Jules,zazzo,"Hmm, Wugs must like to play with bugs.","Hmm, Rowan must like to play with bugs.",rowan.png,rowan_bugs.png,orange15.png,green.png,Jules,zazzo,individual,2,0,17571,2026-07-02T00:30:37.371Z,Older,1.1885434262363468,-1.0,1.0,-1.0,0,8.31211498973306,DOB
TT086_1782951050349,,Benjamin,8,A,B,A,hmm1_boss,yes2_close,boss_close,hmm1_boss,boss,hmm,group,individual,True,individual,group,Night_Hmm_1_b,Casey,night,River,flurp,Morgan,zazzo,"Hmm, Casey must like to stay up in the middle of the night.","Hmm, Wugs must like to stay up in the middle of the night.",casey.png,casey_night.png,orange14.png,green11.png,River,flurp,individual,2,0,20982,2026-07-02T00:31:32.455Z,Older,1.1885434262363468,-1.0,1.0,-1.0,0,8.31211498973306,DOB
TT086_1782951050349,,Benjamin,8,A,B,A,hmm1_boss,yes2_close,boss_close,hmm1_boss,boss,hmm,group,individual,False,group,individual,Balls_Hmm_1_b,Alex,balls,Quinn,flurp,Drew,zazzo,"Hmm, Wugs must like to bounce balls on their heads.","Hmm, Alex must like to bounce balls on their heads.",alex.png,alex_ball.png,orange4.png,green6.png,Drew,zazzo,individual,2,0,18055,2026-07-02T00:32:23.858Z,Older,1.1885434262363468,-1.0,1.0,-1.0,0,8.31211498973306,DOB
TT086_1782951050349,,Benjamin,8,A,B,A,hmm1_boss,yes2_close,boss_close,hmm1_boss,boss,hmm,group,individual,False,group,individual,Walls_Hmm_1_b,Taylor,walls,Finley,flurp,Robin,zazzo,"Hmm, Wugs must like to climb tall buildings.","Hmm, Taylor must like to climb tall buildings.",taylor.png,taylor_walls.png,orange13.png,green7.png,Robin,zazzo,individual,2,0,24653,2026-07-02T00:33:18.635Z,Older,1.1885434262363468,-1.0,1.0,-1.0,0,8.31211498973306,DOB
TT086_1782951050349,,Benjamin,8,B,B,A,hmm1_boss,yes2_close,boss_close,yes2_close,close,yes,individual,group,True,group,individual,Backwards_Yes_2,Theo,backwards,Cleo,flurp,Moss,zazzo,"Yes, Wugs like to walk backwards.","Yes, Theo likes to walk backwards.",theo.png,theo_backwards.png,orange3.png,green12.png,Moss,zazzo,individual,2,1,16611,2026-07-02T00:34:47.285Z,Older,1.1885434262363468,1.0,-1.0,-1.0,1,8.31211498973306,DOB
TT086_1782951050349,,Benjamin,8,B,B,A,hmm1_boss,yes2_close,boss_close,yes2_close,close,yes,individual,group,False,individual,group,Plants_Yes_2,Sage,plants,Juno,flurp,Reed,zazzo,"Yes, Sage likes to talk to plants.","Yes, Wugs like to talk to plants.",sage.png,sage_plants.png,orange4.png,green7.png,Juno,flurp,individual,2,1,14046,2026-07-02T00:35:31.663Z,Older,1.1885434262363468,1.0,-1.0,-1.0,1,8.31211498973306,DOB
TT086_1782951050349,,Benjamin,8,B,B,A,hmm1_boss,yes2_close,boss_close,yes2_close,close,yes,individual,group,False,individual,group,Pinecones_Yes_2,Blake,pinecones,Zara,flurp,Bryn,zazzo,"Yes, Blake likes to pile up pinecones into a tall tower.","Yes, Wugs like to pile up pinecones into a tall tower.",blake.png,blake_pinecones.png,orange3.png,green6.png,Zara,flurp,individual,2,1,18339,2026-07-02T00:36:27.465Z,Older,1.1885434262363468,1.0,-1.0,-1.0,1,8.31211498973306,DOB
TT086_1782951050349,,Benjamin,8,B,B,A,hmm1_boss,yes2_close,boss_close,yes2_close,close,yes,individual,group,False,individual,group,Rocks_Yes_2,Sam,rocks,Nova,flurp,Finn,zazzo,"Yes, Sam likes to pick up rocks and put them in their pocket.","Yes, Wugs like to pick up rocks and put them in their pocket.",sam.png,sam_rocks.png,orange15.png,green11.png,Nova,flurp,individual,2,1,17680,2026-07-02T00:37:16.080Z,Older,1.1885434262363468,1.0,-1.0,-1.0,1,8.31211498973306,DOB
TT086_1782951050349,,Benjamin,8,B,B,A,hmm1_boss,yes2_close,boss_close,yes2_close,close,yes,individual,group,True,group,individual,Sniffing_Yes_2,Arlo,sniffing,Cora,flurp,Beau,zazzo,"Yes, Wugs like to sniff things before touching them.","Yes, Arlo likes to sniff things before touching them.",arlo.png,arlo_sniffing.png,orange15.png,green12.png,Beau,zazzo,individual,2,1,15783,2026-07-02T00:38:03.376Z,Older,1.1885434262363468,1.0,-1.0,-1.0,1,8.31211498973306,DOB
TT086_1782951050349,,Benjamin,8,B,B,A,hmm1_boss,yes2_close,boss_close,yes2_close,close,yes,individual,group,False,individual,group,Spinning_Yes_2,Wren,spinning,Lumi,flurp,Flint,zazzo,"Yes, Wren likes to spin around before sitting down.","Yes, Wugs like to spin around before sitting down.",wren.png,wren_spinning.png,orange7.png,green12.png,Lumi,flurp,individual,2,1,16029,2026-07-02T00:38:48.835Z,Older,1.1885434262363468,1.0,-1.0,-1.0,1,8.31211498973306,DOB
TT086_1784258348491,,sophie,8,A,B,A,yes2_boss,yes1_close,boss_close,yes2_boss,boss,yes,individual,group,False,individual,group,Whisper_Yes_2_b,Jordan,whisper,Skyler,flurp,Reese,zazzo,"Yes, Jordan likes to whisper when they talk.","Yes, Wugs like to whisper when they talk.",jordan.png,jordan_whisper.png,orange6.png,green1.png,Reese,zazzo,group,1,1,27288,2026-07-17T03:23:19.506Z,Older,1.1502135152164978,-1.0,-1.0,-1.0,1,8.27378507871321,DOB
TT086_1784258348491,,sophie,8,A,B,A,yes2_boss,yes1_close,boss_close,yes2_boss,boss,yes,individual,group,True,group,individual,Flowers_Yes_2_b,Riley,flowers,Ash,flurp,Charlie,zazzo,"Yes, Wugs like to eat flowers.","Yes, Riley likes to eat flowers.",riley.png,riley_flowers.png,orange4.png,green10.png,Charlie,zazzo,individual,2,0,29543,2026-07-17T03:24:16.874Z,Older,1.1502135152164978,-1.0,-1.0,-1.0,0,8.27378507871321,DOB
TT086_1784258348491,,sophie,8,A,B,A,yes2_boss,yes1_close,boss_close,yes2_boss,boss,yes,individual,group,False,individual,group,Bugs_Yes_2_b,Rowan,bugs,Emery,flurp,Jules,zazzo,"Yes, Rowan likes to play with bugs.","Yes, Wugs like to play with bugs.",rowan.png,rowan_bugs.png,orange10.png,green10.png,Emery,flurp,individual,2,0,15546,2026-07-17T03:24:55.843Z,Older,1.1502135152164978,-1.0,-1.0,-1.0,0,8.27378507871321,DOB
TT086_1784258348491,,sophie,8,A,B,A,yes2_boss,yes1_close,boss_close,yes2_boss,boss,yes,individual,group,False,individual,group,Balls_Yes_2_b,Alex,balls,Quinn,flurp,Drew,zazzo,"Yes, Alex likes to bounce balls on their heads.","Yes, Wugs like to bounce balls on their heads.",alex.png,alex_ball.png,orange7.png,green9.png,Quinn,flurp,individual,2,0,15137,2026-07-17T03:25:37.249Z,Older,1.1502135152164978,-1.0,-1.0,-1.0,0,8.27378507871321,DOB
TT086_1784258348491,,sophie,8,A,B,A,yes2_boss,yes1_close,boss_close,yes2_boss,boss,yes,individual,group,True,group,individual,Night_Yes_2_b,Casey,night,River,flurp,Morgan,zazzo,"Yes, Wugs like to stay up in the middle of the night.","Yes, Casey likes to stay up in the middle of the night.",casey.png,casey_night.png,orange9.png,green11.png,Morgan,zazzo,individual,2,0,13249,2026-07-17T03:26:24.249Z,Older,1.1502135152164978,-1.0,-1.0,-1.0,0,8.27378507871321,DOB
TT086_1784258348491,,sophie,8,A,B,A,yes2_boss,yes1_close,boss_close,yes2_boss,boss,yes,individual,group,False,individual,group,Walls_Yes_2_b,Taylor,walls,Finley,flurp,Robin,zazzo,"Yes, Taylor likes to climb tall buildings.","Yes, Wugs like to climb tall buildings.",taylor.png,taylor_walls.png,orange8.png,green11.png,Finley,flurp,individual,2,0,11335,2026-07-17T03:27:11.153Z,Older,1.1502135152164978,-1.0,-1.0,-1.0,0,8.27378507871321,DOB
TT086_1784258348491,,sophie,8,B,B,A,yes2_boss,yes1_close,boss_close,yes1_close,close,yes,group,individual,False,group,individual,Rocks_Yes_1,Sam,rocks,Nova,flurp,Finn,zazzo,"Yes, Wugs like to pick up rocks and put them in their pocket.","Yes, Sam likes to pick up rocks and put them in their pocket.",sam.png,sam_rocks.png,orange14.png,green2.png,Finn,zazzo,individual,2,1,15703,2026-07-17T03:28:31.551Z,Older,1.1502135152164978,1.0,-1.0,-1.0,1,8.27378507871321,DOB
TT086_1784258348491,,sophie,8,B,B,A,yes2_boss,yes1_close,boss_close,yes1_close,close,yes,group,individual,True,individual,group,Pinecones_Yes_1,Blake,pinecones,Zara,flurp,Bryn,zazzo,"Yes, Blake likes to pile up pinecones into a tall tower.","Yes, Wugs like to pile up pinecones into a tall tower.",blake.png,blake_pinecones.png,orange3.png,green.png,Zara,flurp,individual,2,1,14657,2026-07-17T03:29:13.113Z,Older,1.1502135152164978,1.0,-1.0,-1.0,1,8.27378507871321,DOB
TT086_1784258348491,,sophie,8,B,B,A,yes2_boss,yes1_close,boss_close,yes1_close,close,yes,group,individual,False,group,individual,Spinning_Yes_1,Wren,spinning,Lumi,flurp,Flint,zazzo,"Yes, Wugs like to spin around before sitting down.","Yes, Wren likes to spin around before sitting down.",wren.png,wren_spinning.png,orange11.png,green11.png,Flint,zazzo,individual,2,1,16352,2026-07-17T03:29:53.929Z,Older,1.1502135152164978,1.0,-1.0,-1.0,1,8.27378507871321,DOB
TT086_1784258348491,,sophie,8,B,B,A,yes2_boss,yes1_close,boss_close,yes1_close,close,yes,group,individual,True,individual,group,Plants_Yes_1,Sage,plants,Juno,flurp,Reed,zazzo,"Yes, Sage likes to talk to plants.","Yes, Wugs like to talk to plants.",sage.png,sage_plants.png,orange10.png,green9.png,Juno,flurp,individual,2,1,12976,2026-07-17T03:30:32.815Z,Older,1.1502135152164978,1.0,-1.0,-1.0,1,8.27378507871321,DOB
TT086_1784258348491,,sophie,8,B,B,A,yes2_boss,yes1_close,boss_close,yes1_close,close,yes,group,individual,True,individual,group,Backwards_Yes_1,Theo,backwards,Cleo,flurp,Moss,zazzo,"Yes, Theo likes to walk backwards.","Yes, Wugs like to walk backwards.",theo.png,theo_backwards.png,orange10.png,green12.png,Cleo,flurp,individual,2,1,14199,2026-07-17T03:31:20.287Z,Older,1.1502135152164978,1.0,-1.0,-1.0,1,8.27378507871321,DOB
TT086_1784258348491,,sophie,8,B,B,A,yes2_boss,yes1_close,boss_close,yes1_close,close,yes,group,individual,True,individual,group,Sniffing_Yes_1,Arlo,sniffing,Cora,flurp,Beau,zazzo,"Yes, Arlo likes to sniff things before touching them.","Yes, Wugs like to sniff things before touching them.",arlo.png,arlo_sniffing.png,orange10.png,green11.png,Cora,flurp,individual,2,1,15078,2026-07-17T03:32:00.688Z,Older,1.1502135152164978,1.0,-1.0,-1.0,1,8.27378507871321,DOB
TT086_1784989217839,,Jaycee,7,A,B,A,hmm2_boss,hmm1_close,boss_close,hmm2_boss,boss,hmm,individual,group,False,individual,group,Balls_Hmm_2_b,Alex,balls,Quinn,flurp,Drew,zazzo,"Hmm, Alex must like to bounce balls on their heads.","Hmm, Wugs must like to bounce balls on their heads.",alex.png,alex_ball.png,orange14.png,green.png,Quinn,flurp,individual,2,0,48518,2026-07-25T14:24:27.572Z,Older,0.00031618462101512534,-1.0,1.0,-1.0,0,7.123887748117728,DOB
TT086_1784989217839,,Jaycee,7,A,B,A,hmm2_boss,hmm1_close,boss_close,hmm2_boss,boss,hmm,individual,group,False,individual,group,Night_Hmm_2_b,Casey,night,River,flurp,Morgan,zazzo,"Hmm, Casey must like to stay up in the middle of the night.","Hmm, Wugs must like to stay up in the middle of the night.",casey.png,casey_night.png,orange8.png,green1.png,Morgan,zazzo,group,1,1,25851,2026-07-25T14:25:39.889Z,Older,0.00031618462101512534,-1.0,1.0,-1.0,1,7.123887748117728,DOB
TT086_1784989217839,,Jaycee,7,A,B,A,hmm2_boss,hmm1_close,boss_close,hmm2_boss,boss,hmm,individual,group,False,individual,group,Whisper_Hmm_2_b,Jordan,whisper,Skyler,flurp,Reese,zazzo,"Hmm, Jordan must like to whisper when they talk.","Hmm, Wugs must like to whisper when they talk.",jordan.png,jordan_whisper.png,orange10.png,green7.png,Reese,zazzo,group,1,1,23299,2026-07-25T14:26:45.603Z,Older,0.00031618462101512534,-1.0,1.0,-1.0,1,7.123887748117728,DOB
TT086_1784989217839,,Jaycee,7,A,B,A,hmm2_boss,hmm1_close,boss_close,hmm2_boss,boss,hmm,individual,group,True,group,individual,Bugs_Hmm_2_b,Rowan,bugs,Emery,flurp,Jules,zazzo,"Hmm, Wugs must like to play with bugs.","Hmm, Rowan must like to play with bugs.",rowan.png,rowan_bugs.png,orange2.png,green7.png,Jules,zazzo,individual,2,0,41017,2026-07-25T14:27:58.471Z,Older,0.00031618462101512534,-1.0,1.0,-1.0,0,7.123887748117728,DOB
TT086_1784989217839,,Jaycee,7,A,B,A,hmm2_boss,hmm1_close,boss_close,hmm2_boss,boss,hmm,individual,group,False,individual,group,Flowers_Hmm_2_b,Riley,flowers,Ash,flurp,Charlie,zazzo,"Hmm, Riley must like to eat flowers.","Hmm, Wugs must like to eat flowers.",riley.png,riley_flowers.png,orange11.png,green11.png,Ash,flurp,individual,2,0,20850,2026-07-25T14:28:58.721Z,Older,0.00031618462101512534,-1.0,1.0,-1.0,0,7.123887748117728,DOB
TT086_1784989217839,,Jaycee,7,A,B,A,hmm2_boss,hmm1_close,boss_close,hmm2_boss,boss,hmm,individual,group,True,group,individual,Walls_Hmm_2_b,Taylor,walls,Finley,flurp,Robin,zazzo,"Hmm, Wugs must like to climb tall buildings.","Hmm, Taylor must like to climb tall buildings.",taylor.png,taylor_walls.png,orange9.png,green1.png,Robin,zazzo,individual,2,0,21516,2026-07-25T14:29:53.504Z,Older,0.00031618462101512534,-1.0,1.0,-1.0,0,7.123887748117728,DOB
TT086_1784989217839,,Jaycee,7,B,B,A,hmm2_boss,hmm1_close,boss_close,hmm1_close,close,hmm,group,individual,False,group,individual,Sniffing_Hmm_1,Arlo,sniffing,Cora,flurp,Beau,zazzo,"Hmm, Wugs must like to sniff things before touching them.","Hmm, Arlo must like to sniff things before touching them.",arlo.png,arlo_sniffing.png,orange6.png,green10.png,Beau,zazzo,individual,2,1,16317,2026-07-25T14:31:38.321Z,Older,0.00031618462101512534,1.0,1.0,-1.0,1,7.123887748117728,DOB
TT086_1784989217839,,Jaycee,7,B,B,A,hmm2_boss,hmm1_close,boss_close,hmm1_close,close,hmm,group,individual,False,group,individual,Rocks_Hmm_1,Sam,rocks,Nova,flurp,Finn,zazzo,"Hmm, Wugs must like to pick up rocks and put them in their pocket.","Hmm, Sam must like to pick up rocks and put them in their pocket.",sam.png,sam_rocks.png,orange13.png,green1.png,Finn,zazzo,individual,2,1,18616,2026-07-25T14:32:47.788Z,Older,0.00031618462101512534,1.0,1.0,-1.0,1,7.123887748117728,DOB
TT086_1784989217839,,Jaycee,7,B,B,A,hmm2_boss,hmm1_close,boss_close,hmm1_close,close,hmm,group,individual,True,individual,group,Pinecones_Hmm_1,Blake,pinecones,Zara,flurp,Bryn,zazzo,"Hmm, Blake must like to pile up pinecones into a tall tower.","Hmm, Wugs must like to pile up pinecones into a tall tower.",blake.png,blake_pinecones.png,orange15.png,green9.png,Zara,flurp,individual,2,1,17950,2026-07-25T14:33:52.071Z,Older,0.00031618462101512534,1.0,1.0,-1.0,1,7.123887748117728,DOB
TT086_1784989217839,,Jaycee,7,B,B,A,hmm2_boss,hmm1_close,boss_close,hmm1_close,close,hmm,group,individual,True,individual,group,Plants_Hmm_1,Sage,plants,Juno,flurp,Reed,zazzo,"Hmm, Sage must like to talk to plants.","Hmm, Wugs must like to talk to plants.",sage.png,sage_plants.png,orange4.png,green7.png,Juno,flurp,individual,2,1,24600,2026-07-25T14:34:49.754Z,Older,0.00031618462101512534,1.0,1.0,-1.0,1,7.123887748117728,DOB
TT086_1784989217839,,Jaycee,7,B,B,A,hmm2_boss,hmm1_close,boss_close,hmm1_close,close,hmm,group,individual,True,individual,group,Backwards_Hmm_1,Theo,backwards,Cleo,flurp,Moss,zazzo,"Hmm, Theo must like to walk backwards.","Hmm, Wugs must like to walk backwards.",theo.png,theo_backwards.png,orange11.png,green.png,Cleo,flurp,individual,2,1,17116,2026-07-25T14:35:37.604Z,Older,0.00031618462101512534,1.0,1.0,-1.0,1,7.123887748117728,DOB
TT086_1784989217839,,Jaycee,7,B,B,A,hmm2_boss,hmm1_close,boss_close,hmm1_close,close,hmm,group,individual,True,individual,group,Spinning_Hmm_1,Wren,spinning,Lumi,flurp,Flint,zazzo,"Hmm, Wren must like to spin around before sitting down.","Hmm, Wugs must like to spin around before sitting down.",wren.png,wren_spinning.png,orange2.png,green7.png,Lumi,flurp,individual,2,1,16766,2026-07-25T14:36:16.937Z,Older,0.00031618462101512534,1.0,1.0,-1.0,1,7.123887748117728,DOB
TT087_1782243522990,,Luke,6,B,A,B,yes2_boss,yes1_close,boss_close,yes2_boss,boss,yes,individual,group,False,individual,group,Sniffing_Yes_2_b,Arlo,sniffing,Cora,flurp,Beau,zazzo,"Yes, Arlo likes to sniff things before touching them.","Yes, Wugs like to sniff things before touching them.",arlo.png,arlo_sniffing.png,orange9.png,green11.png,Cora,flurp,individual,2,0,15991,2026-06-23T19:43:01.314Z,Younger,-0.3994100303002721,-1.0,-1.0,1.0,0,6.72416153319644,DOB
TT087_1782243522990,,Luke,6,B,A,B,yes2_boss,yes1_close,boss_close,yes2_boss,boss,yes,individual,group,False,individual,group,Backwards_Yes_2_b,Theo,backwards,Cleo,flurp,Moss,zazzo,"Yes, Theo likes to walk backwards.","Yes, Wugs like to walk backwards.",theo.png,theo_backwards.png,orange6.png,green11.png,Cleo,flurp,individual,2,0,11919,2026-06-23T19:43:47.598Z,Younger,-0.3994100303002721,-1.0,-1.0,1.0,0,6.72416153319644,DOB
TT087_1782243522990,,Luke,6,B,A,B,yes2_boss,yes1_close,boss_close,yes2_boss,boss,yes,individual,group,False,individual,group,Pinecones_Yes_2_b,Blake,pinecones,Zara,flurp,Bryn,zazzo,"Yes, Blake likes to pile up pinecones into a tall tower.","Yes, Wugs like to pile up pinecones into a tall tower.",blake.png,blake_pinecones.png,orange10.png,green9.png,Zara,flurp,individual,2,0,12011,2026-06-23T19:44:38.490Z,Younger,-0.3994100303002721,-1.0,-1.0,1.0,0,6.72416153319644,DOB
TT087_1782243522990,,Luke,6,B,A,B,yes2_boss,yes1_close,boss_close,yes2_boss,boss,yes,individual,group,True,group,individual,Spinning_Yes_2_b,Wren,spinning,Lumi,flurp,Flint,zazzo,"Yes, Wugs like to spin around before sitting down.","Yes, Wren likes to spin around before sitting down.",wren.png,wren_spinning.png,orange15.png,green11.png,Flint,zazzo,individual,2,0,10760,2026-06-23T19:45:11.607Z,Younger,-0.3994100303002721,-1.0,-1.0,1.0,0,6.72416153319644,DOB
TT087_1782243522990,,Luke,6,B,A,B,yes2_boss,yes1_close,boss_close,yes2_boss,boss,yes,individual,group,True,group,individual,Rocks_Yes_2_b,Sam,rocks,Nova,flurp,Finn,zazzo,"Yes, Wugs like to pick up rocks and put them in their pocket.","Yes, Sam likes to pick up rocks and put them in their pocket.",sam.png,sam_rocks.png,orange7.png,green10.png,Finn,zazzo,individual,2,0,16221,2026-06-23T19:45:45.290Z,Younger,-0.3994100303002721,-1.0,-1.0,1.0,0,6.72416153319644,DOB
TT087_1782243522990,,Luke,6,B,A,B,yes2_boss,yes1_close,boss_close,yes2_boss,boss,yes,individual,group,True,group,individual,Plants_Yes_2_b,Sage,plants,Juno,flurp,Reed,zazzo,"Yes, Wugs like to talk to plants.","Yes, Sage likes to talk to plants.",sage.png,sage_plants.png,orange10.png,green12.png,Reed,zazzo,individual,2,0,8513,2026-06-23T19:46:01.780Z,Younger,-0.3994100303002721,-1.0,-1.0,1.0,0,6.72416153319644,DOB
TT087_1782243522990,,Luke,6,A,A,B,yes2_boss,yes1_close,boss_close,yes1_close,close,yes,group,individual,False,group,individual,Night_Yes_1,Casey,night,River,flurp,Morgan,zazzo,"Yes, Wugs like to stay up in the middle of the night.","Yes, Casey likes to stay up in the middle of the night.",casey.png,casey_night.png,orange10.png,green6.png,Morgan,zazzo,individual,2,1,11840,2026-06-23T19:47:02.718Z,Younger,-0.3994100303002721,1.0,-1.0,1.0,1,6.72416153319644,DOB
TT087_1782243522990,,Luke,6,A,A,B,yes2_boss,yes1_close,boss_close,yes1_close,close,yes,group,individual,False,group,individual,Balls_Yes_1,Alex,balls,Quinn,flurp,Drew,zazzo,"Yes, Wugs like to bounce balls on their heads.","Yes, Alex likes to bounce balls on their heads.",alex.png,alex_ball.png,orange13.png,green6.png,Drew,zazzo,individual,2,1,29213,2026-06-23T19:48:12.878Z,Younger,-0.3994100303002721,1.0,-1.0,1.0,1,6.72416153319644,DOB
TT087_1782243522990,,Luke,6,A,A,B,yes2_boss,yes1_close,boss_close,yes1_close,close,yes,group,individual,False,group,individual,Whisper_Yes_1,Jordan,whisper,Skyler,flurp,Reese,zazzo,"Yes, Wugs like to whisper when they talk.","Yes, Jordan likes to whisper when they talk.",jordan.png,jordan_whisper.png,orange15.png,green9.png,Reese,zazzo,individual,2,1,9815,2026-06-23T19:48:58.454Z,Younger,-0.3994100303002721,1.0,-1.0,1.0,1,6.72416153319644,DOB
TT087_1782243522990,,Luke,6,A,A,B,yes2_boss,yes1_close,boss_close,yes1_close,close,yes,group,individual,False,group,individual,Flowers_Yes_1,Riley,flowers,Ash,flurp,Charlie,zazzo,"Yes, Wugs like to eat flowers.","Yes, Riley likes to eat flowers.",riley.png,riley_flowers.png,orange11.png,green11.png,Charlie,zazzo,individual,2,1,18351,2026-06-23T19:49:36.115Z,Younger,-0.3994100303002721,1.0,-1.0,1.0,1,6.72416153319644,DOB
TT087_1782243522990,,Luke,6,A,A,B,yes2_boss,yes1_close,boss_close,yes1_close,close,yes,group,individual,True,individual,group,Climb_Yes_1,Taylor,walls,Finley,flurp,Robin,zazzo,"Yes, Taylor likes to climb tall buildings.","Yes, Wugs like to climb tall buildings.",taylor.png,taylor_walls.png,orange15.png,green2.png,Finley,flurp,individual,2,1,12455,2026-06-23T19:50:05.859Z,Younger,-0.3994100303002721,1.0,-1.0,1.0,1,6.72416153319644,DOB
TT087_1782243522990,,Luke,6,A,A,B,yes2_boss,yes1_close,boss_close,yes1_close,close,yes,group,individual,True,individual,group,Bugs_Yes_1,Rowan,bugs,Emery,flurp,Jules,zazzo,"Yes, Rowan likes to play with bugs.","Yes, Wugs like to play with bugs.",rowan.png,rowan_bugs.png,orange6.png,green2.png,Emery,flurp,individual,2,1,15916,2026-06-23T19:50:31.939Z,Younger,-0.3994100303002721,1.0,-1.0,1.0,1,6.72416153319644,DOB
TT088_1782352905990,,Everett,5,B,A,B,yes2_boss,yes2_close,boss_close,yes2_boss,boss,yes,individual,group,True,group,individual,Pinecones_Yes_2_b,Blake,pinecones,Zara,flurp,Bryn,zazzo,"Yes, Wugs like to pile up pinecones into a tall tower.","Yes, Blake likes to pile up pinecones into a tall tower.",blake.png,blake_pinecones.png,orange2.png,green11.png,Bryn,zazzo,individual,2,0,27962,2026-06-25T02:06:26.463Z,Younger,-2.080450413599382,-1.0,-1.0,1.0,0,5.04312114989733,DOB
TT088_1782352905990,,Everett,5,B,A,B,yes2_boss,yes2_close,boss_close,yes2_boss,boss,yes,individual,group,False,individual,group,Plants_Yes_2_b,Sage,plants,Juno,flurp,Reed,zazzo,"Yes, Sage likes to talk to plants.","Yes, Wugs like to talk to plants.",sage.png,sage_plants.png,orange11.png,green11.png,Juno,flurp,individual,2,0,21695,2026-06-25T02:07:13.536Z,Younger,-2.080450413599382,-1.0,-1.0,1.0,0,5.04312114989733,DOB
TT088_1782352905990,,Everett,5,B,A,B,yes2_boss,yes2_close,boss_close,yes2_boss,boss,yes,individual,group,True,group,individual,Sniffing_Yes_2_b,Arlo,sniffing,Cora,flurp,Beau,zazzo,"Yes, Wugs like to sniff things before touching them.","Yes, Arlo likes to sniff things before touching them.",arlo.png,arlo_sniffing.png,orange7.png,green11.png,Cora,flurp,group,1,1,24262,2026-06-25T02:08:06.342Z,Younger,-2.080450413599382,-1.0,-1.0,1.0,1,5.04312114989733,DOB
TT088_1782352905990,,Everett,5,B,A,B,yes2_boss,yes2_close,boss_close,yes2_boss,boss,yes,individual,group,False,individual,group,Rocks_Yes_2_b,Sam,rocks,Nova,flurp,Finn,zazzo,"Yes, Sam likes to pick up rocks and put them in their pocket.","Yes, Wugs like to pick up rocks and put them in their pocket.",sam.png,sam_rocks.png,orange11.png,green11.png,Finn,zazzo,group,1,1,16692,2026-06-25T02:08:48.597Z,Younger,-2.080450413599382,-1.0,-1.0,1.0,1,5.04312114989733,DOB
TT088_1782352905990,,Everett,5,B,A,B,yes2_boss,yes2_close,boss_close,yes2_boss,boss,yes,individual,group,True,group,individual,Backwards_Yes_2_b,Theo,backwards,Cleo,flurp,Moss,zazzo,"Yes, Wugs like to walk backwards.","Yes, Theo likes to walk backwards.",theo.png,theo_backwards.png,orange14.png,green11.png,Moss,zazzo,individual,2,0,15743,2026-06-25T02:09:34.664Z,Younger,-2.080450413599382,-1.0,-1.0,1.0,0,5.04312114989733,DOB
TT088_1782352905990,,Everett,5,B,A,B,yes2_boss,yes2_close,boss_close,yes2_boss,boss,yes,individual,group,False,individual,group,Spinning_Yes_2_b,Wren,spinning,Lumi,flurp,Flint,zazzo,"Yes, Wren likes to spin around before sitting down.","Yes, Wugs like to spin around before sitting down.",wren.png,wren_spinning.png,orange11.png,green9.png,Lumi,flurp,individual,2,0,14874,2026-06-25T02:10:16.109Z,Younger,-2.080450413599382,-1.0,-1.0,1.0,0,5.04312114989733,DOB
TT088_1782352905990,,Everett,5,A,A,B,yes2_boss,yes2_close,boss_close,yes2_close,close,yes,individual,group,False,individual,group,Flowers_Yes_2,Riley,flowers,Ash,flurp,Charlie,zazzo,"Yes, Riley likes to eat flowers.","Yes, Wugs like to eat flowers.",riley.png,riley_flowers.png,orange10.png,green6.png,Ash,flurp,individual,2,1,16864,2026-06-25T02:11:33.102Z,Younger,-2.080450413599382,1.0,-1.0,1.0,1,5.04312114989733,DOB
TT088_1782352905990,,Everett,5,A,A,B,yes2_boss,yes2_close,boss_close,yes2_close,close,yes,individual,group,False,individual,group,Whisper_Yes_2,Jordan,whisper,Skyler,flurp,Reese,zazzo,"Yes, Jordan likes to whisper when they talk.","Yes, Wugs like to whisper when they talk.",jordan.png,jordan_whisper.png,orange6.png,green2.png,Reese,zazzo,group,1,0,14683,2026-06-25T02:12:13.082Z,Younger,-2.080450413599382,1.0,-1.0,1.0,0,5.04312114989733,DOB
TT088_1782352905990,,Everett,5,A,A,B,yes2_boss,yes2_close,boss_close,yes2_close,close,yes,individual,group,False,individual,group,Night_Yes_2,Casey,night,River,flurp,Morgan,zazzo,"Yes, Casey likes to stay up in the middle of the night.","Yes, Wugs like to stay up in the middle of the night.",casey.png,casey_night.png,orange3.png,green.png,River,flurp,individual,2,1,21206,2026-06-25T02:13:04.611Z,Younger,-2.080450413599382,1.0,-1.0,1.0,1,5.04312114989733,DOB
TT088_1782352905990,,Everett,5,A,A,B,yes2_boss,yes2_close,boss_close,yes2_close,close,yes,individual,group,False,individual,group,Bugs_Yes_2,Rowan,bugs,Emery,flurp,Jules,zazzo,"Yes, Rowan likes to play with bugs.","Yes, Wugs like to play with bugs.",rowan.png,rowan_bugs.png,orange11.png,green7.png,Jules,zazzo,group,1,0,15207,2026-06-25T02:13:45.810Z,Younger,-2.080450413599382,1.0,-1.0,1.0,0,5.04312114989733,DOB
TT088_1782352905990,,Everett,5,A,A,B,yes2_boss,yes2_close,boss_close,yes2_close,close,yes,individual,group,True,group,individual,Ball_Yes_2,Alex,balls,Quinn,flurp,Drew,zazzo,"Yes, Wugs like to bounce balls on their heads.","Yes, Alex likes to bounce balls on their heads.",alex.png,alex_ball.png,orange6.png,green10.png,Drew,zazzo,individual,2,1,13271,2026-06-25T02:14:27.347Z,Younger,-2.080450413599382,1.0,-1.0,1.0,1,5.04312114989733,DOB
TT088_1782352905990,,Everett,5,A,A,B,yes2_boss,yes2_close,boss_close,yes2_close,close,yes,individual,group,False,individual,group,Climb_Yes_2,Taylor,walls,Finley,flurp,Robin,zazzo,"Yes, Taylor likes to climb tall buildings.","Yes, Wugs like to climb tall buildings.",taylor.png,taylor_walls.png,orange13.png,green10.png,Finley,flurp,individual,2,1,13753,2026-06-25T02:15:07.371Z,Younger,-2.080450413599382,1.0,-1.0,1.0,1,5.04312114989733,DOB
TT088_1783353983337,,Sam,6,B,B,A,yes2_boss,yes1_close,close_boss,yes1_close,close,yes,group,individual,True,individual,group,Rocks_Yes_1,Sam,rocks,Nova,flurp,Finn,zazzo,"Yes, Sam likes to pick up rocks and put them in their pocket.","Yes, Wugs like to pick up rocks and put them in their pocket.",sam.png,sam_rocks.png,orange8.png,green.png,Finn,zazzo,group,1,0,22899,2026-07-06T16:10:11.558Z,Younger,-0.6814086613748778,1.0,-1.0,1.0,0,6.442162902121835,DOB
TT088_1783353983337,,Sam,6,B,B,A,yes2_boss,yes1_close,close_boss,yes1_close,close,yes,group,individual,False,group,individual,Sniffing_Yes_1,Arlo,sniffing,Cora,flurp,Beau,zazzo,"Yes, Wugs like to sniff things before touching them.","Yes, Arlo likes to sniff things before touching them.",arlo.png,arlo_sniffing.png,orange10.png,green7.png,Cora,flurp,group,1,0,16959,2026-07-06T16:10:57.424Z,Younger,-0.6814086613748778,1.0,-1.0,1.0,0,6.442162902121835,DOB
TT088_1783353983337,,Sam,6,B,B,A,yes2_boss,yes1_close,close_boss,yes1_close,close,yes,group,individual,False,group,individual,Plants_Yes_1,Sage,plants,Juno,flurp,Reed,zazzo,"Yes, Wugs like to talk to plants.","Yes, Sage likes to talk to plants.",sage.png,sage_plants.png,orange15.png,green6.png,Reed,zazzo,individual,2,1,14608,2026-07-06T16:11:48.745Z,Younger,-0.6814086613748778,1.0,-1.0,1.0,1,6.442162902121835,DOB
TT088_1783353983337,,Sam,6,B,B,A,yes2_boss,yes1_close,close_boss,yes1_close,close,yes,group,individual,False,group,individual,Spinning_Yes_1,Wren,spinning,Lumi,flurp,Flint,zazzo,"Yes, Wugs like to spin around before sitting down.","Yes, Wren likes to spin around before sitting down.",wren.png,wren_spinning.png,orange4.png,green7.png,Lumi,flurp,group,1,0,18171,2026-07-06T16:12:36.854Z,Younger,-0.6814086613748778,1.0,-1.0,1.0,0,6.442162902121835,DOB
TT088_1783353983337,,Sam,6,B,B,A,yes2_boss,yes1_close,close_boss,yes1_close,close,yes,group,individual,False,group,individual,Backwards_Yes_1,Theo,backwards,Cleo,flurp,Moss,zazzo,"Yes, Wugs like to walk backwards.","Yes, Theo likes to walk backwards.",theo.png,theo_backwards.png,orange10.png,green.png,Moss,zazzo,individual,2,1,13374,2026-07-06T16:13:30.316Z,Younger,-0.6814086613748778,1.0,-1.0,1.0,1,6.442162902121835,DOB
TT088_1783353983337,,Sam,6,B,B,A,yes2_boss,yes1_close,close_boss,yes1_close,close,yes,group,individual,True,individual,group,Pinecones_Yes_1,Blake,pinecones,Zara,flurp,Bryn,zazzo,"Yes, Blake likes to pile up pinecones into a tall tower.","Yes, Wugs like to pile up pinecones into a tall tower.",blake.png,blake_pinecones.png,orange3.png,green6.png,Zara,flurp,individual,2,1,16104,2026-07-06T16:14:25.773Z,Younger,-0.6814086613748778,1.0,-1.0,1.0,1,6.442162902121835,DOB
TT088_1783353983337,,Sam,6,A,B,A,yes2_boss,yes1_close,close_boss,yes2_boss,boss,yes,individual,group,False,individual,group,Flowers_Yes_2_b,Riley,flowers,Ash,flurp,Charlie,zazzo,"Yes, Riley likes to eat flowers.","Yes, Wugs like to eat flowers.",riley.png,riley_flowers.png,orange6.png,green2.png,Charlie,zazzo,group,1,1,21645,2026-07-06T16:16:03.037Z,Younger,-0.6814086613748778,-1.0,-1.0,1.0,1,6.442162902121835,DOB
TT088_1783353983337,,Sam,6,A,B,A,yes2_boss,yes1_close,close_boss,yes2_boss,boss,yes,individual,group,True,group,individual,Balls_Yes_2_b,Alex,balls,Quinn,flurp,Drew,zazzo,"Yes, Wugs like to bounce balls on their heads.","Yes, Alex likes to bounce balls on their heads.",alex.png,alex_ball.png,orange4.png,green6.png,Drew,zazzo,individual,2,0,12219,2026-07-06T16:16:44.105Z,Younger,-0.6814086613748778,-1.0,-1.0,1.0,0,6.442162902121835,DOB
TT088_1783353983337,,Sam,6,A,B,A,yes2_boss,yes1_close,close_boss,yes2_boss,boss,yes,individual,group,True,group,individual,Night_Yes_2_b,Casey,night,River,flurp,Morgan,zazzo,"Yes, Wugs like to stay up in the middle of the night.","Yes, Casey likes to stay up in the middle of the night.",casey.png,casey_night.png,orange3.png,green7.png,Morgan,zazzo,individual,2,0,15892,2026-07-06T16:17:12.329Z,Younger,-0.6814086613748778,-1.0,-1.0,1.0,0,6.442162902121835,DOB
TT088_1783353983337,,Sam,6,A,B,A,yes2_boss,yes1_close,close_boss,yes2_boss,boss,yes,individual,group,False,individual,group,Whisper_Yes_2_b,Jordan,whisper,Skyler,flurp,Reese,zazzo,"Yes, Jordan likes to whisper when they talk.","Yes, Wugs like to whisper when they talk.",jordan.png,jordan_whisper.png,orange11.png,green11.png,Reese,zazzo,group,1,1,15190,2026-07-06T16:17:50.566Z,Younger,-0.6814086613748778,-1.0,-1.0,1.0,1,6.442162902121835,DOB
TT088_1783353983337,,Sam,6,A,B,A,yes2_boss,yes1_close,close_boss,yes2_boss,boss,yes,individual,group,False,individual,group,Walls_Yes_2_b,Taylor,walls,Finley,flurp,Robin,zazzo,"Yes, Taylor likes to climb tall buildings.","Yes, Wugs like to climb tall buildings.",taylor.png,taylor_walls.png,orange10.png,green.png,Robin,zazzo,group,1,1,12674,2026-07-06T16:18:14.109Z,Younger,-0.6814086613748778,-1.0,-1.0,1.0,1,6.442162902121835,DOB
TT088_1783353983337,,Sam,6,A,B,A,yes2_boss,yes1_close,close_boss,yes2_boss,boss,yes,individual,group,False,individual,group,Bugs_Yes_2_b,Rowan,bugs,Emery,flurp,Jules,zazzo,"Yes, Rowan likes to play with bugs.","Yes, Wugs like to play with bugs.",rowan.png,rowan_bugs.png,orange14.png,green.png,Jules,zazzo,group,1,1,11144,2026-07-06T16:18:34.595Z,Younger,-0.6814086613748778,-1.0,-1.0,1.0,1,6.442162902121835,DOB
TT088_1784141255125,,Hendrix,7,B,A,B,yes1_boss,yes1_close,boss_close,yes1_boss,boss,yes,group,individual,False,group,individual,Plants_Yes_1_b,Sage,plants,Juno,flurp,Reed,zazzo,"Yes, Wugs like to talk to plants.","Yes, Sage likes to talk to plants.",sage.png,sage_plants.png,orange3.png,green12.png,Reed,zazzo,individual,2,0,28272,2026-07-15T18:50:47.772Z,Older,0.5752648499187565,-1.0,-1.0,-1.0,0,7.698836413415469,DOB
TT088_1784141255125,,Hendrix,7,B,A,B,yes1_boss,yes1_close,boss_close,yes1_boss,boss,yes,group,individual,False,group,individual,Sniffing_Yes_1_b,Arlo,sniffing,Cora,flurp,Beau,zazzo,"Yes, Wugs like to sniff things before touching them.","Yes, Arlo likes to sniff things before touching them.",arlo.png,arlo_sniffing.png,orange6.png,green9.png,Cora,flurp,group,1,1,13229,2026-07-15T18:51:28.400Z,Older,0.5752648499187565,-1.0,-1.0,-1.0,1,7.698836413415469,DOB
TT088_1784141255125,,Hendrix,7,B,A,B,yes1_boss,yes1_close,boss_close,yes1_boss,boss,yes,group,individual,True,individual,group,Spinning_Yes_1_b,Wren,spinning,Lumi,flurp,Flint,zazzo,"Yes, Wren likes to spin around before sitting down.","Yes, Wugs like to spin around before sitting down.",wren.png,wren_spinning.png,orange11.png,green12.png,Lumi,flurp,individual,2,0,14255,2026-07-15T18:52:00.296Z,Older,0.5752648499187565,-1.0,-1.0,-1.0,0,7.698836413415469,DOB
TT088_1784141255125,,Hendrix,7,B,A,B,yes1_boss,yes1_close,boss_close,yes1_boss,boss,yes,group,individual,True,individual,group,Backwards_Yes_1_b,Theo,backwards,Cleo,flurp,Moss,zazzo,"Yes, Theo likes to walk backwards.","Yes, Wugs like to walk backwards.",theo.png,theo_backwards.png,orange7.png,green2.png,Cleo,flurp,individual,2,0,11833,2026-07-15T18:52:19.104Z,Older,0.5752648499187565,-1.0,-1.0,-1.0,0,7.698836413415469,DOB
TT088_1784141255125,,Hendrix,7,B,A,B,yes1_boss,yes1_close,boss_close,yes1_boss,boss,yes,group,individual,True,individual,group,Rocks_Yes_1_b,Sam,rocks,Nova,flurp,Finn,zazzo,"Yes, Sam likes to pick up rocks and put them in their pocket.","Yes, Wugs like to pick up rocks and put them in their pocket.",sam.png,sam_rocks.png,orange6.png,green7.png,Finn,zazzo,group,1,1,17802,2026-07-15T18:52:50.672Z,Older,0.5752648499187565,-1.0,-1.0,-1.0,1,7.698836413415469,DOB
TT088_1784141255125,,Hendrix,7,B,A,B,yes1_boss,yes1_close,boss_close,yes1_boss,boss,yes,group,individual,False,group,individual,Pinecones_Yes_1_b,Blake,pinecones,Zara,flurp,Bryn,zazzo,"Yes, Wugs like to pile up pinecones into a tall tower.","Yes, Blake likes to pile up pinecones into a tall tower.",blake.png,blake_pinecones.png,orange10.png,green6.png,Zara,flurp,group,1,1,13941,2026-07-15T18:53:14.632Z,Older,0.5752648499187565,-1.0,-1.0,-1.0,1,7.698836413415469,DOB
TT088_1784141255125,,Hendrix,7,A,A,B,yes1_boss,yes1_close,boss_close,yes1_close,close,yes,group,individual,False,group,individual,Balls_Yes_1,Alex,balls,Quinn,flurp,Drew,zazzo,"Yes, Wugs like to bounce balls on their heads.","Yes, Alex likes to bounce balls on their heads.",alex.png,alex_ball.png,orange15.png,green6.png,Drew,zazzo,individual,2,1,17217,2026-07-15T18:54:08.772Z,Older,0.5752648499187565,1.0,-1.0,-1.0,1,7.698836413415469,DOB
TT088_1784141255125,,Hendrix,7,A,A,B,yes1_boss,yes1_close,boss_close,yes1_close,close,yes,group,individual,True,individual,group,Whisper_Yes_1,Jordan,whisper,Skyler,flurp,Reese,zazzo,"Yes, Jordan likes to whisper when they talk.","Yes, Wugs like to whisper when they talk.",jordan.png,jordan_whisper.png,orange3.png,green6.png,Reese,zazzo,group,1,0,10522,2026-07-15T18:54:31.087Z,Older,0.5752648499187565,1.0,-1.0,-1.0,0,7.698836413415469,DOB
TT088_1784141255125,,Hendrix,7,A,A,B,yes1_boss,yes1_close,boss_close,yes1_close,close,yes,group,individual,False,group,individual,Flowers_Yes_1,Riley,flowers,Ash,flurp,Charlie,zazzo,"Yes, Wugs like to eat flowers.","Yes, Riley likes to eat flowers.",riley.png,riley_flowers.png,orange7.png,green10.png,Ash,flurp,group,1,0,9003,2026-07-15T18:54:49.849Z,Older,0.5752648499187565,1.0,-1.0,-1.0,0,7.698836413415469,DOB
TT088_1784141255125,,Hendrix,7,A,A,B,yes1_boss,yes1_close,boss_close,yes1_close,close,yes,group,individual,False,group,individual,Bugs_Yes_1,Rowan,bugs,Emery,flurp,Jules,zazzo,"Yes, Wugs like to play with bugs.","Yes, Rowan likes to play with bugs.",rowan.png,rowan_bugs.png,orange4.png,green11.png,Jules,zazzo,individual,2,1,10491,2026-07-15T18:55:06.947Z,Older,0.5752648499187565,1.0,-1.0,-1.0,1,7.698836413415469,DOB
TT088_1784141255125,,Hendrix,7,A,A,B,yes1_boss,yes1_close,boss_close,yes1_close,close,yes,group,individual,False,group,individual,Climb_Yes_1,Taylor,walls,Finley,flurp,Robin,zazzo,"Yes, Wugs like to climb tall buildings.","Yes, Taylor likes to climb tall buildings.",taylor.png,taylor_walls.png,orange6.png,green10.png,Robin,zazzo,individual,2,1,11297,2026-07-15T18:55:29.580Z,Older,0.5752648499187565,1.0,-1.0,-1.0,1,7.698836413415469,DOB
TT088_1784141255125,,Hendrix,7,A,A,B,yes1_boss,yes1_close,boss_close,yes1_close,close,yes,group,individual,False,group,individual,Night_Yes_1,Casey,night,River,flurp,Morgan,zazzo,"Yes, Wugs like to stay up in the middle of the night.","Yes, Casey likes to stay up in the middle of the night.",casey.png,casey_night.png,orange2.png,green7.png,Morgan,zazzo,individual,2,1,20263,2026-07-15T18:56:00.596Z,Older,0.5752648499187565,1.0,-1.0,-1.0,1,7.698836413415469,DOB
TT089_1782853535882,,Daniel,8,A,A,B,yes1_boss,hmm1_close,close_boss,hmm1_close,close,hmm,group,individual,False,group,individual,Night_Hmm_1,Casey,night,River,flurp,Morgan,zazzo,"Hmm, Wugs must like to stay up in the middle of the night.","Hmm, Casey must like to stay up in the middle of the night.",casey.png,casey_night.png,orange9.png,green9.png,Morgan,zazzo,individual,2,1,18492,2026-06-30T21:08:30.216Z,Older,1.240562591191857,1.0,1.0,-1.0,1,8.36413415468857,DOB
TT089_1782853535882,,Daniel,8,A,A,B,yes1_boss,hmm1_close,close_boss,hmm1_close,close,hmm,group,individual,False,group,individual,Whisper_Hmm_1,Jordan,whisper,Skyler,flurp,Reese,zazzo,"Hmm, Wugs must like to whisper when they talk.","Hmm, Jordan must like to whisper when they talk.",jordan.png,jordan_whisper.png,orange10.png,green7.png,Reese,zazzo,individual,2,1,11966,2026-06-30T21:09:09.240Z,Older,1.240562591191857,1.0,1.0,-1.0,1,8.36413415468857,DOB
TT089_1782853535882,,Daniel,8,A,A,B,yes1_boss,hmm1_close,close_boss,hmm1_close,close,hmm,group,individual,True,individual,group,Balls_Hmm_1,Alex,balls,Quinn,flurp,Drew,zazzo,"Hmm, Alex must like to bounce balls on their heads.","Hmm, Wugs must like to bounce balls on their heads.",alex.png,alex_ball.png,orange6.png,green1.png,Quinn,flurp,individual,2,1,14825,2026-06-30T21:09:59.904Z,Older,1.240562591191857,1.0,1.0,-1.0,1,8.36413415468857,DOB
TT089_1782853535882,,Daniel,8,A,A,B,yes1_boss,hmm1_close,close_boss,hmm1_close,close,hmm,group,individual,False,group,individual,Walls_Hmm_1,Taylor,walls,Finley,flurp,Robin,zazzo,"Hmm, Wugs must like to climb tall buildings.","Hmm, Taylor must like to climb tall buildings.",taylor.png,taylor_walls.png,orange10.png,green1.png,Robin,zazzo,individual,2,1,10142,2026-06-30T21:10:23.913Z,Older,1.240562591191857,1.0,1.0,-1.0,1,8.36413415468857,DOB
TT089_1782853535882,,Daniel,8,A,A,B,yes1_boss,hmm1_close,close_boss,hmm1_close,close,hmm,group,individual,False,group,individual,Flowers_Hmm_1,Riley,flowers,Ash,flurp,Charlie,zazzo,"Hmm, Wugs must like to eat flowers.","Hmm, Riley must like to eat flowers.",riley.png,riley_flowers.png,orange14.png,green12.png,Charlie,zazzo,individual,2,1,9415,2026-06-30T21:10:54.722Z,Older,1.240562591191857,1.0,1.0,-1.0,1,8.36413415468857,DOB
TT089_1782853535882,,Daniel,8,A,A,B,yes1_boss,hmm1_close,close_boss,hmm1_close,close,hmm,group,individual,True,individual,group,Bugs_Hmm_1,Rowan,bugs,Emery,flurp,Jules,zazzo,"Hmm, Rowan must like to play with bugs.","Hmm, Wugs must like to play with bugs.",rowan.png,rowan_bugs.png,orange11.png,green1.png,Emery,flurp,individual,2,1,11133,2026-06-30T21:11:15.861Z,Older,1.240562591191857,1.0,1.0,-1.0,1,8.36413415468857,DOB
TT089_1782853535882,,Daniel,8,B,A,B,yes1_boss,hmm1_close,close_boss,yes1_boss,boss,yes,group,individual,True,individual,group,Sniffing_Yes_1_b,Arlo,sniffing,Cora,flurp,Beau,zazzo,"Yes, Arlo likes to sniff things before touching them.","Yes, Wugs like to sniff things before touching them.",arlo.png,arlo_sniffing.png,orange3.png,green.png,Cora,flurp,individual,2,0,20255,2026-06-30T21:12:27.734Z,Older,1.240562591191857,-1.0,-1.0,-1.0,0,8.36413415468857,DOB
TT089_1782853535882,,Daniel,8,B,A,B,yes1_boss,hmm1_close,close_boss,yes1_boss,boss,yes,group,individual,True,individual,group,Backwards_Yes_1_b,Theo,backwards,Cleo,flurp,Moss,zazzo,"Yes, Theo likes to walk backwards.","Yes, Wugs like to walk backwards.",theo.png,theo_backwards.png,orange11.png,green.png,Cleo,flurp,individual,2,0,11435,2026-06-30T21:12:51.047Z,Older,1.240562591191857,-1.0,-1.0,-1.0,0,8.36413415468857,DOB
TT089_1782853535882,,Daniel,8,B,A,B,yes1_boss,hmm1_close,close_boss,yes1_boss,boss,yes,group,individual,False,group,individual,Plants_Yes_1_b,Sage,plants,Juno,flurp,Reed,zazzo,"Yes, Wugs like to talk to plants.","Yes, Sage likes to talk to plants.",sage.png,sage_plants.png,orange13.png,green1.png,Reed,zazzo,individual,2,0,7418,2026-06-30T21:13:10.155Z,Older,1.240562591191857,-1.0,-1.0,-1.0,0,8.36413415468857,DOB
TT089_1782853535882,,Daniel,8,B,A,B,yes1_boss,hmm1_close,close_boss,yes1_boss,boss,yes,group,individual,True,individual,group,Spinning_Yes_1_b,Wren,spinning,Lumi,flurp,Flint,zazzo,"Yes, Wren likes to spin around before sitting down.","Yes, Wugs like to spin around before sitting down.",wren.png,wren_spinning.png,orange6.png,green11.png,Lumi,flurp,individual,2,0,9705,2026-06-30T21:13:32.047Z,Older,1.240562591191857,-1.0,-1.0,-1.0,0,8.36413415468857,DOB
TT089_1782853535882,,Daniel,8,B,A,B,yes1_boss,hmm1_close,close_boss,yes1_boss,boss,yes,group,individual,True,individual,group,Pinecones_Yes_1_b,Blake,pinecones,Zara,flurp,Bryn,zazzo,"Yes, Blake likes to pile up pinecones into a tall tower.","Yes, Wugs like to pile up pinecones into a tall tower.",blake.png,blake_pinecones.png,orange14.png,green9.png,Zara,flurp,individual,2,0,11887,2026-06-30T21:14:00.951Z,Older,1.240562591191857,-1.0,-1.0,-1.0,0,8.36413415468857,DOB
TT089_1782853535882,,Daniel,8,B,A,B,yes1_boss,hmm1_close,close_boss,yes1_boss,boss,yes,group,individual,True,individual,group,Rocks_Yes_1_b,Sam,rocks,Nova,flurp,Finn,zazzo,"Yes, Sam likes to pick up rocks and put them in their pocket.","Yes, Wugs like to pick up rocks and put them in their pocket.",sam.png,sam_rocks.png,orange6.png,green9.png,Nova,flurp,individual,2,0,10938,2026-06-30T21:14:17.551Z,Older,1.240562591191857,-1.0,-1.0,-1.0,0,8.36413415468857,DOB
TT089_1785095714670,,Ian,7,A,A,B,yes2_boss,yes1_close,close_boss,yes1_close,close,yes,group,individual,False,group,individual,Flowers_Yes_1,Riley,flowers,Ash,flurp,Charlie,zazzo,"Yes, Wugs like to eat flowers.","Yes, Riley likes to eat flowers.",riley.png,riley_flowers.png,orange7.png,green6.png,Ash,flurp,group,1,0,17618,2026-07-26T19:58:23.179Z,Older,0.13173302240335616,1.0,-1.0,-1.0,0,7.255304585900069,DOB
TT089_1785095714670,,Ian,7,A,A,B,yes2_boss,yes1_close,close_boss,yes1_close,close,yes,group,individual,True,individual,group,Whisper_Yes_1,Jordan,whisper,Skyler,flurp,Reese,zazzo,"Yes, Jordan likes to whisper when they talk.","Yes, Wugs like to whisper when they talk.",jordan.png,jordan_whisper.png,orange6.png,green6.png,Reese,zazzo,group,1,0,12074,2026-07-26T19:59:04.204Z,Older,0.13173302240335616,1.0,-1.0,-1.0,0,7.255304585900069,DOB
TT089_1785095714670,,Ian,7,A,A,B,yes2_boss,yes1_close,close_boss,yes1_close,close,yes,group,individual,False,group,individual,Balls_Yes_1,Alex,balls,Quinn,flurp,Drew,zazzo,"Yes, Wugs like to bounce balls on their heads.","Yes, Alex likes to bounce balls on their heads.",alex.png,alex_ball.png,orange11.png,green12.png,Quinn,flurp,group,1,0,15650,2026-07-26T19:59:55.422Z,Older,0.13173302240335616,1.0,-1.0,-1.0,0,7.255304585900069,DOB
TT089_1785095714670,,Ian,7,A,A,B,yes2_boss,yes1_close,close_boss,yes1_close,close,yes,group,individual,False,group,individual,Night_Yes_1,Casey,night,River,flurp,Morgan,zazzo,"Yes, Wugs like to stay up in the middle of the night.","Yes, Casey likes to stay up in the middle of the night.",casey.png,casey_night.png,orange11.png,green6.png,River,flurp,group,1,0,15588,2026-07-26T20:00:38.821Z,Older,0.13173302240335616,1.0,-1.0,-1.0,0,7.255304585900069,DOB
TT089_1785095714670,,Ian,7,A,A,B,yes2_boss,yes1_close,close_boss,yes1_close,close,yes,group,individual,False,group,individual,Bugs_Yes_1,Rowan,bugs,Emery,flurp,Jules,zazzo,"Yes, Wugs like to play with bugs.","Yes, Rowan likes to play with bugs.",rowan.png,rowan_bugs.png,orange7.png,green12.png,Emery,flurp,group,1,0,11397,2026-07-26T20:01:20.761Z,Older,0.13173302240335616,1.0,-1.0,-1.0,0,7.255304585900069,DOB
TT089_1785095714670,,Ian,7,A,A,B,yes2_boss,yes1_close,close_boss,yes1_close,close,yes,group,individual,True,individual,group,Climb_Yes_1,Taylor,walls,Finley,flurp,Robin,zazzo,"Yes, Taylor likes to climb tall buildings.","Yes, Wugs like to climb tall buildings.",taylor.png,taylor_walls.png,orange6.png,green7.png,Robin,zazzo,group,1,0,10439,2026-07-26T20:01:53.801Z,Older,0.13173302240335616,1.0,-1.0,-1.0,0,7.255304585900069,DOB
TT089_1785095714670,,Ian,7,B,A,B,yes2_boss,yes1_close,close_boss,yes2_boss,boss,yes,individual,group,False,individual,group,Backwards_Yes_2_b,Theo,backwards,Cleo,flurp,Moss,zazzo,"Yes, Theo likes to walk backwards.","Yes, Wugs like to walk backwards.",theo.png,theo_backwards.png,orange9.png,green12.png,Cleo,flurp,individual,2,0,21327,2026-07-26T20:03:02.067Z,Older,0.13173302240335616,-1.0,-1.0,-1.0,0,7.255304585900069,DOB
TT089_1785095714670,,Ian,7,B,A,B,yes2_boss,yes1_close,close_boss,yes2_boss,boss,yes,individual,group,False,individual,group,Rocks_Yes_2_b,Sam,rocks,Nova,flurp,Finn,zazzo,"Yes, Sam likes to pick up rocks and put them in their pocket.","Yes, Wugs like to pick up rocks and put them in their pocket.",sam.png,sam_rocks.png,orange14.png,green1.png,Finn,zazzo,group,1,1,16458,2026-07-26T20:03:43.700Z,Older,0.13173302240335616,-1.0,-1.0,-1.0,1,7.255304585900069,DOB
TT089_1785095714670,,Ian,7,B,A,B,yes2_boss,yes1_close,close_boss,yes2_boss,boss,yes,individual,group,False,individual,group,Sniffing_Yes_2_b,Arlo,sniffing,Cora,flurp,Beau,zazzo,"Yes, Arlo likes to sniff things before touching them.","Yes, Wugs like to sniff things before touching them.",arlo.png,arlo_sniffing.png,orange2.png,green7.png,Beau,zazzo,group,1,1,10814,2026-07-26T20:04:11.674Z,Older,0.13173302240335616,-1.0,-1.0,-1.0,1,7.255304585900069,DOB
TT089_1785095714670,,Ian,7,B,A,B,yes2_boss,yes1_close,close_boss,yes2_boss,boss,yes,individual,group,True,group,individual,Pinecones_Yes_2_b,Blake,pinecones,Zara,flurp,Bryn,zazzo,"Yes, Wugs like to pile up pinecones into a tall tower.","Yes, Blake likes to pile up pinecones into a tall tower.",blake.png,blake_pinecones.png,orange9.png,green11.png,Zara,flurp,group,1,1,11687,2026-07-26T20:04:48.254Z,Older,0.13173302240335616,-1.0,-1.0,-1.0,1,7.255304585900069,DOB
TT089_1785095714670,,Ian,7,B,A,B,yes2_boss,yes1_close,close_boss,yes2_boss,boss,yes,individual,group,True,group,individual,Spinning_Yes_2_b,Wren,spinning,Lumi,flurp,Flint,zazzo,"Yes, Wugs like to spin around before sitting down.","Yes, Wren likes to spin around before sitting down.",wren.png,wren_spinning.png,orange13.png,green6.png,Flint,zazzo,individual,2,0,9633,2026-07-26T20:05:18.631Z,Older,0.13173302240335616,-1.0,-1.0,-1.0,0,7.255304585900069,DOB
TT089_1785095714670,,Ian,7,B,A,B,yes2_boss,yes1_close,close_boss,yes2_boss,boss,yes,individual,group,True,group,individual,Plants_Yes_2_b,Sage,plants,Juno,flurp,Reed,zazzo,"Yes, Wugs like to talk to plants.","Yes, Sage likes to talk to plants.",sage.png,sage_plants.png,orange2.png,green1.png,Juno,flurp,group,1,1,8074,2026-07-26T20:05:35.091Z,Older,0.13173302240335616,-1.0,-1.0,-1.0,1,7.255304585900069,DOB
TT089_1785165592694,,Elliott,8,B,A,B,hmm1_boss,yes2_close,boss_close,hmm1_boss,boss,hmm,group,individual,True,individual,group,Backwards_Hmm_1_b,Theo,backwards,Cleo,flurp,Moss,zazzo,"Hmm, Theo must like to walk backwards.","Hmm, Wugs must like to walk backwards.",theo.png,theo_backwards.png,orange15.png,green6.png,Moss,zazzo,group,1,1,49983,2026-07-27T15:24:38.698Z,Older,1.7032593742171827,-1.0,1.0,-1.0,1,8.826830937713895,DOB
TT089_1785165592694,,Elliott,8,B,A,B,hmm1_boss,yes2_close,boss_close,hmm1_boss,boss,hmm,group,individual,True,individual,group,Pinecones_Hmm_1_b,Blake,pinecones,Zara,flurp,Bryn,zazzo,"Hmm, Blake must like to pile up pinecones into a tall tower.","Hmm, Wugs must like to pile up pinecones into a tall tower.",blake.png,blake_pinecones.png,orange2.png,green1.png,Zara,flurp,individual,2,0,22816,2026-07-27T15:25:33.430Z,Older,1.7032593742171827,-1.0,1.0,-1.0,0,8.826830937713895,DOB
TT089_1785165592694,,Elliott,8,B,A,B,hmm1_boss,yes2_close,boss_close,hmm1_boss,boss,hmm,group,individual,True,individual,group,Rocks_Hmm_1_b,Sam,rocks,Nova,flurp,Finn,zazzo,"Hmm, Sam must like to pick up rocks and put them in their pocket.","Hmm, Wugs must like to pick up rocks and put them in their pocket.",sam.png,sam_rocks.png,orange10.png,green10.png,Nova,flurp,individual,2,0,15634,2026-07-27T15:26:18.514Z,Older,1.7032593742171827,-1.0,1.0,-1.0,0,8.826830937713895,DOB
TT089_1785165592694,,Elliott,8,B,A,B,hmm1_boss,yes2_close,boss_close,hmm1_boss,boss,hmm,group,individual,True,individual,group,Sniffing_Hmm_1_b,Arlo,sniffing,Cora,flurp,Beau,zazzo,"Hmm, Arlo must like to sniff things before touching them.","Hmm, Wugs must like to sniff things before touching them.",arlo.png,arlo_sniffing.png,orange4.png,green11.png,Cora,flurp,individual,2,0,14049,2026-07-27T15:26:48.980Z,Older,1.7032593742171827,-1.0,1.0,-1.0,0,8.826830937713895,DOB
TT089_1785165592694,,Elliott,8,B,A,B,hmm1_boss,yes2_close,boss_close,hmm1_boss,boss,hmm,group,individual,True,individual,group,Spinning_Hmm_1_b,Wren,spinning,Lumi,flurp,Flint,zazzo,"Hmm, Wren must like to spin around before sitting down.","Hmm, Wugs must like to spin around before sitting down.",wren.png,wren_spinning.png,orange10.png,green1.png,Lumi,flurp,individual,2,0,14403,2026-07-27T15:27:16.450Z,Older,1.7032593742171827,-1.0,1.0,-1.0,0,8.826830937713895,DOB
TT089_1785165592694,,Elliott,8,B,A,B,hmm1_boss,yes2_close,boss_close,hmm1_boss,boss,hmm,group,individual,False,group,individual,Plants_Hmm_1_b,Sage,plants,Juno,flurp,Reed,zazzo,"Hmm, Wugs must like to talk to plants.","Hmm, Sage must like to talk to plants.",sage.png,sage_plants.png,orange10.png,green2.png,Juno,flurp,group,1,1,11233,2026-07-27T15:27:51.796Z,Older,1.7032593742171827,-1.0,1.0,-1.0,1,8.826830937713895,DOB
TT089_1785165592694,,Elliott,8,A,A,B,hmm1_boss,yes2_close,boss_close,yes2_close,close,yes,individual,group,True,group,individual,Night_Yes_2,Casey,night,River,flurp,Morgan,zazzo,"Yes, Wugs like to stay up in the middle of the night.","Yes, Casey likes to stay up in the middle of the night.",casey.png,casey_night.png,orange13.png,green12.png,Morgan,zazzo,individual,2,1,15617,2026-07-27T15:28:58.029Z,Older,1.7032593742171827,1.0,-1.0,-1.0,1,8.826830937713895,DOB
TT089_1785165592694,,Elliott,8,A,A,B,hmm1_boss,yes2_close,boss_close,yes2_close,close,yes,individual,group,True,group,individual,Bugs_Yes_2,Rowan,bugs,Emery,flurp,Jules,zazzo,"Yes, Wugs like to play with bugs.","Yes, Rowan likes to play with bugs.",rowan.png,rowan_bugs.png,orange9.png,green7.png,Jules,zazzo,individual,2,1,13617,2026-07-27T15:29:22.263Z,Older,1.7032593742171827,1.0,-1.0,-1.0,1,8.826830937713895,DOB
TT089_1785165592694,,Elliott,8,A,A,B,hmm1_boss,yes2_close,boss_close,yes2_close,close,yes,individual,group,True,group,individual,Whisper_Yes_2,Jordan,whisper,Skyler,flurp,Reese,zazzo,"Yes, Wugs like to whisper when they talk.","Yes, Jordan likes to whisper when they talk.",jordan.png,jordan_whisper.png,orange6.png,green6.png,Reese,zazzo,individual,2,1,10411,2026-07-27T15:29:45.662Z,Older,1.7032593742171827,1.0,-1.0,-1.0,1,8.826830937713895,DOB
TT089_1785165592694,,Elliott,8,A,A,B,hmm1_boss,yes2_close,boss_close,yes2_close,close,yes,individual,group,False,individual,group,Ball_Yes_2,Alex,balls,Quinn,flurp,Drew,zazzo,"Yes, Alex likes to bounce balls on their heads.","Yes, Wugs like to bounce balls on their heads.",alex.png,alex_ball.png,orange10.png,green1.png,Drew,zazzo,group,1,0,11584,2026-07-27T15:30:08.246Z,Older,1.7032593742171827,1.0,-1.0,-1.0,0,8.826830937713895,DOB
TT089_1785165592694,,Elliott,8,A,A,B,hmm1_boss,yes2_close,boss_close,yes2_close,close,yes,individual,group,True,group,individual,Flowers_Yes_2,Riley,flowers,Ash,flurp,Charlie,zazzo,"Yes, Wugs like to eat flowers.","Yes, Riley likes to eat flowers.",riley.png,riley_flowers.png,orange4.png,green2.png,Charlie,zazzo,individual,2,1,14934,2026-07-27T15:30:36.146Z,Older,1.7032593742171827,1.0,-1.0,-1.0,1,8.826830937713895,DOB
TT089_1785165592694,,Elliott,8,A,A,B,hmm1_boss,yes2_close,boss_close,yes2_close,close,yes,individual,group,True,group,individual,Climb_Yes_2,Taylor,walls,Finley,flurp,Robin,zazzo,"Yes, Wugs like to climb tall buildings.","Yes, Taylor likes to climb tall buildings.",taylor.png,taylor_walls.png,orange2.png,green12.png,Finley,flurp,group,1,0,11267,2026-07-27T15:30:52.446Z,Older,1.7032593742171827,1.0,-1.0,-1.0,0,8.826830937713895,DOB
TT091_1783199020454,,Brayden,7,A,B,A,yes2_boss,hmm1_close,boss_close,yes2_boss,boss,yes,individual,group,True,group,individual,Balls_Yes_2_b,Alex,balls,Quinn,flurp,Drew,zazzo,"Yes, Wugs like to bounce balls on their heads.","Yes, Alex likes to bounce balls on their heads.",alex.png,alex_ball.png,orange3.png,green12.png,Quinn,flurp,group,1,1,28959,2026-07-04T21:08:22.868Z,Older,0.5259835357503784,-1.0,-1.0,-1.0,1,7.649555099247091,DOB
TT091_1783199020454,,Brayden,7,A,B,A,yes2_boss,hmm1_close,boss_close,yes2_boss,boss,yes,individual,group,False,individual,group,Flowers_Yes_2_b,Riley,flowers,Ash,flurp,Charlie,zazzo,"Yes, Riley likes to eat flowers.","Yes, Wugs like to eat flowers.",riley.png,riley_flowers.png,orange14.png,green1.png,Charlie,zazzo,group,1,1,10997,2026-07-04T21:09:08.036Z,Older,0.5259835357503784,-1.0,-1.0,-1.0,1,7.649555099247091,DOB
TT091_1783199020454,,Brayden,7,A,B,A,yes2_boss,hmm1_close,boss_close,yes2_boss,boss,yes,individual,group,True,group,individual,Bugs_Yes_2_b,Rowan,bugs,Emery,flurp,Jules,zazzo,"Yes, Wugs like to play with bugs.","Yes, Rowan likes to play with bugs.",rowan.png,rowan_bugs.png,orange11.png,green1.png,Jules,zazzo,individual,2,0,18637,2026-07-04T21:10:02.139Z,Older,0.5259835357503784,-1.0,-1.0,-1.0,0,7.649555099247091,DOB
TT091_1783199020454,,Brayden,7,A,B,A,yes2_boss,hmm1_close,boss_close,yes2_boss,boss,yes,individual,group,True,group,individual,Night_Yes_2_b,Casey,night,River,flurp,Morgan,zazzo,"Yes, Wugs like to stay up in the middle of the night.","Yes, Casey likes to stay up in the middle of the night.",casey.png,casey_night.png,orange4.png,green9.png,Morgan,zazzo,individual,2,0,14819,2026-07-04T21:10:45.266Z,Older,0.5259835357503784,-1.0,-1.0,-1.0,0,7.649555099247091,DOB
TT091_1783199020454,,Brayden,7,A,B,A,yes2_boss,hmm1_close,boss_close,yes2_boss,boss,yes,individual,group,True,group,individual,Walls_Yes_2_b,Taylor,walls,Finley,flurp,Robin,zazzo,"Yes, Wugs like to climb tall buildings.","Yes, Taylor likes to climb tall buildings.",taylor.png,taylor_walls.png,orange15.png,green6.png,Robin,zazzo,individual,2,0,14667,2026-07-04T21:11:38.475Z,Older,0.5259835357503784,-1.0,-1.0,-1.0,0,7.649555099247091,DOB
TT091_1783199020454,,Brayden,7,A,B,A,yes2_boss,hmm1_close,boss_close,yes2_boss,boss,yes,individual,group,False,individual,group,Whisper_Yes_2_b,Jordan,whisper,Skyler,flurp,Reese,zazzo,"Yes, Jordan likes to whisper when they talk.","Yes, Wugs like to whisper when they talk.",jordan.png,jordan_whisper.png,orange13.png,green12.png,Skyler,flurp,individual,2,0,16639,2026-07-04T21:12:25.235Z,Older,0.5259835357503784,-1.0,-1.0,-1.0,0,7.649555099247091,DOB
TT091_1783199020454,,Brayden,7,B,B,A,yes2_boss,hmm1_close,boss_close,hmm1_close,close,hmm,group,individual,True,individual,group,Spinning_Hmm_1,Wren,spinning,Lumi,flurp,Flint,zazzo,"Hmm, Wren must like to spin around before sitting down.","Hmm, Wugs must like to spin around before sitting down.",wren.png,wren_spinning.png,orange13.png,green6.png,Lumi,flurp,individual,2,1,33311,2026-07-04T21:13:56.620Z,Older,0.5259835357503784,1.0,1.0,-1.0,1,7.649555099247091,DOB
TT091_1783199020454,,Brayden,7,B,B,A,yes2_boss,hmm1_close,boss_close,hmm1_close,close,hmm,group,individual,True,individual,group,Sniffing_Hmm_1,Arlo,sniffing,Cora,flurp,Beau,zazzo,"Hmm, Arlo must like to sniff things before touching them.","Hmm, Wugs must like to sniff things before touching them.",arlo.png,arlo_sniffing.png,orange3.png,green7.png,Cora,flurp,individual,2,1,13041,2026-07-04T21:14:36.840Z,Older,0.5259835357503784,1.0,1.0,-1.0,1,7.649555099247091,DOB
TT091_1783199020454,,Brayden,7,B,B,A,yes2_boss,hmm1_close,boss_close,hmm1_close,close,hmm,group,individual,True,individual,group,Backwards_Hmm_1,Theo,backwards,Cleo,flurp,Moss,zazzo,"Hmm, Theo must like to walk backwards.","Hmm, Wugs must like to walk backwards.",theo.png,theo_backwards.png,orange4.png,green6.png,Cleo,flurp,individual,2,1,13489,2026-07-04T21:15:33.353Z,Older,0.5259835357503784,1.0,1.0,-1.0,1,7.649555099247091,DOB
TT091_1783199020454,,Brayden,7,B,B,A,yes2_boss,hmm1_close,boss_close,hmm1_close,close,hmm,group,individual,False,group,individual,Rocks_Hmm_1,Sam,rocks,Nova,flurp,Finn,zazzo,"Hmm, Wugs must like to pick up rocks and put them in their pocket.","Hmm, Sam must like to pick up rocks and put them in their pocket.",sam.png,sam_rocks.png,orange4.png,green7.png,Finn,zazzo,individual,2,1,14623,2026-07-04T21:16:20.637Z,Older,0.5259835357503784,1.0,1.0,-1.0,1,7.649555099247091,DOB
TT091_1783199020454,,Brayden,7,B,B,A,yes2_boss,hmm1_close,boss_close,hmm1_close,close,hmm,group,individual,True,individual,group,Pinecones_Hmm_1,Blake,pinecones,Zara,flurp,Bryn,zazzo,"Hmm, Blake must like to pile up pinecones into a tall tower.","Hmm, Wugs must like to pile up pinecones into a tall tower.",blake.png,blake_pinecones.png,orange7.png,green6.png,Zara,flurp,individual,2,1,12922,2026-07-04T21:17:14.763Z,Older,0.5259835357503784,1.0,1.0,-1.0,1,7.649555099247091,DOB
TT091_1783199020454,,Brayden,7,B,B,A,yes2_boss,hmm1_close,boss_close,hmm1_close,close,hmm,group,individual,False,group,individual,Plants_Hmm_1,Sage,plants,Juno,flurp,Reed,zazzo,"Hmm, Wugs must like to talk to plants.","Hmm, Sage must like to talk to plants.",sage.png,sage_plants.png,orange15.png,green.png,Reed,zazzo,individual,2,1,14113,2026-07-04T21:17:47.256Z,Older,0.5259835357503784,1.0,1.0,-1.0,1,7.649555099247091,DOB
TT091_1783605208290,,Dylan,6,A,A,B,yes2_boss,yes1_close,close_boss,yes1_close,close,yes,group,individual,True,individual,group,Balls_Yes_1,Alex,balls,Quinn,flurp,Drew,zazzo,"Yes, Alex likes to bounce balls on their heads.","Yes, Wugs like to bounce balls on their heads.",alex.png,alex_ball.png,orange11.png,green10.png,Quinn,flurp,individual,2,1,33600,2026-07-09T13:57:07.052Z,Younger,-0.4924969570627633,1.0,-1.0,1.0,1,6.631074606433949,DOB
TT091_1783605208290,,Dylan,6,A,A,B,yes2_boss,yes1_close,close_boss,yes1_close,close,yes,group,individual,False,group,individual,Climb_Yes_1,Taylor,walls,Finley,flurp,Robin,zazzo,"Yes, Wugs like to climb tall buildings.","Yes, Taylor likes to climb tall buildings.",taylor.png,taylor_walls.png,orange11.png,green1.png,Robin,zazzo,individual,2,1,20393,2026-07-09T13:58:16.114Z,Younger,-0.4924969570627633,1.0,-1.0,1.0,1,6.631074606433949,DOB
TT091_1783605208290,,Dylan,6,A,A,B,yes2_boss,yes1_close,close_boss,yes1_close,close,yes,group,individual,False,group,individual,Whisper_Yes_1,Jordan,whisper,Skyler,flurp,Reese,zazzo,"Yes, Wugs like to whisper when they talk.","Yes, Jordan likes to whisper when they talk.",jordan.png,jordan_whisper.png,orange9.png,green6.png,Reese,zazzo,individual,2,1,20632,2026-07-09T13:59:14.938Z,Younger,-0.4924969570627633,1.0,-1.0,1.0,1,6.631074606433949,DOB
TT091_1783605208290,,Dylan,6,A,A,B,yes2_boss,yes1_close,close_boss,yes1_close,close,yes,group,individual,False,group,individual,Night_Yes_1,Casey,night,River,flurp,Morgan,zazzo,"Yes, Wugs like to stay up in the middle of the night.","Yes, Casey likes to stay up in the middle of the night.",casey.png,casey_night.png,orange11.png,green11.png,Morgan,zazzo,individual,2,1,33705,2026-07-09T14:00:27.566Z,Younger,-0.4924969570627633,1.0,-1.0,1.0,1,6.631074606433949,DOB
TT091_1783605208290,,Dylan,6,A,A,B,yes2_boss,yes1_close,close_boss,yes1_close,close,yes,group,individual,True,individual,group,Flowers_Yes_1,Riley,flowers,Ash,flurp,Charlie,zazzo,"Yes, Riley likes to eat flowers.","Yes, Wugs like to eat flowers.",riley.png,riley_flowers.png,orange13.png,green1.png,Ash,flurp,individual,2,1,39291,2026-07-09T14:01:44.175Z,Younger,-0.4924969570627633,1.0,-1.0,1.0,1,6.631074606433949,DOB
TT091_1783605208290,,Dylan,6,A,A,B,yes2_boss,yes1_close,close_boss,yes1_close,close,yes,group,individual,True,individual,group,Bugs_Yes_1,Rowan,bugs,Emery,flurp,Jules,zazzo,"Yes, Rowan likes to play with bugs.","Yes, Wugs like to play with bugs.",rowan.png,rowan_bugs.png,orange15.png,green1.png,Emery,flurp,individual,2,1,21226,2026-07-09T14:02:44.609Z,Younger,-0.4924969570627633,1.0,-1.0,1.0,1,6.631074606433949,DOB
TT091_1783605208290,,Dylan,6,B,A,B,yes2_boss,yes1_close,close_boss,yes2_boss,boss,yes,individual,group,True,group,individual,Pinecones_Yes_2_b,Blake,pinecones,Zara,flurp,Bryn,zazzo,"Yes, Wugs like to pile up pinecones into a tall tower.","Yes, Blake likes to pile up pinecones into a tall tower.",blake.png,blake_pinecones.png,orange14.png,green10.png,Bryn,zazzo,individual,2,0,28171,2026-07-09T14:04:52.018Z,Younger,-0.4924969570627633,-1.0,-1.0,1.0,0,6.631074606433949,DOB
TT091_1783605208290,,Dylan,6,B,A,B,yes2_boss,yes1_close,close_boss,yes2_boss,boss,yes,individual,group,False,individual,group,Rocks_Yes_2_b,Sam,rocks,Nova,flurp,Finn,zazzo,"Yes, Sam likes to pick up rocks and put them in their pocket.","Yes, Wugs like to pick up rocks and put them in their pocket.",sam.png,sam_rocks.png,orange11.png,green.png,Nova,flurp,individual,2,0,21790,2026-07-09T14:05:40.288Z,Younger,-0.4924969570627633,-1.0,-1.0,1.0,0,6.631074606433949,DOB
TT091_1783605208290,,Dylan,6,B,A,B,yes2_boss,yes1_close,close_boss,yes2_boss,boss,yes,individual,group,False,individual,group,Plants_Yes_2_b,Sage,plants,Juno,flurp,Reed,zazzo,"Yes, Sage likes to talk to plants.","Yes, Wugs like to talk to plants.",sage.png,sage_plants.png,orange9.png,green10.png,Juno,flurp,individual,2,0,18824,2026-07-09T14:06:16.806Z,Younger,-0.4924969570627633,-1.0,-1.0,1.0,0,6.631074606433949,DOB
TT091_1783605208290,,Dylan,6,B,A,B,yes2_boss,yes1_close,close_boss,yes2_boss,boss,yes,individual,group,False,individual,group,Spinning_Yes_2_b,Wren,spinning,Lumi,flurp,Flint,zazzo,"Yes, Wren likes to spin around before sitting down.","Yes, Wugs like to spin around before sitting down.",wren.png,wren_spinning.png,orange4.png,green.png,Lumi,flurp,individual,2,0,22266,2026-07-09T14:07:15.356Z,Younger,-0.4924969570627633,-1.0,-1.0,1.0,0,6.631074606433949,DOB
TT091_1783605208290,,Dylan,6,B,A,B,yes2_boss,yes1_close,close_boss,yes2_boss,boss,yes,individual,group,True,group,individual,Backwards_Yes_2_b,Theo,backwards,Cleo,flurp,Moss,zazzo,"Yes, Wugs like to walk backwards.","Yes, Theo likes to walk backwards.",theo.png,theo_backwards.png,orange4.png,green7.png,Moss,zazzo,individual,2,0,31192,2026-07-09T14:08:12.973Z,Younger,-0.4924969570627633,-1.0,-1.0,1.0,0,6.631074606433949,DOB
TT091_1783605208290,,Dylan,6,B,A,B,yes2_boss,yes1_close,close_boss,yes2_boss,boss,yes,individual,group,True,group,individual,Sniffing_Yes_2_b,Arlo,sniffing,Cora,flurp,Beau,zazzo,"Yes, Wugs like to sniff things before touching them.","Yes, Arlo likes to sniff things before touching them.",arlo.png,arlo_sniffing.png,orange8.png,green7.png,Beau,zazzo,individual,2,0,20483,2026-07-09T14:08:56.040Z,Younger,-0.4924969570627633,-1.0,-1.0,1.0,0,6.631074606433949,DOB
TT091_1785033488535,,Chidi,6,A,B,A,hmm2_boss,hmm2_close,boss_close,hmm2_boss,boss,hmm,individual,group,True,group,individual,Balls_Hmm_2_b,Alex,balls,Quinn,flurp,Drew,zazzo,"Hmm, Wugs must like to bounce balls on their heads.","Hmm, Alex must like to bounce balls on their heads.",alex.png,alex_ball.png,orange2.png,green6.png,Drew,zazzo,individual,2,0,25133,2026-07-26T02:43:25.812Z,Younger,-0.30632310353778003,-1.0,1.0,1.0,0,6.8172484599589325,DOB
TT091_1785033488535,,Chidi,6,A,B,A,hmm2_boss,hmm2_close,boss_close,hmm2_boss,boss,hmm,individual,group,False,individual,group,Night_Hmm_2_b,Casey,night,River,flurp,Morgan,zazzo,"Hmm, Casey must like to stay up in the middle of the night.","Hmm, Wugs must like to stay up in the middle of the night.",casey.png,casey_night.png,orange10.png,green.png,Morgan,zazzo,group,1,1,21888,2026-07-26T02:44:30.562Z,Younger,-0.30632310353778003,-1.0,1.0,1.0,1,6.8172484599589325,DOB
TT091_1785033488535,,Chidi,6,A,B,A,hmm2_boss,hmm2_close,boss_close,hmm2_boss,boss,hmm,individual,group,True,group,individual,Bugs_Hmm_2_b,Rowan,bugs,Emery,flurp,Jules,zazzo,"Hmm, Wugs must like to play with bugs.","Hmm, Rowan must like to play with bugs.",rowan.png,rowan_bugs.png,orange15.png,green9.png,Jules,zazzo,individual,2,0,16788,2026-07-26T02:45:53.775Z,Younger,-0.30632310353778003,-1.0,1.0,1.0,0,6.8172484599589325,DOB
TT091_1785033488535,,Chidi,6,A,B,A,hmm2_boss,hmm2_close,boss_close,hmm2_boss,boss,hmm,individual,group,True,group,individual,Whisper_Hmm_2_b,Jordan,whisper,Skyler,flurp,Reese,zazzo,"Hmm, Wugs must like to whisper when they talk.","Hmm, Jordan must like to whisper when they talk.",jordan.png,jordan_whisper.png,orange3.png,green9.png,Reese,zazzo,individual,2,0,17684,2026-07-26T02:46:44.421Z,Younger,-0.30632310353778003,-1.0,1.0,1.0,0,6.8172484599589325,DOB
TT091_1785033488535,,Chidi,6,A,B,A,hmm2_boss,hmm2_close,boss_close,hmm2_boss,boss,hmm,individual,group,True,group,individual,Flowers_Hmm_2_b,Riley,flowers,Ash,flurp,Charlie,zazzo,"Hmm, Wugs must like to eat flowers.","Hmm, Riley must like to eat flowers.",riley.png,riley_flowers.png,orange9.png,green10.png,Charlie,zazzo,individual,2,0,11371,2026-07-26T02:47:41.392Z,Younger,-0.30632310353778003,-1.0,1.0,1.0,0,6.8172484599589325,DOB
TT091_1785033488535,,Chidi,6,A,B,A,hmm2_boss,hmm2_close,boss_close,hmm2_boss,boss,hmm,individual,group,True,group,individual,Walls_Hmm_2_b,Taylor,walls,Finley,flurp,Robin,zazzo,"Hmm, Wugs must like to climb tall buildings.","Hmm, Taylor must like to climb tall buildings.",taylor.png,taylor_walls.png,orange6.png,green2.png,Robin,zazzo,individual,2,0,13471,2026-07-26T02:48:18.209Z,Younger,-0.30632310353778003,-1.0,1.0,1.0,0,6.8172484599589325,DOB
TT091_1785033488535,,Chidi,6,B,B,A,hmm2_boss,hmm2_close,boss_close,hmm2_close,close,hmm,individual,group,False,individual,group,Sniffing_Hmm_2,Arlo,sniffing,Cora,flurp,Beau,zazzo,"Hmm, Arlo must like to sniff things before touching them.","Hmm, Wugs must like to sniff things before touching them.",arlo.png,arlo_sniffing.png,orange10.png,green1.png,Beau,zazzo,group,1,0,13334,2026-07-26T02:50:08.372Z,Younger,-0.30632310353778003,1.0,1.0,1.0,0,6.8172484599589325,DOB
TT091_1785033488535,,Chidi,6,B,B,A,hmm2_boss,hmm2_close,boss_close,hmm2_close,close,hmm,individual,group,False,individual,group,Pinecones_Hmm_2,Blake,pinecones,Zara,flurp,Bryn,zazzo,"Hmm, Blake must like to pile up pinecones into a tall tower.","Hmm, Wugs must like to pile up pinecones into a tall tower.",blake.png,blake_pinecones.png,orange15.png,green12.png,Bryn,zazzo,group,1,0,14483,2026-07-26T02:50:40.480Z,Younger,-0.30632310353778003,1.0,1.0,1.0,0,6.8172484599589325,DOB
TT091_1785033488535,,Chidi,6,B,B,A,hmm2_boss,hmm2_close,boss_close,hmm2_close,close,hmm,individual,group,False,individual,group,Rocks_Hmm_2,Sam,rocks,Nova,flurp,Finn,zazzo,"Hmm, Sam must like to pick up rocks and put them in their pocket.","Hmm, Wugs must like to pick up rocks and put them in their pocket.",sam.png,sam_rocks.png,orange4.png,green10.png,Finn,zazzo,group,1,0,12417,2026-07-26T02:51:08.334Z,Younger,-0.30632310353778003,1.0,1.0,1.0,0,6.8172484599589325,DOB
TT091_1785033488535,,Chidi,6,B,B,A,hmm2_boss,hmm2_close,boss_close,hmm2_close,close,hmm,individual,group,True,group,individual,Spinning_Hmm_2,Wren,spinning,Lumi,flurp,Flint,zazzo,"Hmm, Wugs must like to spin around before sitting down.","Hmm, Wren must like to spin around before sitting down.",wren.png,wren_spinning.png,orange2.png,green11.png,Flint,zazzo,individual,2,1,14559,2026-07-26T02:51:33.668Z,Younger,-0.30632310353778003,1.0,1.0,1.0,1,6.8172484599589325,DOB
TT091_1785033488535,,Chidi,6,B,B,A,hmm2_boss,hmm2_close,boss_close,hmm2_close,close,hmm,individual,group,False,individual,group,Backwards_Hmm_2,Theo,backwards,Cleo,flurp,Moss,zazzo,"Hmm, Theo must like to walk backwards.","Hmm, Wugs must like to walk backwards.",theo.png,theo_backwards.png,orange2.png,green.png,Moss,zazzo,group,1,0,10846,2026-07-26T02:51:57.214Z,Younger,-0.30632310353778003,1.0,1.0,1.0,0,6.8172484599589325,DOB
TT091_1785033488535,,Chidi,6,B,B,A,hmm2_boss,hmm2_close,boss_close,hmm2_close,close,hmm,individual,group,True,group,individual,Plants_Hmm_2,Sage,plants,Juno,flurp,Reed,zazzo,"Hmm, Wugs must like to talk to plants.","Hmm, Sage must like to talk to plants.",sage.png,sage_plants.png,orange3.png,green7.png,Reed,zazzo,individual,2,1,10616,2026-07-26T02:52:16.505Z,Younger,-0.30632310353778003,1.0,1.0,1.0,1,6.8172484599589325,DOB
TT092_1782062165784,,Eva,5,A,A,B,hmm2_boss,yes2_close,close_boss,yes2_close,close,yes,individual,group,False,individual,group,Flowers_Yes_2,Riley,flowers,Ash,flurp,Charlie,zazzo,"Yes, Riley likes to eat flowers.","Yes, Wugs like to eat flowers.",riley.png,riley_flowers.png,orange11.png,green9.png,Ash,flurp,individual,2,1,22816,2026-06-21T17:19:04.134Z,Younger,-2.0448583533666644,1.0,-1.0,1.0,1,5.078713210130048,DOB
TT092_1782062165784,,Eva,5,A,A,B,hmm2_boss,yes2_close,close_boss,yes2_close,close,yes,individual,group,True,group,individual,Night_Yes_2,Casey,night,River,flurp,Morgan,zazzo,"Yes, Wugs like to stay up in the middle of the night.","Yes, Casey likes to stay up in the middle of the night.",casey.png,casey_night.png,orange9.png,green11.png,River,flurp,group,1,0,20949,2026-06-21T17:20:05.983Z,Younger,-2.0448583533666644,1.0,-1.0,1.0,0,5.078713210130048,DOB
TT092_1782062165784,,Eva,5,A,A,B,hmm2_boss,yes2_close,close_boss,yes2_close,close,yes,individual,group,True,group,individual,Whisper_Yes_2,Jordan,whisper,Skyler,flurp,Reese,zazzo,"Yes, Wugs like to whisper when they talk.","Yes, Jordan likes to whisper when they talk.",jordan.png,jordan_whisper.png,orange11.png,green11.png,Skyler,flurp,group,1,0,22234,2026-06-21T17:21:13.835Z,Younger,-2.0448583533666644,1.0,-1.0,1.0,0,5.078713210130048,DOB
TT092_1782062165784,,Eva,5,A,A,B,hmm2_boss,yes2_close,close_boss,yes2_close,close,yes,individual,group,False,individual,group,Bugs_Yes_2,Rowan,bugs,Emery,flurp,Jules,zazzo,"Yes, Rowan likes to play with bugs.","Yes, Wugs like to play with bugs.",rowan.png,rowan_bugs.png,orange4.png,green9.png,Jules,zazzo,group,1,0,28331,2026-06-21T17:22:30.452Z,Younger,-2.0448583533666644,1.0,-1.0,1.0,0,5.078713210130048,DOB
TT092_1782062165784,,Eva,5,A,A,B,hmm2_boss,yes2_close,close_boss,yes2_close,close,yes,individual,group,False,individual,group,Ball_Yes_2,Alex,balls,Quinn,flurp,Drew,zazzo,"Yes, Alex likes to bounce balls on their heads.","Yes, Wugs like to bounce balls on their heads.",alex.png,alex_ball.png,orange9.png,green6.png,Drew,zazzo,group,1,0,21265,2026-06-21T17:23:59.084Z,Younger,-2.0448583533666644,1.0,-1.0,1.0,0,5.078713210130048,DOB
TT092_1782062165784,,Eva,5,A,A,B,hmm2_boss,yes2_close,close_boss,yes2_close,close,yes,individual,group,True,group,individual,Climb_Yes_2,Taylor,walls,Finley,flurp,Robin,zazzo,"Yes, Wugs like to climb tall buildings.","Yes, Taylor likes to climb tall buildings.",taylor.png,taylor_walls.png,orange13.png,green7.png,Robin,zazzo,individual,2,1,21750,2026-06-21T17:25:03.434Z,Younger,-2.0448583533666644,1.0,-1.0,1.0,1,5.078713210130048,DOB
TT092_1782062165784,,Eva,5,B,A,B,hmm2_boss,yes2_close,close_boss,hmm2_boss,boss,hmm,individual,group,False,individual,group,Rocks_Hmm_2_b,Sam,rocks,Nova,flurp,Finn,zazzo,"Hmm, Sam must like to pick up rocks and put them in their pocket.","Hmm, Wugs must like to pick up rocks and put them in their pocket.",sam.png,sam_rocks.png,orange11.png,green12.png,Nova,flurp,individual,2,0,28266,2026-06-21T17:27:05.367Z,Younger,-2.0448583533666644,-1.0,1.0,1.0,0,5.078713210130048,DOB
TT092_1782062165784,,Eva,5,B,A,B,hmm2_boss,yes2_close,close_boss,hmm2_boss,boss,hmm,individual,group,True,group,individual,Plants_Hmm_2_b,Sage,plants,Juno,flurp,Reed,zazzo,"Hmm, Wugs must like to talk to plants.","Hmm, Sage must like to talk to plants.",sage.png,sage_plants.png,orange13.png,green12.png,Juno,flurp,group,1,1,23316,2026-06-21T17:28:05.585Z,Younger,-2.0448583533666644,-1.0,1.0,1.0,1,5.078713210130048,DOB
TT092_1782062165784,,Eva,5,B,A,B,hmm2_boss,yes2_close,close_boss,hmm2_boss,boss,hmm,individual,group,False,individual,group,Spinning_Hmm_2_b,Wren,spinning,Lumi,flurp,Flint,zazzo,"Hmm, Wren must like to spin around before sitting down.","Hmm, Wugs must like to spin around before sitting down.",wren.png,wren_spinning.png,orange7.png,green.png,Flint,zazzo,group,1,1,29000,2026-06-21T17:29:23.268Z,Younger,-2.0448583533666644,-1.0,1.0,1.0,1,5.078713210130048,DOB
TT092_1782062165784,,Eva,5,B,A,B,hmm2_boss,yes2_close,close_boss,hmm2_boss,boss,hmm,individual,group,True,group,individual,Sniffing_Hmm_2_b,Arlo,sniffing,Cora,flurp,Beau,zazzo,"Hmm, Wugs must like to sniff things before touching them.","Hmm, Arlo must like to sniff things before touching them.",arlo.png,arlo_sniffing.png,orange2.png,green11.png,Cora,flurp,group,1,1,25430,2026-06-21T17:30:24.218Z,Younger,-2.0448583533666644,-1.0,1.0,1.0,1,5.078713210130048,DOB
TT092_1782062165784,,Eva,5,B,A,B,hmm2_boss,yes2_close,close_boss,hmm2_boss,boss,hmm,individual,group,True,group,individual,Pinecones_Hmm_2_b,Blake,pinecones,Zara,flurp,Bryn,zazzo,"Hmm, Wugs must like to pile up pinecones into a tall tower.","Hmm, Blake must like to pile up pinecones into a tall tower.",blake.png,blake_pinecones.png,orange2.png,green.png,Bryn,zazzo,individual,2,0,24465,2026-06-21T17:31:42.418Z,Younger,-2.0448583533666644,-1.0,1.0,1.0,0,5.078713210130048,DOB
TT092_1782062165784,,Eva,5,B,A,B,hmm2_boss,yes2_close,close_boss,hmm2_boss,boss,hmm,individual,group,True,group,individual,Backwards_Hmm_2_b,Theo,backwards,Cleo,flurp,Moss,zazzo,"Hmm, Wugs must like to walk backwards.","Hmm, Theo must like to walk backwards.",theo.png,theo_backwards.png,orange15.png,green10.png,Moss,zazzo,individual,2,0,23134,2026-06-21T17:32:52.053Z,Younger,-2.0448583533666644,-1.0,1.0,1.0,0,5.078713210130048,DOB
TT093_1782146028308,,Soham,5,B,A,B,hmm1_boss,hmm1_close,boss_close,hmm1_boss,boss,hmm,group,individual,False,group,individual,Plants_Hmm_1_b,Sage,plants,Juno,flurp,Reed,zazzo,"Hmm, Wugs must like to talk to plants.","Hmm, Sage must like to talk to plants.",sage.png,sage_plants.png,orange13.png,green7.png,Juno,flurp,group,1,1,25976,2026-06-22T16:36:15.614Z,Younger,-1.7026270049751515,-1.0,1.0,1.0,1,5.420944558521561,DOB
TT093_1782146028308,,Soham,5,B,A,B,hmm1_boss,hmm1_close,boss_close,hmm1_boss,boss,hmm,group,individual,False,group,individual,Spinning_Hmm_1_b,Wren,spinning,Lumi,flurp,Flint,zazzo,"Hmm, Wugs must like to spin around before sitting down.","Hmm, Wren must like to spin around before sitting down.",wren.png,wren_spinning.png,orange11.png,green11.png,Lumi,flurp,group,1,1,27248,2026-06-22T16:37:16.838Z,Younger,-1.7026270049751515,-1.0,1.0,1.0,1,5.420944558521561,DOB
TT093_1782146028308,,Soham,5,B,A,B,hmm1_boss,hmm1_close,boss_close,hmm1_boss,boss,hmm,group,individual,True,individual,group,Backwards_Hmm_1_b,Theo,backwards,Cleo,flurp,Moss,zazzo,"Hmm, Theo must like to walk backwards.","Hmm, Wugs must like to walk backwards.",theo.png,theo_backwards.png,orange11.png,green10.png,Cleo,flurp,individual,2,0,13592,2026-06-22T16:38:04.878Z,Younger,-1.7026270049751515,-1.0,1.0,1.0,0,5.420944558521561,DOB
TT093_1782146028308,,Soham,5,B,A,B,hmm1_boss,hmm1_close,boss_close,hmm1_boss,boss,hmm,group,individual,False,group,individual,Rocks_Hmm_1_b,Sam,rocks,Nova,flurp,Finn,zazzo,"Hmm, Wugs must like to pick up rocks and put them in their pocket.","Hmm, Sam must like to pick up rocks and put them in their pocket.",sam.png,sam_rocks.png,orange3.png,green9.png,Finn,zazzo,individual,2,0,23016,2026-06-22T16:38:54.983Z,Younger,-1.7026270049751515,-1.0,1.0,1.0,0,5.420944558521561,DOB
TT093_1782146028308,,Soham,5,B,A,B,hmm1_boss,hmm1_close,boss_close,hmm1_boss,boss,hmm,group,individual,False,group,individual,Sniffing_Hmm_1_b,Arlo,sniffing,Cora,flurp,Beau,zazzo,"Hmm, Wugs must like to sniff things before touching them.","Hmm, Arlo must like to sniff things before touching them.",arlo.png,arlo_sniffing.png,orange11.png,green1.png,Beau,zazzo,individual,2,0,14000,2026-06-22T16:39:48.383Z,Younger,-1.7026270049751515,-1.0,1.0,1.0,0,5.420944558521561,DOB
TT093_1782146028308,,Soham,5,B,A,B,hmm1_boss,hmm1_close,boss_close,hmm1_boss,boss,hmm,group,individual,False,group,individual,Pinecones_Hmm_1_b,Blake,pinecones,Zara,flurp,Bryn,zazzo,"Hmm, Wugs must like to pile up pinecones into a tall tower.","Hmm, Blake must like to pile up pinecones into a tall tower.",blake.png,blake_pinecones.png,orange11.png,green12.png,Bryn,zazzo,individual,2,0,22584,2026-06-22T16:40:26.639Z,Younger,-1.7026270049751515,-1.0,1.0,1.0,0,5.420944558521561,DOB
TT093_1782146028308,,Soham,5,A,A,B,hmm1_boss,hmm1_close,boss_close,hmm1_close,close,hmm,group,individual,True,individual,group,Balls_Hmm_1,Alex,balls,Quinn,flurp,Drew,zazzo,"Hmm, Alex must like to bounce balls on their heads.","Hmm, Wugs must like to bounce balls on their heads.",alex.png,alex_ball.png,orange14.png,green10.png,Drew,zazzo,group,1,0,20743,2026-06-22T16:42:07.422Z,Younger,-1.7026270049751515,1.0,1.0,1.0,0,5.420944558521561,DOB
TT093_1782146028308,,Soham,5,A,A,B,hmm1_boss,hmm1_close,boss_close,hmm1_close,close,hmm,group,individual,False,group,individual,Night_Hmm_1,Casey,night,River,flurp,Morgan,zazzo,"Hmm, Wugs must like to stay up in the middle of the night.","Hmm, Casey must like to stay up in the middle of the night.",casey.png,casey_night.png,orange13.png,green.png,Morgan,zazzo,individual,2,1,20631,2026-06-22T16:43:01.159Z,Younger,-1.7026270049751515,1.0,1.0,1.0,1,5.420944558521561,DOB
TT093_1782146028308,,Soham,5,A,A,B,hmm1_boss,hmm1_close,boss_close,hmm1_close,close,hmm,group,individual,True,individual,group,Flowers_Hmm_1,Riley,flowers,Ash,flurp,Charlie,zazzo,"Hmm, Riley must like to eat flowers.","Hmm, Wugs must like to eat flowers.",riley.png,riley_flowers.png,orange11.png,green6.png,Ash,flurp,individual,2,1,14287,2026-06-22T16:43:46.894Z,Younger,-1.7026270049751515,1.0,1.0,1.0,1,5.420944558521561,DOB
TT093_1782146028308,,Soham,5,A,A,B,hmm1_boss,hmm1_close,boss_close,hmm1_close,close,hmm,group,individual,False,group,individual,Bugs_Hmm_1,Rowan,bugs,Emery,flurp,Jules,zazzo,"Hmm, Wugs must like to play with bugs.","Hmm, Rowan must like to play with bugs.",rowan.png,rowan_bugs.png,orange4.png,green1.png,Emery,flurp,group,1,0,10472,2026-06-22T16:44:09.822Z,Younger,-1.7026270049751515,1.0,1.0,1.0,0,5.420944558521561,DOB
TT093_1782146028308,,Soham,5,A,A,B,hmm1_boss,hmm1_close,boss_close,hmm1_close,close,hmm,group,individual,False,group,individual,Whisper_Hmm_1,Jordan,whisper,Skyler,flurp,Reese,zazzo,"Hmm, Wugs must like to whisper when they talk.","Hmm, Jordan must like to whisper when they talk.",jordan.png,jordan_whisper.png,orange8.png,green.png,Reese,zazzo,individual,2,1,12992,2026-06-22T16:44:49.581Z,Younger,-1.7026270049751515,1.0,1.0,1.0,1,5.420944558521561,DOB
TT093_1782146028308,,Soham,5,A,A,B,hmm1_boss,hmm1_close,boss_close,hmm1_close,close,hmm,group,individual,True,individual,group,Walls_Hmm_1,Taylor,walls,Finley,flurp,Robin,zazzo,"Hmm, Taylor must like to climb tall buildings.","Hmm, Wugs must like to climb tall buildings.",taylor.png,taylor_walls.png,orange7.png,green7.png,Finley,flurp,individual,2,1,19560,2026-06-22T16:45:36.140Z,Younger,-1.7026270049751515,1.0,1.0,1.0,1,5.420944558521561,DOB
TT093_1783090754524,,OWEN,7,A,B,A,yes2_boss,hmm1_close,boss_close,yes2_boss,boss,yes,individual,group,False,individual,group,Bugs_Yes_2_b,Rowan,bugs,Emery,flurp,Jules,zazzo,"Yes, Rowan likes to play with bugs.","Yes, Wugs like to play with bugs.",rowan.png,rowan_bugs.png,orange2.png,green12.png,Jules,zazzo,group,1,1,17655,2026-07-03T15:07:21.806Z,Older,0.6628760751069835,-1.0,-1.0,-1.0,1,7.786447638603696,DOB
TT093_1783090754524,,OWEN,7,A,B,A,yes2_boss,hmm1_close,boss_close,yes2_boss,boss,yes,individual,group,False,individual,group,Night_Yes_2_b,Casey,night,River,flurp,Morgan,zazzo,"Yes, Casey likes to stay up in the middle of the night.","Yes, Wugs like to stay up in the middle of the night.",casey.png,casey_night.png,orange4.png,green.png,River,flurp,individual,2,0,14846,2026-07-03T15:07:47.747Z,Older,0.6628760751069835,-1.0,-1.0,-1.0,0,7.786447638603696,DOB
TT093_1783090754524,,OWEN,7,A,B,A,yes2_boss,hmm1_close,boss_close,yes2_boss,boss,yes,individual,group,False,individual,group,Walls_Yes_2_b,Taylor,walls,Finley,flurp,Robin,zazzo,"Yes, Taylor likes to climb tall buildings.","Yes, Wugs like to climb tall buildings.",taylor.png,taylor_walls.png,orange9.png,green9.png,Finley,flurp,individual,2,0,16949,2026-07-03T15:08:46.095Z,Older,0.6628760751069835,-1.0,-1.0,-1.0,0,7.786447638603696,DOB
TT093_1783090754524,,OWEN,7,A,B,A,yes2_boss,hmm1_close,boss_close,yes2_boss,boss,yes,individual,group,False,individual,group,Whisper_Yes_2_b,Jordan,whisper,Skyler,flurp,Reese,zazzo,"Yes, Jordan likes to whisper when they talk.","Yes, Wugs like to whisper when they talk.",jordan.png,jordan_whisper.png,orange9.png,green.png,Skyler,flurp,individual,2,0,24358,2026-07-03T15:09:23.051Z,Older,0.6628760751069835,-1.0,-1.0,-1.0,0,7.786447638603696,DOB
TT093_1783090754524,,OWEN,7,A,B,A,yes2_boss,hmm1_close,boss_close,yes2_boss,boss,yes,individual,group,True,group,individual,Flowers_Yes_2_b,Riley,flowers,Ash,flurp,Charlie,zazzo,"Yes, Wugs like to eat flowers.","Yes, Riley likes to eat flowers.",riley.png,riley_flowers.png,orange10.png,green9.png,Charlie,zazzo,individual,2,0,13743,2026-07-03T15:10:19.080Z,Older,0.6628760751069835,-1.0,-1.0,-1.0,0,7.786447638603696,DOB
TT093_1783090754524,,OWEN,7,A,B,A,yes2_boss,hmm1_close,boss_close,yes2_boss,boss,yes,individual,group,False,individual,group,Balls_Yes_2_b,Alex,balls,Quinn,flurp,Drew,zazzo,"Yes, Alex likes to bounce balls on their heads.","Yes, Wugs like to bounce balls on their heads.",alex.png,alex_ball.png,orange6.png,green11.png,Quinn,flurp,individual,2,0,15762,2026-07-03T15:11:16.414Z,Older,0.6628760751069835,-1.0,-1.0,-1.0,0,7.786447638603696,DOB
TT093_1783090754524,,OWEN,7,B,B,A,yes2_boss,hmm1_close,boss_close,hmm1_close,close,hmm,group,individual,True,individual,group,Spinning_Hmm_1,Wren,spinning,Lumi,flurp,Flint,zazzo,"Hmm, Wren must like to spin around before sitting down.","Hmm, Wugs must like to spin around before sitting down.",wren.png,wren_spinning.png,orange9.png,green11.png,Lumi,flurp,individual,2,1,16487,2026-07-03T15:12:34.335Z,Older,0.6628760751069835,1.0,1.0,-1.0,1,7.786447638603696,DOB
TT093_1783090754524,,OWEN,7,B,B,A,yes2_boss,hmm1_close,boss_close,hmm1_close,close,hmm,group,individual,False,group,individual,Sniffing_Hmm_1,Arlo,sniffing,Cora,flurp,Beau,zazzo,"Hmm, Wugs must like to sniff things before touching them.","Hmm, Arlo must like to sniff things before touching them.",arlo.png,arlo_sniffing.png,orange4.png,green6.png,Beau,zazzo,individual,2,1,14738,2026-07-03T15:13:18.878Z,Older,0.6628760751069835,1.0,1.0,-1.0,1,7.786447638603696,DOB
TT093_1783090754524,,OWEN,7,B,B,A,yes2_boss,hmm1_close,boss_close,hmm1_close,close,hmm,group,individual,True,individual,group,Rocks_Hmm_1,Sam,rocks,Nova,flurp,Finn,zazzo,"Hmm, Sam must like to pick up rocks and put them in their pocket.","Hmm, Wugs must like to pick up rocks and put them in their pocket.",sam.png,sam_rocks.png,orange14.png,green2.png,Finn,zazzo,group,1,0,11218,2026-07-03T15:15:09.754Z,Older,0.6628760751069835,1.0,1.0,-1.0,0,7.786447638603696,DOB
TT093_1783090754524,,OWEN,7,B,B,A,yes2_boss,hmm1_close,boss_close,hmm1_close,close,hmm,group,individual,False,group,individual,Pinecones_Hmm_1,Blake,pinecones,Zara,flurp,Bryn,zazzo,"Hmm, Wugs must like to pile up pinecones into a tall tower.","Hmm, Blake must like to pile up pinecones into a tall tower.",blake.png,blake_pinecones.png,orange7.png,green12.png,Bryn,zazzo,individual,2,1,12702,2026-07-03T15:15:31.664Z,Older,0.6628760751069835,1.0,1.0,-1.0,1,7.786447638603696,DOB
TT093_1783090754524,,OWEN,7,B,B,A,yes2_boss,hmm1_close,boss_close,hmm1_close,close,hmm,group,individual,False,group,individual,Plants_Hmm_1,Sage,plants,Juno,flurp,Reed,zazzo,"Hmm, Wugs must like to talk to plants.","Hmm, Sage must like to talk to plants.",sage.png,sage_plants.png,orange6.png,green11.png,Juno,flurp,group,1,0,9345,2026-07-03T15:16:12.625Z,Older,0.6628760751069835,1.0,1.0,-1.0,0,7.786447638603696,DOB
TT093_1783090754524,,OWEN,7,B,B,A,yes2_boss,hmm1_close,boss_close,hmm1_close,close,hmm,group,individual,False,group,individual,Backwards_Hmm_1,Theo,backwards,Cleo,flurp,Moss,zazzo,"Hmm, Wugs must like to walk backwards.","Hmm, Theo must like to walk backwards.",theo.png,theo_backwards.png,orange4.png,green7.png,Moss,zazzo,individual,2,1,11054,2026-07-03T15:16:26.331Z,Older,0.6628760751069835,1.0,1.0,-1.0,1,7.786447638603696,DOB
TT093_1783283180623,,matteo,6,A,B,A,hmm2_boss,hmm1_close,boss_close,hmm2_boss,boss,hmm,individual,group,False,individual,group,Bugs_Hmm_2_b,Rowan,bugs,Emery,flurp,Jules,zazzo,"Hmm, Rowan must like to play with bugs.","Hmm, Wugs must like to play with bugs.",rowan.png,rowan_bugs.png,orange11.png,green1.png,Emery,flurp,individual,2,0,65465,2026-07-05T20:33:32.280Z,Younger,-0.5664189283153291,-1.0,1.0,1.0,0,6.557152635181383,DOB
TT093_1783283180623,,matteo,6,A,B,A,hmm2_boss,hmm1_close,boss_close,hmm2_boss,boss,hmm,individual,group,False,individual,group,Balls_Hmm_2_b,Alex,balls,Quinn,flurp,Drew,zazzo,"Hmm, Alex must like to bounce balls on their heads.","Hmm, Wugs must like to bounce balls on their heads.",alex.png,alex_ball.png,orange10.png,green7.png,Drew,zazzo,group,1,1,16858,2026-07-05T20:34:26.588Z,Younger,-0.5664189283153291,-1.0,1.0,1.0,1,6.557152635181383,DOB
TT093_1783283180623,,matteo,6,A,B,A,hmm2_boss,hmm1_close,boss_close,hmm2_boss,boss,hmm,individual,group,True,group,individual,Walls_Hmm_2_b,Taylor,walls,Finley,flurp,Robin,zazzo,"Hmm, Wugs must like to climb tall buildings.","Hmm, Taylor must like to climb tall buildings.",taylor.png,taylor_walls.png,orange9.png,green12.png,Finley,flurp,group,1,1,14456,2026-07-05T20:35:19.910Z,Younger,-0.5664189283153291,-1.0,1.0,1.0,1,6.557152635181383,DOB
TT093_1783283180623,,matteo,6,A,B,A,hmm2_boss,hmm1_close,boss_close,hmm2_boss,boss,hmm,individual,group,False,individual,group,Flowers_Hmm_2_b,Riley,flowers,Ash,flurp,Charlie,zazzo,"Hmm, Riley must like to eat flowers.","Hmm, Wugs must like to eat flowers.",riley.png,riley_flowers.png,orange4.png,green12.png,Charlie,zazzo,group,1,1,25281,2026-07-05T20:36:13.856Z,Younger,-0.5664189283153291,-1.0,1.0,1.0,1,6.557152635181383,DOB
TT093_1783283180623,,matteo,6,A,B,A,hmm2_boss,hmm1_close,boss_close,hmm2_boss,boss,hmm,individual,group,False,individual,group,Night_Hmm_2_b,Casey,night,River,flurp,Morgan,zazzo,"Hmm, Casey must like to stay up in the middle of the night.","Hmm, Wugs must like to stay up in the middle of the night.",casey.png,casey_night.png,orange7.png,green6.png,Morgan,zazzo,group,1,1,18624,2026-07-05T20:37:09.858Z,Younger,-0.5664189283153291,-1.0,1.0,1.0,1,6.557152635181383,DOB
TT093_1783283180623,,matteo,6,A,B,A,hmm2_boss,hmm1_close,boss_close,hmm2_boss,boss,hmm,individual,group,True,group,individual,Whisper_Hmm_2_b,Jordan,whisper,Skyler,flurp,Reese,zazzo,"Hmm, Wugs must like to whisper when they talk.","Hmm, Jordan must like to whisper when they talk.",jordan.png,jordan_whisper.png,orange11.png,green9.png,Reese,zazzo,individual,2,0,14636,2026-07-05T20:37:52.864Z,Younger,-0.5664189283153291,-1.0,1.0,1.0,0,6.557152635181383,DOB
TT093_1783283180623,,matteo,6,B,B,A,hmm2_boss,hmm1_close,boss_close,hmm1_close,close,hmm,group,individual,False,group,individual,Rocks_Hmm_1,Sam,rocks,Nova,flurp,Finn,zazzo,"Hmm, Wugs must like to pick up rocks and put them in their pocket.","Hmm, Sam must like to pick up rocks and put them in their pocket.",sam.png,sam_rocks.png,orange10.png,green6.png,Finn,zazzo,individual,2,1,18999,2026-07-05T20:39:21.701Z,Younger,-0.5664189283153291,1.0,1.0,1.0,1,6.557152635181383,DOB
TT093_1783283180623,,matteo,6,B,B,A,hmm2_boss,hmm1_close,boss_close,hmm1_close,close,hmm,group,individual,True,individual,group,Sniffing_Hmm_1,Arlo,sniffing,Cora,flurp,Beau,zazzo,"Hmm, Arlo must like to sniff things before touching them.","Hmm, Wugs must like to sniff things before touching them.",arlo.png,arlo_sniffing.png,orange9.png,green12.png,Beau,zazzo,group,1,0,16585,2026-07-05T20:40:05.346Z,Younger,-0.5664189283153291,1.0,1.0,1.0,0,6.557152635181383,DOB
TT093_1783283180623,,matteo,6,B,B,A,hmm2_boss,hmm1_close,boss_close,hmm1_close,close,hmm,group,individual,False,group,individual,Spinning_Hmm_1,Wren,spinning,Lumi,flurp,Flint,zazzo,"Hmm, Wugs must like to spin around before sitting down.","Hmm, Wren must like to spin around before sitting down.",wren.png,wren_spinning.png,orange3.png,green6.png,Lumi,flurp,group,1,0,18100,2026-07-05T20:41:04.150Z,Younger,-0.5664189283153291,1.0,1.0,1.0,0,6.557152635181383,DOB
TT093_1783283180623,,matteo,6,B,B,A,hmm2_boss,hmm1_close,boss_close,hmm1_close,close,hmm,group,individual,True,individual,group,Plants_Hmm_1,Sage,plants,Juno,flurp,Reed,zazzo,"Hmm, Sage must like to talk to plants.","Hmm, Wugs must like to talk to plants.",sage.png,sage_plants.png,orange8.png,green2.png,Juno,flurp,individual,2,1,13667,2026-07-05T20:41:44.312Z,Younger,-0.5664189283153291,1.0,1.0,1.0,1,6.557152635181383,DOB
TT093_1783283180623,,matteo,6,B,B,A,hmm2_boss,hmm1_close,boss_close,hmm1_close,close,hmm,group,individual,False,group,individual,Pinecones_Hmm_1,Blake,pinecones,Zara,flurp,Bryn,zazzo,"Hmm, Wugs must like to pile up pinecones into a tall tower.","Hmm, Blake must like to pile up pinecones into a tall tower.",blake.png,blake_pinecones.png,orange14.png,green2.png,Bryn,zazzo,individual,2,1,16887,2026-07-05T20:42:35.975Z,Younger,-0.5664189283153291,1.0,1.0,1.0,1,6.557152635181383,DOB
TT093_1783283180623,,matteo,6,B,B,A,hmm2_boss,hmm1_close,boss_close,hmm1_close,close,hmm,group,individual,True,individual,group,Backwards_Hmm_1,Theo,backwards,Cleo,flurp,Moss,zazzo,"Hmm, Theo must like to walk backwards.","Hmm, Wugs must like to walk backwards.",theo.png,theo_backwards.png,orange7.png,green9.png,Moss,zazzo,group,1,0,25532,2026-07-05T20:43:33.402Z,Younger,-0.5664189283153291,1.0,1.0,1.0,0,6.557152635181383,DOB
TT093_1784850112799,,Jubilee,5,A,A,B,hmm2_boss,hmm2_close,close_boss,hmm2_close,close,hmm,individual,group,True,group,individual,Flowers_Hmm_2,Riley,flowers,Ash,flurp,Charlie,zazzo,"Hmm, Wugs must like to eat flowers.","Hmm, Riley must like to eat flowers.",riley.png,riley_flowers.png,orange6.png,green12.png,Charlie,zazzo,individual,2,1,41341,2026-07-23T23:44:56.435Z,Younger,-1.9435578742427762,1.0,1.0,1.0,1,5.180013689253936,DOB
TT093_1784850112799,,Jubilee,5,A,A,B,hmm2_boss,hmm2_close,close_boss,hmm2_close,close,hmm,individual,group,False,individual,group,Balls_Hmm_2,Alex,balls,Quinn,flurp,Drew,zazzo,"Hmm, Alex must like to bounce balls on their heads.","Hmm, Wugs must like to bounce balls on their heads.",alex.png,alex_ball.png,orange4.png,green10.png,Drew,zazzo,group,1,0,22559,2026-07-23T23:45:49.489Z,Younger,-1.9435578742427762,1.0,1.0,1.0,0,5.180013689253936,DOB
TT093_1784850112799,,Jubilee,5,A,A,B,hmm2_boss,hmm2_close,close_boss,hmm2_close,close,hmm,individual,group,False,individual,group,Walls_Hmm_2,Taylor,walls,Finley,flurp,Robin,zazzo,"Hmm, Taylor must like to climb tall buildings.","Hmm, Wugs must like to climb tall buildings.",taylor.png,taylor_walls.png,orange15.png,green9.png,Robin,zazzo,group,1,0,18935,2026-07-23T23:46:39.961Z,Younger,-1.9435578742427762,1.0,1.0,1.0,0,5.180013689253936,DOB
TT093_1784850112799,,Jubilee,5,A,A,B,hmm2_boss,hmm2_close,close_boss,hmm2_close,close,hmm,individual,group,True,group,individual,Bugs_Hmm_2,Rowan,bugs,Emery,flurp,Jules,zazzo,"Hmm, Wugs must like to play with bugs.","Hmm, Rowan must like to play with bugs.",rowan.png,rowan_bugs.png,orange13.png,green2.png,Emery,flurp,group,1,0,23329,2026-07-23T23:47:30.370Z,Younger,-1.9435578742427762,1.0,1.0,1.0,0,5.180013689253936,DOB
TT093_1784850112799,,Jubilee,5,A,A,B,hmm2_boss,hmm2_close,close_boss,hmm2_close,close,hmm,individual,group,True,group,individual,Night_Hmm_2,Casey,night,River,flurp,Morgan,zazzo,"Hmm, Wugs must like to stay up in the middle of the night.","Hmm, Casey must like to stay up in the middle of the night.",casey.png,casey_night.png,orange14.png,green10.png,River,flurp,group,1,0,18592,2026-07-23T23:48:23.764Z,Younger,-1.9435578742427762,1.0,1.0,1.0,0,5.180013689253936,DOB
TT093_1784850112799,,Jubilee,5,A,A,B,hmm2_boss,hmm2_close,close_boss,hmm2_close,close,hmm,individual,group,False,individual,group,Whisper_Hmm_2,Jordan,whisper,Skyler,flurp,Reese,zazzo,"Hmm, Jordan must like to whisper when they talk.","Hmm, Wugs must like to whisper when they talk.",jordan.png,jordan_whisper.png,orange8.png,green12.png,Skyler,flurp,individual,2,1,16154,2026-07-23T23:49:23.231Z,Younger,-1.9435578742427762,1.0,1.0,1.0,1,5.180013689253936,DOB
TT093_1784850112799,,Jubilee,5,B,A,B,hmm2_boss,hmm2_close,close_boss,hmm2_boss,boss,hmm,individual,group,False,individual,group,Plants_Hmm_2_b,Sage,plants,Juno,flurp,Reed,zazzo,"Hmm, Sage must like to talk to plants.","Hmm, Wugs must like to talk to plants.",sage.png,sage_plants.png,orange3.png,green6.png,Juno,flurp,individual,2,0,28410,2026-07-23T23:50:57.458Z,Younger,-1.9435578742427762,-1.0,1.0,1.0,0,5.180013689253936,DOB
TT093_1784850112799,,Jubilee,5,B,A,B,hmm2_boss,hmm2_close,close_boss,hmm2_boss,boss,hmm,individual,group,False,individual,group,Backwards_Hmm_2_b,Theo,backwards,Cleo,flurp,Moss,zazzo,"Hmm, Theo must like to walk backwards.","Hmm, Wugs must like to walk backwards.",theo.png,theo_backwards.png,orange9.png,green.png,Cleo,flurp,individual,2,0,25137,2026-07-23T23:51:53.648Z,Younger,-1.9435578742427762,-1.0,1.0,1.0,0,5.180013689253936,DOB
TT093_1784850112799,,Jubilee,5,B,A,B,hmm2_boss,hmm2_close,close_boss,hmm2_boss,boss,hmm,individual,group,False,individual,group,Pinecones_Hmm_2_b,Blake,pinecones,Zara,flurp,Bryn,zazzo,"Hmm, Blake must like to pile up pinecones into a tall tower.","Hmm, Wugs must like to pile up pinecones into a tall tower.",blake.png,blake_pinecones.png,orange4.png,green.png,Zara,flurp,individual,2,0,21346,2026-07-23T23:52:50.029Z,Younger,-1.9435578742427762,-1.0,1.0,1.0,0,5.180013689253936,DOB
TT093_1784850112799,,Jubilee,5,B,A,B,hmm2_boss,hmm2_close,close_boss,hmm2_boss,boss,hmm,individual,group,False,individual,group,Rocks_Hmm_2_b,Sam,rocks,Nova,flurp,Finn,zazzo,"Hmm, Sam must like to pick up rocks and put them in their pocket.","Hmm, Wugs must like to pick up rocks and put them in their pocket.",sam.png,sam_rocks.png,orange10.png,green10.png,Nova,flurp,individual,2,0,21494,2026-07-23T23:53:39.070Z,Younger,-1.9435578742427762,-1.0,1.0,1.0,0,5.180013689253936,DOB
TT093_1784850112799,,Jubilee,5,B,A,B,hmm2_boss,hmm2_close,close_boss,hmm2_boss,boss,hmm,individual,group,False,individual,group,Spinning_Hmm_2_b,Wren,spinning,Lumi,flurp,Flint,zazzo,"Hmm, Wren must like to spin around before sitting down.","Hmm, Wugs must like to spin around before sitting down.",wren.png,wren_spinning.png,orange13.png,green7.png,Lumi,flurp,individual,2,0,26586,2026-07-23T23:54:43.924Z,Younger,-1.9435578742427762,-1.0,1.0,1.0,0,5.180013689253936,DOB
TT093_1784850112799,,Jubilee,5,B,A,B,hmm2_boss,hmm2_close,close_boss,hmm2_boss,boss,hmm,individual,group,False,individual,group,Sniffing_Hmm_2_b,Arlo,sniffing,Cora,flurp,Beau,zazzo,"Hmm, Arlo must like to sniff things before touching them.","Hmm, Wugs must like to sniff things before touching them.",arlo.png,arlo_sniffing.png,orange9.png,green10.png,Cora,flurp,individual,2,0,33892,2026-07-23T23:55:44.705Z,Younger,-1.9435578742427762,-1.0,1.0,1.0,0,5.180013689253936,DOB
TT094_1782500498851,,Gabriel,8,A,B,A,hmm1_boss,yes2_close,boss_close,hmm1_boss,boss,hmm,group,individual,True,individual,group,Flowers_Hmm_1_b,Riley,flowers,Ash,flurp,Charlie,zazzo,"Hmm, Riley must like to eat flowers.","Hmm, Wugs must like to eat flowers.",riley.png,riley_flowers.png,orange6.png,green9.png,Charlie,zazzo,group,1,1,17750,2026-06-26T19:03:50.064Z,Older,1.3747172797613292,-1.0,1.0,-1.0,1,8.498288843258042,DOB
TT094_1782500498851,,Gabriel,8,A,B,A,hmm1_boss,yes2_close,boss_close,hmm1_boss,boss,hmm,group,individual,True,individual,group,Whisper_Hmm_1_b,Jordan,whisper,Skyler,flurp,Reese,zazzo,"Hmm, Jordan must like to whisper when they talk.","Hmm, Wugs must like to whisper when they talk.",jordan.png,jordan_whisper.png,orange15.png,green7.png,Reese,zazzo,group,1,1,17384,2026-06-26T19:04:40.460Z,Older,1.3747172797613292,-1.0,1.0,-1.0,1,8.498288843258042,DOB
TT094_1782500498851,,Gabriel,8,A,B,A,hmm1_boss,yes2_close,boss_close,hmm1_boss,boss,hmm,group,individual,True,individual,group,Balls_Hmm_1_b,Alex,balls,Quinn,flurp,Drew,zazzo,"Hmm, Alex must like to bounce balls on their heads.","Hmm, Wugs must like to bounce balls on their heads.",alex.png,alex_ball.png,orange15.png,green2.png,Drew,zazzo,group,1,1,13297,2026-06-26T19:05:29.985Z,Older,1.3747172797613292,-1.0,1.0,-1.0,1,8.498288843258042,DOB
TT094_1782500498851,,Gabriel,8,A,B,A,hmm1_boss,yes2_close,boss_close,hmm1_boss,boss,hmm,group,individual,False,group,individual,Walls_Hmm_1_b,Taylor,walls,Finley,flurp,Robin,zazzo,"Hmm, Wugs must like to climb tall buildings.","Hmm, Taylor must like to climb tall buildings.",taylor.png,taylor_walls.png,orange8.png,green9.png,Robin,zazzo,individual,2,0,19062,2026-06-26T19:06:18.243Z,Older,1.3747172797613292,-1.0,1.0,-1.0,0,8.498288843258042,DOB
TT094_1782500498851,,Gabriel,8,A,B,A,hmm1_boss,yes2_close,boss_close,hmm1_boss,boss,hmm,group,individual,True,individual,group,Bugs_Hmm_1_b,Rowan,bugs,Emery,flurp,Jules,zazzo,"Hmm, Rowan must like to play with bugs.","Hmm, Wugs must like to play with bugs.",rowan.png,rowan_bugs.png,orange9.png,green11.png,Jules,zazzo,group,1,1,23759,2026-06-26T19:07:11.186Z,Older,1.3747172797613292,-1.0,1.0,-1.0,1,8.498288843258042,DOB
TT094_1782500498851,,Gabriel,8,A,B,A,hmm1_boss,yes2_close,boss_close,hmm1_boss,boss,hmm,group,individual,True,individual,group,Night_Hmm_1_b,Casey,night,River,flurp,Morgan,zazzo,"Hmm, Casey must like to stay up in the middle of the night.","Hmm, Wugs must like to stay up in the middle of the night.",casey.png,casey_night.png,orange13.png,green6.png,Morgan,zazzo,group,1,1,14952,2026-06-26T19:07:58.051Z,Older,1.3747172797613292,-1.0,1.0,-1.0,1,8.498288843258042,DOB
TT094_1782500498851,,Gabriel,8,B,B,A,hmm1_boss,yes2_close,boss_close,yes2_close,close,yes,individual,group,True,group,individual,Pinecones_Yes_2,Blake,pinecones,Zara,flurp,Bryn,zazzo,"Yes, Wugs like to pile up pinecones into a tall tower.","Yes, Blake likes to pile up pinecones into a tall tower.",blake.png,blake_pinecones.png,orange7.png,green6.png,Bryn,zazzo,individual,2,1,14843,2026-06-26T19:09:14.804Z,Older,1.3747172797613292,1.0,-1.0,-1.0,1,8.498288843258042,DOB
TT094_1782500498851,,Gabriel,8,B,B,A,hmm1_boss,yes2_close,boss_close,yes2_close,close,yes,individual,group,False,individual,group,Spinning_Yes_2,Wren,spinning,Lumi,flurp,Flint,zazzo,"Yes, Wren likes to spin around before sitting down.","Yes, Wugs like to spin around before sitting down.",wren.png,wren_spinning.png,orange11.png,green9.png,Flint,zazzo,group,1,0,10846,2026-06-26T19:09:57.437Z,Older,1.3747172797613292,1.0,-1.0,-1.0,0,8.498288843258042,DOB
TT094_1782500498851,,Gabriel,8,B,B,A,hmm1_boss,yes2_close,boss_close,yes2_close,close,yes,individual,group,False,individual,group,Backwards_Yes_2,Theo,backwards,Cleo,flurp,Moss,zazzo,"Yes, Theo likes to walk backwards.","Yes, Wugs like to walk backwards.",theo.png,theo_backwards.png,orange4.png,green6.png,Moss,zazzo,group,1,0,8375,2026-06-26T19:10:38.437Z,Older,1.3747172797613292,1.0,-1.0,-1.0,0,8.498288843258042,DOB
TT094_1782500498851,,Gabriel,8,B,B,A,hmm1_boss,yes2_close,boss_close,yes2_close,close,yes,individual,group,True,group,individual,Sniffing_Yes_2,Arlo,sniffing,Cora,flurp,Beau,zazzo,"Yes, Wugs like to sniff things before touching them.","Yes, Arlo likes to sniff things before touching them.",arlo.png,arlo_sniffing.png,orange3.png,green.png,Beau,zazzo,individual,2,1,12739,2026-06-26T19:11:20.701Z,Older,1.3747172797613292,1.0,-1.0,-1.0,1,8.498288843258042,DOB
TT094_1782500498851,,Gabriel,8,B,B,A,hmm1_boss,yes2_close,boss_close,yes2_close,close,yes,individual,group,False,individual,group,Plants_Yes_2,Sage,plants,Juno,flurp,Reed,zazzo,"Yes, Sage likes to talk to plants.","Yes, Wugs like to talk to plants.",sage.png,sage_plants.png,orange3.png,green9.png,Reed,zazzo,group,1,0,9847,2026-06-26T19:11:47.935Z,Older,1.3747172797613292,1.0,-1.0,-1.0,0,8.498288843258042,DOB
TT094_1782500498851,,Gabriel,8,B,B,A,hmm1_boss,yes2_close,boss_close,yes2_close,close,yes,individual,group,False,individual,group,Rocks_Yes_2,Sam,rocks,Nova,flurp,Finn,zazzo,"Yes, Sam likes to pick up rocks and put them in their pocket.","Yes, Wugs like to pick up rocks and put them in their pocket.",sam.png,sam_rocks.png,orange15.png,green12.png,Finn,zazzo,group,1,0,11612,2026-06-26T19:12:22.296Z,Older,1.3747172797613292,1.0,-1.0,-1.0,0,8.498288843258042,DOB
TT094_1783365963313,,Audra,5,A,A,B,yes2_boss,hmm2_close,close_boss,hmm2_close,close,hmm,individual,group,True,group,individual,Flowers_Hmm_2,Riley,flowers,Ash,flurp,Charlie,zazzo,"Hmm, Wugs must like to eat flowers.","Hmm, Riley must like to eat flowers.",riley.png,riley_flowers.png,orange4.png,green1.png,Charlie,zazzo,individual,2,1,15586,2026-07-06T19:28:36.832Z,Younger,-1.7765489762277182,1.0,1.0,1.0,1,5.347022587268994,DOB
TT094_1783365963313,,Audra,5,A,A,B,yes2_boss,hmm2_close,close_boss,hmm2_close,close,hmm,individual,group,True,group,individual,Whisper_Hmm_2,Jordan,whisper,Skyler,flurp,Reese,zazzo,"Hmm, Wugs must like to whisper when they talk.","Hmm, Jordan must like to whisper when they talk.",jordan.png,jordan_whisper.png,orange4.png,green6.png,Skyler,flurp,group,1,0,16418,2026-07-06T19:29:21.556Z,Younger,-1.7765489762277182,1.0,1.0,1.0,0,5.347022587268994,DOB
TT094_1783365963313,,Audra,5,A,A,B,yes2_boss,hmm2_close,close_boss,hmm2_close,close,hmm,individual,group,False,individual,group,Night_Hmm_2,Casey,night,River,flurp,Morgan,zazzo,"Hmm, Casey must like to stay up in the middle of the night.","Hmm, Wugs must like to stay up in the middle of the night.",casey.png,casey_night.png,orange15.png,green2.png,Morgan,zazzo,group,1,0,14820,2026-07-06T19:30:15.720Z,Younger,-1.7765489762277182,1.0,1.0,1.0,0,5.347022587268994,DOB
TT094_1783365963313,,Audra,5,A,A,B,yes2_boss,hmm2_close,close_boss,hmm2_close,close,hmm,individual,group,True,group,individual,Walls_Hmm_2,Taylor,walls,Finley,flurp,Robin,zazzo,"Hmm, Wugs must like to climb tall buildings.","Hmm, Taylor must like to climb tall buildings.",taylor.png,taylor_walls.png,orange15.png,green6.png,Robin,zazzo,individual,2,1,12594,2026-07-06T19:30:57.956Z,Younger,-1.7765489762277182,1.0,1.0,1.0,1,5.347022587268994,DOB
TT094_1783365963313,,Audra,5,A,A,B,yes2_boss,hmm2_close,close_boss,hmm2_close,close,hmm,individual,group,False,individual,group,Balls_Hmm_2,Alex,balls,Quinn,flurp,Drew,zazzo,"Hmm, Alex must like to bounce balls on their heads.","Hmm, Wugs must like to bounce balls on their heads.",alex.png,alex_ball.png,orange2.png,green2.png,Drew,zazzo,group,1,0,12332,2026-07-06T19:31:55.464Z,Younger,-1.7765489762277182,1.0,1.0,1.0,0,5.347022587268994,DOB
TT094_1783365963313,,Audra,5,A,A,B,yes2_boss,hmm2_close,close_boss,hmm2_close,close,hmm,individual,group,False,individual,group,Bugs_Hmm_2,Rowan,bugs,Emery,flurp,Jules,zazzo,"Hmm, Rowan must like to play with bugs.","Hmm, Wugs must like to play with bugs.",rowan.png,rowan_bugs.png,orange8.png,green10.png,Jules,zazzo,group,1,0,12827,2026-07-06T19:32:43.825Z,Younger,-1.7765489762277182,1.0,1.0,1.0,0,5.347022587268994,DOB
TT094_1783365963313,,Audra,5,B,A,B,yes2_boss,hmm2_close,close_boss,yes2_boss,boss,yes,individual,group,True,group,individual,Sniffing_Yes_2_b,Arlo,sniffing,Cora,flurp,Beau,zazzo,"Yes, Wugs like to sniff things before touching them.","Yes, Arlo likes to sniff things before touching them.",arlo.png,arlo_sniffing.png,orange14.png,green6.png,Cora,flurp,group,1,1,17714,2026-07-06T19:33:56.243Z,Younger,-1.7765489762277182,-1.0,-1.0,1.0,1,5.347022587268994,DOB
TT094_1783365963313,,Audra,5,B,A,B,yes2_boss,hmm2_close,close_boss,yes2_boss,boss,yes,individual,group,False,individual,group,Plants_Yes_2_b,Sage,plants,Juno,flurp,Reed,zazzo,"Yes, Sage likes to talk to plants.","Yes, Wugs like to talk to plants.",sage.png,sage_plants.png,orange10.png,green11.png,Juno,flurp,individual,2,0,13665,2026-07-06T19:34:20.075Z,Younger,-1.7765489762277182,-1.0,-1.0,1.0,0,5.347022587268994,DOB
TT094_1783365963313,,Audra,5,B,A,B,yes2_boss,hmm2_close,close_boss,yes2_boss,boss,yes,individual,group,True,group,individual,Pinecones_Yes_2_b,Blake,pinecones,Zara,flurp,Bryn,zazzo,"Yes, Wugs like to pile up pinecones into a tall tower.","Yes, Blake likes to pile up pinecones into a tall tower.",blake.png,blake_pinecones.png,orange6.png,green6.png,Zara,flurp,group,1,1,12146,2026-07-06T19:34:49.883Z,Younger,-1.7765489762277182,-1.0,-1.0,1.0,1,5.347022587268994,DOB
TT094_1783365963313,,Audra,5,B,A,B,yes2_boss,hmm2_close,close_boss,yes2_boss,boss,yes,individual,group,True,group,individual,Backwards_Yes_2_b,Theo,backwards,Cleo,flurp,Moss,zazzo,"Yes, Wugs like to walk backwards.","Yes, Theo likes to walk backwards.",theo.png,theo_backwards.png,orange15.png,green10.png,Moss,zazzo,individual,2,0,11704,2026-07-06T19:35:35.673Z,Younger,-1.7765489762277182,-1.0,-1.0,1.0,0,5.347022587268994,DOB
TT094_1783365963313,,Audra,5,B,A,B,yes2_boss,hmm2_close,close_boss,yes2_boss,boss,yes,individual,group,True,group,individual,Rocks_Yes_2_b,Sam,rocks,Nova,flurp,Finn,zazzo,"Yes, Wugs like to pick up rocks and put them in their pocket.","Yes, Sam likes to pick up rocks and put them in their pocket.",sam.png,sam_rocks.png,orange2.png,green10.png,Nova,flurp,group,1,1,14348,2026-07-06T19:36:29.543Z,Younger,-1.7765489762277182,-1.0,-1.0,1.0,1,5.347022587268994,DOB
TT094_1783365963313,,Audra,5,B,A,B,yes2_boss,hmm2_close,close_boss,yes2_boss,boss,yes,individual,group,True,group,individual,Spinning_Yes_2_b,Wren,spinning,Lumi,flurp,Flint,zazzo,"Yes, Wugs like to spin around before sitting down.","Yes, Wren likes to spin around before sitting down.",wren.png,wren_spinning.png,orange15.png,green9.png,Flint,zazzo,individual,2,0,9484,2026-07-06T19:36:48.623Z,Younger,-1.7765489762277182,-1.0,-1.0,1.0,0,5.347022587268994,DOB
TT094_1783443706310,,Walden,7,B,B,A,hmm1_boss,yes2_close,close_boss,yes2_close,close,yes,individual,group,False,individual,group,Pinecones_Yes_2,Blake,pinecones,Zara,flurp,Bryn,zazzo,"Yes, Blake likes to pile up pinecones into a tall tower.","Yes, Wugs like to pile up pinecones into a tall tower.",blake.png,blake_pinecones.png,orange6.png,green9.png,Zara,flurp,individual,2,1,21504,2026-07-07T17:04:39.317Z,Older,0.5068185802404539,1.0,-1.0,-1.0,1,7.630390143737166,DOB
TT094_1783443706310,,Walden,7,B,B,A,hmm1_boss,yes2_close,close_boss,yes2_close,close,yes,individual,group,False,individual,group,Sniffing_Yes_2,Arlo,sniffing,Cora,flurp,Beau,zazzo,"Yes, Arlo likes to sniff things before touching them.","Yes, Wugs like to sniff things before touching them.",arlo.png,arlo_sniffing.png,orange15.png,green.png,Beau,zazzo,group,1,0,13679,2026-07-07T17:05:24.941Z,Older,0.5068185802404539,1.0,-1.0,-1.0,0,7.630390143737166,DOB
TT094_1783443706310,,Walden,7,B,B,A,hmm1_boss,yes2_close,close_boss,yes2_close,close,yes,individual,group,False,individual,group,Plants_Yes_2,Sage,plants,Juno,flurp,Reed,zazzo,"Yes, Sage likes to talk to plants.","Yes, Wugs like to talk to plants.",sage.png,sage_plants.png,orange6.png,green9.png,Juno,flurp,individual,2,1,17270,2026-07-07T17:06:27.887Z,Older,0.5068185802404539,1.0,-1.0,-1.0,1,7.630390143737166,DOB
TT094_1783443706310,,Walden,7,B,B,A,hmm1_boss,yes2_close,close_boss,yes2_close,close,yes,individual,group,True,group,individual,Rocks_Yes_2,Sam,rocks,Nova,flurp,Finn,zazzo,"Yes, Wugs like to pick up rocks and put them in their pocket.","Yes, Sam likes to pick up rocks and put them in their pocket.",sam.png,sam_rocks.png,orange9.png,green7.png,Finn,zazzo,individual,2,1,11814,2026-07-07T17:07:14.383Z,Older,0.5068185802404539,1.0,-1.0,-1.0,1,7.630390143737166,DOB
TT094_1783443706310,,Walden,7,B,B,A,hmm1_boss,yes2_close,close_boss,yes2_close,close,yes,individual,group,False,individual,group,Spinning_Yes_2,Wren,spinning,Lumi,flurp,Flint,zazzo,"Yes, Wren likes to spin around before sitting down.","Yes, Wugs like to spin around before sitting down.",wren.png,wren_spinning.png,orange14.png,green10.png,Lumi,flurp,individual,2,1,10844,2026-07-07T17:08:04.697Z,Older,0.5068185802404539,1.0,-1.0,-1.0,1,7.630390143737166,DOB
TT094_1783443706310,,Walden,7,B,B,A,hmm1_boss,yes2_close,close_boss,yes2_close,close,yes,individual,group,False,individual,group,Backwards_Yes_2,Theo,backwards,Cleo,flurp,Moss,zazzo,"Yes, Theo likes to walk backwards.","Yes, Wugs like to walk backwards.",theo.png,theo_backwards.png,orange4.png,green12.png,Moss,zazzo,group,1,0,18690,2026-07-07T17:08:50.925Z,Older,0.5068185802404539,1.0,-1.0,-1.0,0,7.630390143737166,DOB
TT094_1783443706310,,Walden,7,A,B,A,hmm1_boss,yes2_close,close_boss,hmm1_boss,boss,hmm,group,individual,False,group,individual,Night_Hmm_1_b,Casey,night,River,flurp,Morgan,zazzo,"Hmm, Wugs must like to stay up in the middle of the night.","Hmm, Casey must like to stay up in the middle of the night.",casey.png,casey_night.png,orange8.png,green11.png,Morgan,zazzo,individual,2,0,15601,2026-07-07T17:09:47.286Z,Older,0.5068185802404539,-1.0,1.0,-1.0,0,7.630390143737166,DOB
TT094_1783443706310,,Walden,7,A,B,A,hmm1_boss,yes2_close,close_boss,hmm1_boss,boss,hmm,group,individual,False,group,individual,Walls_Hmm_1_b,Taylor,walls,Finley,flurp,Robin,zazzo,"Hmm, Wugs must like to climb tall buildings.","Hmm, Taylor must like to climb tall buildings.",taylor.png,taylor_walls.png,orange11.png,green12.png,Robin,zazzo,individual,2,0,10612,2026-07-07T17:10:28.000Z,Older,0.5068185802404539,-1.0,1.0,-1.0,0,7.630390143737166,DOB
TT094_1783443706310,,Walden,7,A,B,A,hmm1_boss,yes2_close,close_boss,hmm1_boss,boss,hmm,group,individual,True,individual,group,Flowers_Hmm_1_b,Riley,flowers,Ash,flurp,Charlie,zazzo,"Hmm, Riley must like to eat flowers.","Hmm, Wugs must like to eat flowers.",riley.png,riley_flowers.png,orange6.png,green11.png,Ash,flurp,individual,2,0,10058,2026-07-07T17:11:15.323Z,Older,0.5068185802404539,-1.0,1.0,-1.0,0,7.630390143737166,DOB
TT094_1783443706310,,Walden,7,A,B,A,hmm1_boss,yes2_close,close_boss,hmm1_boss,boss,hmm,group,individual,False,group,individual,Balls_Hmm_1_b,Alex,balls,Quinn,flurp,Drew,zazzo,"Hmm, Wugs must like to bounce balls on their heads.","Hmm, Alex must like to bounce balls on their heads.",alex.png,alex_ball.png,orange10.png,green1.png,Drew,zazzo,individual,2,0,13009,2026-07-07T17:12:02.572Z,Older,0.5068185802404539,-1.0,1.0,-1.0,0,7.630390143737166,DOB
TT094_1783443706310,,Walden,7,A,B,A,hmm1_boss,yes2_close,close_boss,hmm1_boss,boss,hmm,group,individual,True,individual,group,Bugs_Hmm_1_b,Rowan,bugs,Emery,flurp,Jules,zazzo,"Hmm, Rowan must like to play with bugs.","Hmm, Wugs must like to play with bugs.",rowan.png,rowan_bugs.png,orange15.png,green10.png,Emery,flurp,individual,2,0,13960,2026-07-07T17:12:41.140Z,Older,0.5068185802404539,-1.0,1.0,-1.0,0,7.630390143737166,DOB
TT094_1783443706310,,Walden,7,A,B,A,hmm1_boss,yes2_close,close_boss,hmm1_boss,boss,hmm,group,individual,True,individual,group,Whisper_Hmm_1_b,Jordan,whisper,Skyler,flurp,Reese,zazzo,"Hmm, Jordan must like to whisper when they talk.","Hmm, Wugs must like to whisper when they talk.",jordan.png,jordan_whisper.png,orange13.png,green12.png,Skyler,flurp,individual,2,0,17058,2026-07-07T17:13:30.445Z,Older,0.5068185802404539,-1.0,1.0,-1.0,0,7.630390143737166,DOB
TT095_1782425269794,,shalini,8,B,B,A,yes2_boss,hmm1_close,close_boss,hmm1_close,close,hmm,group,individual,False,group,individual,Spinning_Hmm_1,Wren,spinning,Lumi,flurp,Flint,zazzo,"Hmm, Wugs must like to spin around before sitting down.","Hmm, Wren must like to spin around before sitting down.",wren.png,wren_spinning.png,orange3.png,green12.png,Flint,zazzo,individual,2,1,36798,2026-06-25T22:13:52.245Z,Older,1.3764284365032875,1.0,1.0,-1.0,1,8.5,reported+0.5
TT095_1782425269794,,shalini,8,B,B,A,yes2_boss,hmm1_close,close_boss,hmm1_close,close,hmm,group,individual,False,group,individual,Backwards_Hmm_1,Theo,backwards,Cleo,flurp,Moss,zazzo,"Hmm, Wugs must like to walk backwards.","Hmm, Theo must like to walk backwards.",theo.png,theo_backwards.png,orange6.png,green6.png,Cleo,flurp,group,1,0,18232,2026-06-25T22:14:48.943Z,Older,1.3764284365032875,1.0,1.0,-1.0,0,8.5,reported+0.5
TT095_1782425269794,,shalini,8,B,B,A,yes2_boss,hmm1_close,close_boss,hmm1_close,close,hmm,group,individual,False,group,individual,Sniffing_Hmm_1,Arlo,sniffing,Cora,flurp,Beau,zazzo,"Hmm, Wugs must like to sniff things before touching them.","Hmm, Arlo must like to sniff things before touching them.",arlo.png,arlo_sniffing.png,orange3.png,green11.png,Cora,flurp,group,1,0,20667,2026-06-25T22:15:51.308Z,Older,1.3764284365032875,1.0,1.0,-1.0,0,8.5,reported+0.5
TT095_1782425269794,,shalini,8,B,B,A,yes2_boss,hmm1_close,close_boss,hmm1_close,close,hmm,group,individual,False,group,individual,Plants_Hmm_1,Sage,plants,Juno,flurp,Reed,zazzo,"Hmm, Wugs must like to talk to plants.","Hmm, Sage must like to talk to plants.",sage.png,sage_plants.png,orange3.png,green2.png,Juno,flurp,group,1,0,43032,2026-06-25T22:17:05.272Z,Older,1.3764284365032875,1.0,1.0,-1.0,0,8.5,reported+0.5
TT095_1782425269794,,shalini,8,B,B,A,yes2_boss,hmm1_close,close_boss,hmm1_close,close,hmm,group,individual,True,individual,group,Rocks_Hmm_1,Sam,rocks,Nova,flurp,Finn,zazzo,"Hmm, Sam must like to pick up rocks and put them in their pocket.","Hmm, Wugs must like to pick up rocks and put them in their pocket.",sam.png,sam_rocks.png,orange4.png,green10.png,Nova,flurp,individual,2,1,20699,2026-06-25T22:18:03.270Z,Older,1.3764284365032875,1.0,1.0,-1.0,1,8.5,reported+0.5
TT095_1782425269794,,shalini,8,B,B,A,yes2_boss,hmm1_close,close_boss,hmm1_close,close,hmm,group,individual,False,group,individual,Pinecones_Hmm_1,Blake,pinecones,Zara,flurp,Bryn,zazzo,"Hmm, Wugs must like to pile up pinecones into a tall tower.","Hmm, Blake must like to pile up pinecones into a tall tower.",blake.png,blake_pinecones.png,orange7.png,green9.png,Bryn,zazzo,individual,2,1,19665,2026-06-25T22:19:09.801Z,Older,1.3764284365032875,1.0,1.0,-1.0,1,8.5,reported+0.5
TT095_1782425269794,,shalini,8,A,B,A,yes2_boss,hmm1_close,close_boss,yes2_boss,boss,yes,individual,group,True,group,individual,Night_Yes_2_b,Casey,night,River,flurp,Morgan,zazzo,"Yes, Wugs like to stay up in the middle of the night.","Yes, Casey likes to stay up in the middle of the night.",casey.png,casey_night.png,orange9.png,green1.png,Morgan,zazzo,individual,2,0,24266,2026-06-25T22:21:05.897Z,Older,1.3764284365032875,-1.0,-1.0,-1.0,0,8.5,reported+0.5
TT095_1782425269794,,shalini,8,A,B,A,yes2_boss,hmm1_close,close_boss,yes2_boss,boss,yes,individual,group,False,individual,group,Balls_Yes_2_b,Alex,balls,Quinn,flurp,Drew,zazzo,"Yes, Alex likes to bounce balls on their heads.","Yes, Wugs like to bounce balls on their heads.",alex.png,alex_ball.png,orange2.png,green9.png,Quinn,flurp,individual,2,0,68037,2026-06-25T22:23:33.063Z,Older,1.3764284365032875,-1.0,-1.0,-1.0,0,8.5,reported+0.5
TT098_1781998891844,,vera,8,A,B,A,yes2_boss,yes2_close,boss_close,yes2_boss,boss,yes,individual,group,False,individual,group,Night_Yes_2_b,Casey,night,River,flurp,Morgan,zazzo,"Yes, Casey likes to stay up in the middle of the night.","Yes, Wugs like to stay up in the middle of the night.",casey.png,casey_night.png,orange7.png,green6.png,Morgan,zazzo,group,1,1,24101,2026-06-20T23:45:02.252Z,Older,0.9968938711371003,-1.0,-1.0,-1.0,1,8.120465434633813,DOB
TT098_1781998891844,,vera,8,A,B,A,yes2_boss,yes2_close,boss_close,yes2_boss,boss,yes,individual,group,True,group,individual,Flowers_Yes_2_b,Riley,flowers,Ash,flurp,Charlie,zazzo,"Yes, Wugs like to eat flowers.","Yes, Riley likes to eat flowers.",riley.png,riley_flowers.png,orange4.png,green2.png,Charlie,zazzo,individual,2,0,27634,2026-06-20T23:45:59.869Z,Older,0.9968938711371003,-1.0,-1.0,-1.0,0,8.120465434633813,DOB
TT098_1781998891844,,vera,8,A,B,A,yes2_boss,yes2_close,boss_close,yes2_boss,boss,yes,individual,group,False,individual,group,Bugs_Yes_2_b,Rowan,bugs,Emery,flurp,Jules,zazzo,"Yes, Rowan likes to play with bugs.","Yes, Wugs like to play with bugs.",rowan.png,rowan_bugs.png,orange2.png,green6.png,Emery,flurp,individual,2,0,15267,2026-06-20T23:46:45.602Z,Older,0.9968938711371003,-1.0,-1.0,-1.0,0,8.120465434633813,DOB
TT098_1781998891844,,vera,8,A,B,A,yes2_boss,yes2_close,boss_close,yes2_boss,boss,yes,individual,group,True,group,individual,Whisper_Yes_2_b,Jordan,whisper,Skyler,flurp,Reese,zazzo,"Yes, Wugs like to whisper when they talk.","Yes, Jordan likes to whisper when they talk.",jordan.png,jordan_whisper.png,orange8.png,green7.png,Reese,zazzo,individual,2,0,15034,2026-06-20T23:47:36.953Z,Older,0.9968938711371003,-1.0,-1.0,-1.0,0,8.120465434633813,DOB
TT098_1781998891844,,vera,8,A,B,A,yes2_boss,yes2_close,boss_close,yes2_boss,boss,yes,individual,group,True,group,individual,Walls_Yes_2_b,Taylor,walls,Finley,flurp,Robin,zazzo,"Yes, Wugs like to climb tall buildings.","Yes, Taylor likes to climb tall buildings.",taylor.png,taylor_walls.png,orange4.png,green6.png,Robin,zazzo,individual,2,0,13800,2026-06-20T23:48:22.536Z,Older,0.9968938711371003,-1.0,-1.0,-1.0,0,8.120465434633813,DOB
TT098_1781998891844,,vera,8,A,B,A,yes2_boss,yes2_close,boss_close,yes2_boss,boss,yes,individual,group,True,group,individual,Balls_Yes_2_b,Alex,balls,Quinn,flurp,Drew,zazzo,"Yes, Wugs like to bounce balls on their heads.","Yes, Alex likes to bounce balls on their heads.",alex.png,alex_ball.png,orange13.png,green9.png,Quinn,flurp,group,1,1,44017,2026-06-20T23:49:38.687Z,Older,0.9968938711371003,-1.0,-1.0,-1.0,1,8.120465434633813,DOB
TT098_1781998891844,,vera,8,B,B,A,yes2_boss,yes2_close,boss_close,yes2_close,close,yes,individual,group,True,group,individual,Pinecones_Yes_2,Blake,pinecones,Zara,flurp,Bryn,zazzo,"Yes, Wugs like to pile up pinecones into a tall tower.","Yes, Blake likes to pile up pinecones into a tall tower.",blake.png,blake_pinecones.png,orange8.png,green.png,Bryn,zazzo,individual,2,1,18167,2026-06-20T23:51:01.271Z,Older,0.9968938711371003,1.0,-1.0,-1.0,1,8.120465434633813,DOB
TT098_1781998891844,,vera,8,B,B,A,yes2_boss,yes2_close,boss_close,yes2_close,close,yes,individual,group,False,individual,group,Plants_Yes_2,Sage,plants,Juno,flurp,Reed,zazzo,"Yes, Sage likes to talk to plants.","Yes, Wugs like to talk to plants.",sage.png,sage_plants.png,orange8.png,green11.png,Juno,flurp,individual,2,1,12183,2026-06-20T23:51:41.471Z,Older,0.9968938711371003,1.0,-1.0,-1.0,1,8.120465434633813,DOB
TT098_1781998891844,,vera,8,B,B,A,yes2_boss,yes2_close,boss_close,yes2_close,close,yes,individual,group,False,individual,group,Backwards_Yes_2,Theo,backwards,Cleo,flurp,Moss,zazzo,"Yes, Theo likes to walk backwards.","Yes, Wugs like to walk backwards.",theo.png,theo_backwards.png,orange8.png,green1.png,Cleo,flurp,individual,2,1,15949,2026-06-20T23:52:31.072Z,Older,0.9968938711371003,1.0,-1.0,-1.0,1,8.120465434633813,DOB
TT098_1781998891844,,vera,8,B,B,A,yes2_boss,yes2_close,boss_close,yes2_close,close,yes,individual,group,False,individual,group,Rocks_Yes_2,Sam,rocks,Nova,flurp,Finn,zazzo,"Yes, Sam likes to pick up rocks and put them in their pocket.","Yes, Wugs like to pick up rocks and put them in their pocket.",sam.png,sam_rocks.png,orange2.png,green1.png,Nova,flurp,individual,2,1,20134,2026-06-20T23:53:20.372Z,Older,0.9968938711371003,1.0,-1.0,-1.0,1,8.120465434633813,DOB
TT098_1781998891844,,vera,8,B,B,A,yes2_boss,yes2_close,boss_close,yes2_close,close,yes,individual,group,False,individual,group,Spinning_Yes_2,Wren,spinning,Lumi,flurp,Flint,zazzo,"Yes, Wren likes to spin around before sitting down.","Yes, Wugs like to spin around before sitting down.",wren.png,wren_spinning.png,orange4.png,green9.png,Lumi,flurp,individual,2,1,14849,2026-06-20T23:54:07.555Z,Older,0.9968938711371003,1.0,-1.0,-1.0,1,8.120465434633813,DOB
TT098_1781998891844,,vera,8,B,B,A,yes2_boss,yes2_close,boss_close,yes2_close,close,yes,individual,group,False,individual,group,Sniffing_Yes_2,Arlo,sniffing,Cora,flurp,Beau,zazzo,"Yes, Arlo likes to sniff things before touching them.","Yes, Wugs like to sniff things before touching them.",arlo.png,arlo_sniffing.png,orange14.png,green1.png,Cora,flurp,individual,2,1,14401,2026-06-20T23:54:46.673Z,Older,0.9968938711371003,1.0,-1.0,-1.0,1,8.120465434633813,DOB
