questionType,epistemic,n_trials,n_hyp,p,p_value
close,hmm,66,24,0.36363636363636365,0.03558272445223179
close,yes,96,57,0.59375,0.08219306855694328
boss,hmm,72,34,0.4722222222222222,0.7239481457469152
boss,yes,90,40,0.4444444444444444,0.34283311942078865
