questionType,epistemic,n_trials,n_indiv,p,p_value
close,hmm,78,30,0.38461538461538464,0.9846067520893
close,yes,96,57,0.59375,0.04109653427847164
boss,hmm,78,43,0.5512820512820513,0.8459158840281596
boss,yes,96,51,0.53125,0.7624239750067137
