questionType,epistemic,n_participants,mean_p,sd_p,se_p,ci_lo,ci_hi
close,hmm,6,0.4166666666666667,0.3118047822311618,0.12729376930432892,0.167170878830182,0.6661624545031514
close,yes,6,0.7222222222222222,0.13608276348795437,0.05555555555555557,0.6133333333333333,0.8311111111111111
boss,hmm,4,0.5,0.4082482904638631,0.20412414523193154,0.09991667534541421,0.9000833246545858
boss,yes,8,0.3541666666666667,0.2736800936326821,0.09676052504171938,0.16451603758489672,0.5438172957484366
