questionType,epistemic,n_participants,mean_p,sd_p,se_p,ci_lo,ci_hi
close,hmm,11,0.36363636363636365,0.28692025429242934,0.08650971165830423,0.19407732878608736,0.53319539848664
close,yes,16,0.59375,0.29794823065114545,0.07448705766278636,0.44775536698093876,0.7397446330190612
boss,hmm,12,0.4722222222222222,0.34694433324435553,0.10015420209622196,0.27591998611362717,0.6685244583308172
boss,yes,15,0.4444444444444444,0.24933774718103188,0.06437872949420079,0.3182621346358109,0.570626754253078
