questionType,epistemic,n_participants,mean_p,sd_p,se_p,ci_lo,ci_hi
close,hmm,13,0.38461538461538464,0.29957234475763905,0.08308641921035718,0.22176600296308455,0.5474647662676847
close,yes,16,0.59375,0.2719528145346787,0.06798820363366967,0.4604931208780074,0.7270068791219926
boss,hmm,13,0.5512820512820513,0.29957234475763905,0.08308641921035718,0.3884326696297512,0.7141314329343514
boss,yes,16,0.53125,0.2736498844495631,0.06841247111239078,0.3971615566197141,0.6653384433802859
