questionType,epistemic,n,mean_p,alt,t_stat,df,p_value
close,hmm,13,0.38461538461538464,greater,-1.388730149658827,12,0.9049242846884756
close,yes,16,0.59375,greater,1.378915679330765,15,0.0940685310915043
boss,hmm,13,0.5512820512820513,less,0.6172133998483681,12,0.7256866360387455
boss,yes,16,0.53125,less,0.4567880605958705,15,0.6728157797480192
