questionType,epistemic,n,mean_p,t_stat,df,p_value
close,hmm,6,0.4166666666666667,-0.654653670707977,5,0.5416045607931204
close,yes,6,0.7222222222222222,3.999999999999999,5,0.010323415480831464
boss,hmm,4,0.5,0,3,1
boss,yes,8,0.3541666666666667,-1.5071573172061192,7,0.1754994493585012
