questionType,epistemic,n,mean_p,t_stat,df,p_value
close,hmm,11,0.36363636363636365,-1.576281249234132,10,0.14603929396786886
close,yes,16,0.59375,1.2586079104429089,15,0.22740922683646897
boss,hmm,12,0.4722222222222222,-0.27735009811261463,11,0.7866543165971919
boss,yes,15,0.4444444444444444,-0.8629489272626917,14,0.4027069486657876
