effect,group,term,estimate,std.error,statistic,p.value,conf.low,conf.high
fixed,NA,(Intercept),0.2267798905628878,0.17268750874935454,1.3132385324525417,0.18910258364283375,-0.11168140716579247,0.5652411882915681
fixed,NA,qtype_cboss_vs_close,0.013463537456282587,0.10181545731261664,0.1322347098529825,0.8947986476802497,-0.18609109194592124,0.21301816685848643
fixed,NA,epist_cyes_vs_hmm,-0.02442236529874406,0.1241915026679767,-0.19665085592882087,0.8441007703056237,-0.26783323771388834,0.21898850711640025
fixed,NA,age_c,0.17703405171565922,0.15327989364577055,1.1549724331410647,0.24810171543929754,-0.12338901938418084,0.4774571228154993
fixed,NA,qtype_cboss_vs_close:epist_cyes_vs_hmm,-0.23652685896932213,0.12575868600106166,-1.8807993824563765,0.059999214214289324,-0.48300935427448444,0.009955636335840151
ran_pars,participantId,sd__(Intercept),0.8543810815439848,NA,NA,NA,NA,NA
