effect,group,term,estimate,std.error,statistic,p.value,conf.low,conf.high
fixed,NA,(Intercept),-0.1293471480752921,0.11732624031477747,-1.1024571121367517,0.27026299399565196,-0.3593023535337472,0.100608057383163
fixed,NA,qtype_cboss_vs_close,0.03761595378609657,0.11483330573166337,0.32757006816468054,0.7432367564376914,-0.18745318967364055,0.26268509724583367
fixed,NA,epist_cyes_vs_hmm,-0.20393950930197746,0.11644543488483787,-1.751374019116073,0.07988150525253765,-0.43216836784036367,0.02428934923640874
fixed,NA,age_c,0.13778015167407004,0.1372829056537869,1.0036220534371347,0.3155608205466505,-0.13128939910036236,0.40684970244850244
fixed,NA,qtype_cboss_vs_close:epist_cyes_vs_hmm,-0.2738206181847238,0.11930506794266339,-2.2951298122248986,0.02172568604246271,-0.5076542545254481,-0.03998698184399946
ran_pars,participantId,sd__(Intercept),0.12484588514990581,NA,NA,NA,NA,NA
